ISO-10303-21;
HEADER;
/* Generated by software containing ST-Developer
 * from STEP Tools, Inc. (www.steptools.com) 
 */

FILE_DESCRIPTION(
/* description */ (
'CAx-IF Rec.Pracs.---Representation and Presentation of Product Manufa
cturing Information (PMI)---4.0---2014-10-13',
'CAx-IF Rec.Pracs.---3D Tessellated Geometry---0.4---2014-09-14','2;1'),

/* implementation_level */ '2;1');

FILE_NAME(
/* name */ '1541_Blende',
/* time_stamp */ '2026-06-01T09:52:18+02:00',
/* author */ (''),
/* organization */ (''),
/* preprocessor_version */ 'ST-DEVELOPER v16.7',
/* originating_system */ $,
/* authorisation */ $);

FILE_SCHEMA (('AP242_MANAGED_MODEL_BASED_3D_ENGINEERING_MIM_LF { 1 0 10303 442 20130219 1 4 }'));
ENDSEC;

DATA;
#10=PROPERTY_DEFINITION_REPRESENTATION(#14,#12);
#11=PROPERTY_DEFINITION_REPRESENTATION(#15,#13);
#12=REPRESENTATION('',(#16),#10835);
#13=REPRESENTATION('',(#17),#10835);
#14=PROPERTY_DEFINITION('pmi validation property','',#10840);
#15=PROPERTY_DEFINITION('pmi validation property','',#10840);
#16=VALUE_REPRESENTATION_ITEM('number of annotations',COUNT_MEASURE(0.));
#17=VALUE_REPRESENTATION_ITEM('number of views',COUNT_MEASURE(8.));
#18=CAMERA_MODEL_D3('Top',#7201,#26);
#19=CAMERA_MODEL_D3('Front',#7203,#27);
#20=CAMERA_MODEL_D3('Right',#7205,#28);
#21=CAMERA_MODEL_D3('Back',#7207,#29);
#22=CAMERA_MODEL_D3('Bottom',#7209,#30);
#23=CAMERA_MODEL_D3('Left',#7211,#31);
#24=CAMERA_MODEL_D3('Isometric',#7213,#32);
#25=CAMERA_MODEL_D3('Trimetric',#7215,#33);
#26=VIEW_VOLUME(.PARALLEL.,#10811,0.,0.,.F.,0.,.F.,.F.,#34);
#27=VIEW_VOLUME(.PARALLEL.,#10814,0.,0.,.F.,0.,.F.,.F.,#35);
#28=VIEW_VOLUME(.PARALLEL.,#10817,0.,0.,.F.,0.,.F.,.F.,#36);
#29=VIEW_VOLUME(.PARALLEL.,#10820,0.,0.,.F.,0.,.F.,.F.,#37);
#30=VIEW_VOLUME(.PARALLEL.,#10823,0.,0.,.F.,0.,.F.,.F.,#38);
#31=VIEW_VOLUME(.PARALLEL.,#10826,0.,0.,.F.,0.,.F.,.F.,#39);
#32=VIEW_VOLUME(.PARALLEL.,#10829,0.,0.,.F.,0.,.F.,.F.,#40);
#33=VIEW_VOLUME(.PARALLEL.,#10832,0.,0.,.F.,0.,.F.,.F.,#41);
#34=PLANAR_BOX('',0.0852016207281276,0.0852016207281276,#7202);
#35=PLANAR_BOX('',0.0852016207281276,0.0852016207281276,#7204);
#36=PLANAR_BOX('',0.0245574595546801,0.0245574595546801,#7206);
#37=PLANAR_BOX('',0.0852016207281276,0.0852016207281276,#7208);
#38=PLANAR_BOX('',0.0852016207281276,0.0852016207281276,#7210);
#39=PLANAR_BOX('',0.0245574595546801,0.0245574595546801,#7212);
#40=PLANAR_BOX('',0.0978493066326655,0.0978493066326655,#7214);
#41=PLANAR_BOX('',0.0747493432188475,0.0747493432188475,#7216);
#42=DRAUGHTING_MODEL('Top',(#18),#10835);
#43=DRAUGHTING_MODEL('Front',(#19),#10835);
#44=DRAUGHTING_MODEL('Right',(#20),#10835);
#45=DRAUGHTING_MODEL('Back',(#21),#10835);
#46=DRAUGHTING_MODEL('Bottom',(#22),#10835);
#47=DRAUGHTING_MODEL('Left',(#23),#10835);
#48=DRAUGHTING_MODEL('Isometric',(#24),#10835);
#49=DRAUGHTING_MODEL('Trimetric',(#25),#10835);
#50=SHAPE_REPRESENTATION_RELATIONSHIP('','',#6781,#51);
#51=ADVANCED_BREP_SHAPE_REPRESENTATION('',(#6779),#10835);
#52=ORIENTED_CLOSED_SHELL('',*,#6770,.F.);
#53=CYLINDRICAL_SURFACE('',#6853,5.12595872705393);
#54=CYLINDRICAL_SURFACE('',#6856,5.12595872705393);
#55=CYLINDRICAL_SURFACE('',#7115,3.5);
#56=CYLINDRICAL_SURFACE('',#7151,1.30000000000001);
#57=CYLINDRICAL_SURFACE('',#7154,1.30000000000001);
#58=CYLINDRICAL_SURFACE('',#7157,1.3);
#59=CYLINDRICAL_SURFACE('',#7160,1.3);
#60=CYLINDRICAL_SURFACE('',#7183,2.3);
#61=CYLINDRICAL_SURFACE('',#7186,2.3);
#62=CYLINDRICAL_SURFACE('',#7191,1.7);
#63=CYLINDRICAL_SURFACE('',#7192,1.7);
#64=CYLINDRICAL_SURFACE('',#7193,1.7);
#65=CYLINDRICAL_SURFACE('',#7194,1.7);
#66=CIRCLE('',#6843,1.7);
#67=CIRCLE('',#6844,1.7);
#68=CIRCLE('',#6854,5.12595872705393);
#69=CIRCLE('',#6855,5.12595872705393);
#70=CIRCLE('',#6857,5.12595872705393);
#71=CIRCLE('',#6858,5.12595872705393);
#72=CIRCLE('',#6891,3.5);
#73=CIRCLE('',#6904,3.5);
#74=CIRCLE('',#6911,1.7);
#75=CIRCLE('',#6912,1.7);
#76=CIRCLE('',#6926,1.7);
#77=CIRCLE('',#6927,1.7);
#78=CIRCLE('',#6931,1.7);
#79=CIRCLE('',#6932,1.7);
#80=CIRCLE('',#7133,1.3);
#81=CIRCLE('',#7139,1.3);
#82=CIRCLE('',#7144,1.30000000000001);
#83=CIRCLE('',#7150,1.30000000000001);
#84=CIRCLE('',#7152,1.30000000000001);
#85=CIRCLE('',#7155,1.30000000000001);
#86=CIRCLE('',#7158,1.3);
#87=CIRCLE('',#7161,1.3);
#88=CIRCLE('',#7176,2.3);
#89=CIRCLE('',#7182,2.3);
#90=CIRCLE('',#7184,2.3);
#91=CIRCLE('',#7187,2.3);
#92=B_SPLINE_CURVE_WITH_KNOTS('',3,(#9101,#9102,#9103,#9104),
 .UNSPECIFIED.,.F.,.F.,(4,4),(0.,0.0823717047654651),.UNSPECIFIED.);
#93=B_SPLINE_CURVE_WITH_KNOTS('',3,(#9239,#9240,#9241,#9242),
 .UNSPECIFIED.,.F.,.F.,(4,4),(0.,0.0823717047654903),.UNSPECIFIED.);
#94=ORIENTED_EDGE('',*,*,#1918,.F.);
#95=ORIENTED_EDGE('',*,*,#1919,.F.);
#96=ORIENTED_EDGE('',*,*,#1920,.F.);
#97=ORIENTED_EDGE('',*,*,#1921,.T.);
#98=ORIENTED_EDGE('',*,*,#1919,.T.);
#99=ORIENTED_EDGE('',*,*,#1922,.T.);
#100=ORIENTED_EDGE('',*,*,#1923,.F.);
#101=ORIENTED_EDGE('',*,*,#1924,.T.);
#102=ORIENTED_EDGE('',*,*,#1925,.F.);
#103=ORIENTED_EDGE('',*,*,#1926,.T.);
#104=ORIENTED_EDGE('',*,*,#1927,.T.);
#105=ORIENTED_EDGE('',*,*,#1928,.F.);
#106=ORIENTED_EDGE('',*,*,#1929,.F.);
#107=ORIENTED_EDGE('',*,*,#1930,.T.);
#108=ORIENTED_EDGE('',*,*,#1931,.F.);
#109=ORIENTED_EDGE('',*,*,#1932,.F.);
#110=ORIENTED_EDGE('',*,*,#1933,.F.);
#111=ORIENTED_EDGE('',*,*,#1934,.F.);
#112=ORIENTED_EDGE('',*,*,#1935,.F.);
#113=ORIENTED_EDGE('',*,*,#1936,.T.);
#114=ORIENTED_EDGE('',*,*,#1937,.T.);
#115=ORIENTED_EDGE('',*,*,#1938,.F.);
#116=ORIENTED_EDGE('',*,*,#1939,.T.);
#117=ORIENTED_EDGE('',*,*,#1923,.T.);
#118=ORIENTED_EDGE('',*,*,#1940,.T.);
#119=ORIENTED_EDGE('',*,*,#1935,.T.);
#120=ORIENTED_EDGE('',*,*,#1941,.T.);
#121=ORIENTED_EDGE('',*,*,#1942,.F.);
#122=ORIENTED_EDGE('',*,*,#1943,.T.);
#123=ORIENTED_EDGE('',*,*,#1944,.T.);
#124=ORIENTED_EDGE('',*,*,#1945,.T.);
#125=ORIENTED_EDGE('',*,*,#1946,.F.);
#126=ORIENTED_EDGE('',*,*,#1944,.F.);
#127=ORIENTED_EDGE('',*,*,#1947,.T.);
#128=ORIENTED_EDGE('',*,*,#1948,.F.);
#129=ORIENTED_EDGE('',*,*,#1949,.T.);
#130=ORIENTED_EDGE('',*,*,#1948,.T.);
#131=ORIENTED_EDGE('',*,*,#1950,.T.);
#132=ORIENTED_EDGE('',*,*,#1951,.T.);
#133=ORIENTED_EDGE('',*,*,#1952,.F.);
#134=ORIENTED_EDGE('',*,*,#1953,.F.);
#135=ORIENTED_EDGE('',*,*,#1954,.F.);
#136=ORIENTED_EDGE('',*,*,#1955,.T.);
#137=ORIENTED_EDGE('',*,*,#1956,.T.);
#138=ORIENTED_EDGE('',*,*,#1927,.F.);
#139=ORIENTED_EDGE('',*,*,#1957,.T.);
#140=ORIENTED_EDGE('',*,*,#1958,.T.);
#141=ORIENTED_EDGE('',*,*,#1959,.F.);
#142=ORIENTED_EDGE('',*,*,#1960,.F.);
#143=ORIENTED_EDGE('',*,*,#1961,.T.);
#144=ORIENTED_EDGE('',*,*,#1962,.F.);
#145=ORIENTED_EDGE('',*,*,#1963,.T.);
#146=ORIENTED_EDGE('',*,*,#1964,.F.);
#147=ORIENTED_EDGE('',*,*,#1965,.T.);
#148=ORIENTED_EDGE('',*,*,#1966,.F.);
#149=ORIENTED_EDGE('',*,*,#1967,.F.);
#150=ORIENTED_EDGE('',*,*,#1968,.F.);
#151=ORIENTED_EDGE('',*,*,#1969,.T.);
#152=ORIENTED_EDGE('',*,*,#1970,.F.);
#153=ORIENTED_EDGE('',*,*,#1971,.F.);
#154=ORIENTED_EDGE('',*,*,#1972,.F.);
#155=ORIENTED_EDGE('',*,*,#1973,.T.);
#156=ORIENTED_EDGE('',*,*,#1934,.T.);
#157=ORIENTED_EDGE('',*,*,#1974,.T.);
#158=ORIENTED_EDGE('',*,*,#1975,.F.);
#159=ORIENTED_EDGE('',*,*,#1976,.T.);
#160=ORIENTED_EDGE('',*,*,#1972,.T.);
#161=ORIENTED_EDGE('',*,*,#1977,.T.);
#162=ORIENTED_EDGE('',*,*,#1978,.F.);
#163=ORIENTED_EDGE('',*,*,#1979,.T.);
#164=ORIENTED_EDGE('',*,*,#1975,.T.);
#165=ORIENTED_EDGE('',*,*,#1980,.T.);
#166=ORIENTED_EDGE('',*,*,#1981,.F.);
#167=ORIENTED_EDGE('',*,*,#1982,.T.);
#168=ORIENTED_EDGE('',*,*,#1978,.T.);
#169=ORIENTED_EDGE('',*,*,#1983,.T.);
#170=ORIENTED_EDGE('',*,*,#1984,.F.);
#171=ORIENTED_EDGE('',*,*,#1985,.T.);
#172=ORIENTED_EDGE('',*,*,#1981,.T.);
#173=ORIENTED_EDGE('',*,*,#1986,.T.);
#174=ORIENTED_EDGE('',*,*,#1964,.T.);
#175=ORIENTED_EDGE('',*,*,#1987,.T.);
#176=ORIENTED_EDGE('',*,*,#1984,.T.);
#177=ORIENTED_EDGE('',*,*,#1988,.T.);
#178=ORIENTED_EDGE('',*,*,#1989,.F.);
#179=ORIENTED_EDGE('',*,*,#1990,.T.);
#180=ORIENTED_EDGE('',*,*,#1960,.T.);
#181=ORIENTED_EDGE('',*,*,#1991,.F.);
#182=ORIENTED_EDGE('',*,*,#1992,.F.);
#183=ORIENTED_EDGE('',*,*,#1993,.T.);
#184=ORIENTED_EDGE('',*,*,#1989,.T.);
#185=ORIENTED_EDGE('',*,*,#1994,.F.);
#186=ORIENTED_EDGE('',*,*,#1995,.T.);
#187=ORIENTED_EDGE('',*,*,#1992,.T.);
#188=ORIENTED_EDGE('',*,*,#1996,.F.);
#189=ORIENTED_EDGE('',*,*,#1997,.F.);
#190=ORIENTED_EDGE('',*,*,#1998,.T.);
#191=ORIENTED_EDGE('',*,*,#1994,.T.);
#192=ORIENTED_EDGE('',*,*,#1999,.F.);
#193=ORIENTED_EDGE('',*,*,#2000,.F.);
#194=ORIENTED_EDGE('',*,*,#2001,.T.);
#195=ORIENTED_EDGE('',*,*,#1997,.T.);
#196=ORIENTED_EDGE('',*,*,#2002,.F.);
#197=ORIENTED_EDGE('',*,*,#2003,.T.);
#198=ORIENTED_EDGE('',*,*,#2000,.T.);
#199=ORIENTED_EDGE('',*,*,#2004,.F.);
#200=ORIENTED_EDGE('',*,*,#2005,.T.);
#201=ORIENTED_EDGE('',*,*,#2002,.T.);
#202=ORIENTED_EDGE('',*,*,#2006,.T.);
#203=ORIENTED_EDGE('',*,*,#1952,.T.);
#204=ORIENTED_EDGE('',*,*,#2007,.T.);
#205=ORIENTED_EDGE('',*,*,#2004,.T.);
#206=ORIENTED_EDGE('',*,*,#1937,.F.);
#207=ORIENTED_EDGE('',*,*,#2008,.T.);
#208=ORIENTED_EDGE('',*,*,#1942,.T.);
#209=ORIENTED_EDGE('',*,*,#2009,.F.);
#210=ORIENTED_EDGE('',*,*,#2010,.T.);
#211=ORIENTED_EDGE('',*,*,#2011,.T.);
#212=ORIENTED_EDGE('',*,*,#2012,.T.);
#213=ORIENTED_EDGE('',*,*,#2013,.F.);
#214=ORIENTED_EDGE('',*,*,#2014,.F.);
#215=ORIENTED_EDGE('',*,*,#2015,.T.);
#216=ORIENTED_EDGE('',*,*,#2016,.F.);
#217=ORIENTED_EDGE('',*,*,#2017,.F.);
#218=ORIENTED_EDGE('',*,*,#2018,.F.);
#219=ORIENTED_EDGE('',*,*,#2019,.T.);
#220=ORIENTED_EDGE('',*,*,#2020,.T.);
#221=ORIENTED_EDGE('',*,*,#2021,.T.);
#222=ORIENTED_EDGE('',*,*,#2022,.T.);
#223=ORIENTED_EDGE('',*,*,#2023,.F.);
#224=ORIENTED_EDGE('',*,*,#2024,.F.);
#225=ORIENTED_EDGE('',*,*,#2025,.T.);
#226=ORIENTED_EDGE('',*,*,#2009,.T.);
#227=ORIENTED_EDGE('',*,*,#2026,.T.);
#228=ORIENTED_EDGE('',*,*,#2027,.F.);
#229=ORIENTED_EDGE('',*,*,#2028,.T.);
#230=ORIENTED_EDGE('',*,*,#2024,.T.);
#231=ORIENTED_EDGE('',*,*,#2029,.T.);
#232=ORIENTED_EDGE('',*,*,#2030,.F.);
#233=ORIENTED_EDGE('',*,*,#2031,.T.);
#234=ORIENTED_EDGE('',*,*,#2027,.T.);
#235=ORIENTED_EDGE('',*,*,#2032,.T.);
#236=ORIENTED_EDGE('',*,*,#2033,.F.);
#237=ORIENTED_EDGE('',*,*,#2034,.T.);
#238=ORIENTED_EDGE('',*,*,#2030,.T.);
#239=ORIENTED_EDGE('',*,*,#2035,.T.);
#240=ORIENTED_EDGE('',*,*,#2036,.F.);
#241=ORIENTED_EDGE('',*,*,#2037,.T.);
#242=ORIENTED_EDGE('',*,*,#2033,.T.);
#243=ORIENTED_EDGE('',*,*,#2038,.T.);
#244=ORIENTED_EDGE('',*,*,#1932,.T.);
#245=ORIENTED_EDGE('',*,*,#2039,.T.);
#246=ORIENTED_EDGE('',*,*,#2036,.T.);
#247=ORIENTED_EDGE('',*,*,#2040,.T.);
#248=ORIENTED_EDGE('',*,*,#1946,.T.);
#249=ORIENTED_EDGE('',*,*,#2041,.T.);
#250=ORIENTED_EDGE('',*,*,#1938,.T.);
#251=ORIENTED_EDGE('',*,*,#2042,.F.);
#252=ORIENTED_EDGE('',*,*,#2043,.T.);
#253=ORIENTED_EDGE('',*,*,#1954,.T.);
#254=ORIENTED_EDGE('',*,*,#2044,.F.);
#255=ORIENTED_EDGE('',*,*,#2045,.T.);
#256=ORIENTED_EDGE('',*,*,#2042,.T.);
#257=ORIENTED_EDGE('',*,*,#2046,.F.);
#258=ORIENTED_EDGE('',*,*,#2047,.F.);
#259=ORIENTED_EDGE('',*,*,#2048,.T.);
#260=ORIENTED_EDGE('',*,*,#2044,.T.);
#261=ORIENTED_EDGE('',*,*,#2049,.F.);
#262=ORIENTED_EDGE('',*,*,#2050,.T.);
#263=ORIENTED_EDGE('',*,*,#2047,.T.);
#264=ORIENTED_EDGE('',*,*,#2051,.F.);
#265=ORIENTED_EDGE('',*,*,#2052,.T.);
#266=ORIENTED_EDGE('',*,*,#2049,.T.);
#267=ORIENTED_EDGE('',*,*,#2053,.T.);
#268=ORIENTED_EDGE('',*,*,#2054,.F.);
#269=ORIENTED_EDGE('',*,*,#2055,.T.);
#270=ORIENTED_EDGE('',*,*,#2051,.T.);
#271=ORIENTED_EDGE('',*,*,#2056,.T.);
#272=ORIENTED_EDGE('',*,*,#2057,.F.);
#273=ORIENTED_EDGE('',*,*,#2058,.T.);
#274=ORIENTED_EDGE('',*,*,#2054,.T.);
#275=ORIENTED_EDGE('',*,*,#2013,.T.);
#276=ORIENTED_EDGE('',*,*,#2059,.T.);
#277=ORIENTED_EDGE('',*,*,#2057,.T.);
#278=ORIENTED_EDGE('',*,*,#2060,.T.);
#279=ORIENTED_EDGE('',*,*,#1930,.F.);
#280=ORIENTED_EDGE('',*,*,#2061,.F.);
#281=ORIENTED_EDGE('',*,*,#2062,.T.);
#282=ORIENTED_EDGE('',*,*,#1920,.T.);
#283=ORIENTED_EDGE('',*,*,#1924,.F.);
#284=ORIENTED_EDGE('',*,*,#1941,.F.);
#285=ORIENTED_EDGE('',*,*,#1939,.F.);
#286=ORIENTED_EDGE('',*,*,#2041,.F.);
#287=ORIENTED_EDGE('',*,*,#1945,.F.);
#288=ORIENTED_EDGE('',*,*,#1949,.F.);
#289=ORIENTED_EDGE('',*,*,#1956,.F.);
#290=ORIENTED_EDGE('',*,*,#2063,.F.);
#291=ORIENTED_EDGE('',*,*,#2064,.F.);
#292=ORIENTED_EDGE('',*,*,#2065,.T.);
#293=ORIENTED_EDGE('',*,*,#2066,.T.);
#294=ORIENTED_EDGE('',*,*,#2067,.T.);
#295=ORIENTED_EDGE('',*,*,#2068,.T.);
#296=ORIENTED_EDGE('',*,*,#2069,.T.);
#297=ORIENTED_EDGE('',*,*,#2070,.F.);
#298=ORIENTED_EDGE('',*,*,#2071,.F.);
#299=ORIENTED_EDGE('',*,*,#2072,.T.);
#300=ORIENTED_EDGE('',*,*,#2073,.F.);
#301=ORIENTED_EDGE('',*,*,#2074,.F.);
#302=ORIENTED_EDGE('',*,*,#2075,.F.);
#303=ORIENTED_EDGE('',*,*,#2076,.T.);
#304=ORIENTED_EDGE('',*,*,#2071,.T.);
#305=ORIENTED_EDGE('',*,*,#2077,.F.);
#306=ORIENTED_EDGE('',*,*,#2078,.T.);
#307=ORIENTED_EDGE('',*,*,#2079,.T.);
#308=ORIENTED_EDGE('',*,*,#2080,.F.);
#309=ORIENTED_EDGE('',*,*,#2081,.T.);
#310=ORIENTED_EDGE('',*,*,#2075,.T.);
#311=ORIENTED_EDGE('',*,*,#2082,.T.);
#312=ORIENTED_EDGE('',*,*,#2083,.F.);
#313=ORIENTED_EDGE('',*,*,#2084,.T.);
#314=ORIENTED_EDGE('',*,*,#2085,.F.);
#315=ORIENTED_EDGE('',*,*,#2086,.F.);
#316=ORIENTED_EDGE('',*,*,#2087,.T.);
#317=ORIENTED_EDGE('',*,*,#2083,.T.);
#318=ORIENTED_EDGE('',*,*,#2088,.T.);
#319=ORIENTED_EDGE('',*,*,#2089,.T.);
#320=ORIENTED_EDGE('',*,*,#2090,.F.);
#321=ORIENTED_EDGE('',*,*,#2019,.F.);
#322=ORIENTED_EDGE('',*,*,#2091,.T.);
#323=ORIENTED_EDGE('',*,*,#2092,.F.);
#324=ORIENTED_EDGE('',*,*,#2093,.T.);
#325=ORIENTED_EDGE('',*,*,#2094,.F.);
#326=ORIENTED_EDGE('',*,*,#2095,.F.);
#327=ORIENTED_EDGE('',*,*,#2096,.F.);
#328=ORIENTED_EDGE('',*,*,#2097,.T.);
#329=ORIENTED_EDGE('',*,*,#2017,.T.);
#330=ORIENTED_EDGE('',*,*,#2098,.F.);
#331=ORIENTED_EDGE('',*,*,#2099,.F.);
#332=ORIENTED_EDGE('',*,*,#2100,.F.);
#333=ORIENTED_EDGE('',*,*,#2085,.T.);
#334=ORIENTED_EDGE('',*,*,#2101,.T.);
#335=ORIENTED_EDGE('',*,*,#2092,.T.);
#336=ORIENTED_EDGE('',*,*,#2102,.T.);
#337=ORIENTED_EDGE('',*,*,#2103,.F.);
#338=ORIENTED_EDGE('',*,*,#2104,.T.);
#339=ORIENTED_EDGE('',*,*,#2096,.T.);
#340=ORIENTED_EDGE('',*,*,#2105,.T.);
#341=ORIENTED_EDGE('',*,*,#2106,.F.);
#342=ORIENTED_EDGE('',*,*,#2094,.T.);
#343=ORIENTED_EDGE('',*,*,#2107,.T.);
#344=ORIENTED_EDGE('',*,*,#2103,.T.);
#345=ORIENTED_EDGE('',*,*,#2108,.F.);
#346=ORIENTED_EDGE('',*,*,#2073,.T.);
#347=ORIENTED_EDGE('',*,*,#2109,.T.);
#348=ORIENTED_EDGE('',*,*,#2080,.T.);
#349=ORIENTED_EDGE('',*,*,#2110,.T.);
#350=ORIENTED_EDGE('',*,*,#2111,.F.);
#351=ORIENTED_EDGE('',*,*,#2112,.T.);
#352=ORIENTED_EDGE('',*,*,#2113,.F.);
#353=ORIENTED_EDGE('',*,*,#2114,.T.);
#354=ORIENTED_EDGE('',*,*,#2115,.T.);
#355=ORIENTED_EDGE('',*,*,#2116,.T.);
#356=ORIENTED_EDGE('',*,*,#2117,.F.);
#357=ORIENTED_EDGE('',*,*,#2118,.F.);
#358=ORIENTED_EDGE('',*,*,#2119,.T.);
#359=ORIENTED_EDGE('',*,*,#2120,.F.);
#360=ORIENTED_EDGE('',*,*,#2121,.T.);
#361=ORIENTED_EDGE('',*,*,#2122,.F.);
#362=ORIENTED_EDGE('',*,*,#2123,.T.);
#363=ORIENTED_EDGE('',*,*,#2124,.T.);
#364=ORIENTED_EDGE('',*,*,#2125,.T.);
#365=ORIENTED_EDGE('',*,*,#2126,.T.);
#366=ORIENTED_EDGE('',*,*,#2127,.T.);
#367=ORIENTED_EDGE('',*,*,#2128,.F.);
#368=ORIENTED_EDGE('',*,*,#2129,.F.);
#369=ORIENTED_EDGE('',*,*,#2130,.T.);
#370=ORIENTED_EDGE('',*,*,#2131,.F.);
#371=ORIENTED_EDGE('',*,*,#2132,.F.);
#372=ORIENTED_EDGE('',*,*,#2133,.F.);
#373=ORIENTED_EDGE('',*,*,#2134,.T.);
#374=ORIENTED_EDGE('',*,*,#2135,.F.);
#375=ORIENTED_EDGE('',*,*,#2136,.F.);
#376=ORIENTED_EDGE('',*,*,#2137,.F.);
#377=ORIENTED_EDGE('',*,*,#2138,.F.);
#378=ORIENTED_EDGE('',*,*,#2139,.F.);
#379=ORIENTED_EDGE('',*,*,#2124,.F.);
#380=ORIENTED_EDGE('',*,*,#2140,.F.);
#381=ORIENTED_EDGE('',*,*,#2141,.T.);
#382=ORIENTED_EDGE('',*,*,#2142,.T.);
#383=ORIENTED_EDGE('',*,*,#2125,.F.);
#384=ORIENTED_EDGE('',*,*,#2142,.F.);
#385=ORIENTED_EDGE('',*,*,#2143,.T.);
#386=ORIENTED_EDGE('',*,*,#2144,.T.);
#387=ORIENTED_EDGE('',*,*,#2126,.F.);
#388=ORIENTED_EDGE('',*,*,#2144,.F.);
#389=ORIENTED_EDGE('',*,*,#2145,.T.);
#390=ORIENTED_EDGE('',*,*,#2146,.T.);
#391=ORIENTED_EDGE('',*,*,#2127,.F.);
#392=ORIENTED_EDGE('',*,*,#2146,.F.);
#393=ORIENTED_EDGE('',*,*,#2147,.T.);
#394=ORIENTED_EDGE('',*,*,#2140,.T.);
#395=ORIENTED_EDGE('',*,*,#2148,.F.);
#396=ORIENTED_EDGE('',*,*,#2149,.F.);
#397=ORIENTED_EDGE('',*,*,#2150,.F.);
#398=ORIENTED_EDGE('',*,*,#2115,.F.);
#399=ORIENTED_EDGE('',*,*,#2151,.T.);
#400=ORIENTED_EDGE('',*,*,#2152,.F.);
#401=ORIENTED_EDGE('',*,*,#2153,.T.);
#402=ORIENTED_EDGE('',*,*,#2154,.F.);
#403=ORIENTED_EDGE('',*,*,#2155,.F.);
#404=ORIENTED_EDGE('',*,*,#2156,.F.);
#405=ORIENTED_EDGE('',*,*,#2157,.T.);
#406=ORIENTED_EDGE('',*,*,#2158,.T.);
#407=ORIENTED_EDGE('',*,*,#2159,.F.);
#408=ORIENTED_EDGE('',*,*,#2160,.F.);
#409=ORIENTED_EDGE('',*,*,#2161,.F.);
#410=ORIENTED_EDGE('',*,*,#2162,.F.);
#411=ORIENTED_EDGE('',*,*,#2163,.T.);
#412=ORIENTED_EDGE('',*,*,#2164,.F.);
#413=ORIENTED_EDGE('',*,*,#2165,.T.);
#414=ORIENTED_EDGE('',*,*,#2166,.T.);
#415=ORIENTED_EDGE('',*,*,#2167,.T.);
#416=ORIENTED_EDGE('',*,*,#2168,.F.);
#417=ORIENTED_EDGE('',*,*,#2169,.F.);
#418=ORIENTED_EDGE('',*,*,#2021,.F.);
#419=ORIENTED_EDGE('',*,*,#2170,.F.);
#420=ORIENTED_EDGE('',*,*,#2171,.T.);
#421=ORIENTED_EDGE('',*,*,#2162,.T.);
#422=ORIENTED_EDGE('',*,*,#2172,.F.);
#423=ORIENTED_EDGE('',*,*,#2173,.F.);
#424=ORIENTED_EDGE('',*,*,#2174,.T.);
#425=ORIENTED_EDGE('',*,*,#2170,.T.);
#426=ORIENTED_EDGE('',*,*,#2175,.F.);
#427=ORIENTED_EDGE('',*,*,#2176,.F.);
#428=ORIENTED_EDGE('',*,*,#2177,.T.);
#429=ORIENTED_EDGE('',*,*,#2173,.T.);
#430=ORIENTED_EDGE('',*,*,#2178,.F.);
#431=ORIENTED_EDGE('',*,*,#2179,.F.);
#432=ORIENTED_EDGE('',*,*,#2180,.T.);
#433=ORIENTED_EDGE('',*,*,#2176,.T.);
#434=ORIENTED_EDGE('',*,*,#2181,.F.);
#435=ORIENTED_EDGE('',*,*,#2182,.F.);
#436=ORIENTED_EDGE('',*,*,#2183,.T.);
#437=ORIENTED_EDGE('',*,*,#2179,.T.);
#438=ORIENTED_EDGE('',*,*,#2184,.F.);
#439=ORIENTED_EDGE('',*,*,#2185,.T.);
#440=ORIENTED_EDGE('',*,*,#2186,.T.);
#441=ORIENTED_EDGE('',*,*,#2164,.T.);
#442=ORIENTED_EDGE('',*,*,#2020,.F.);
#443=ORIENTED_EDGE('',*,*,#2090,.T.);
#444=ORIENTED_EDGE('',*,*,#2187,.T.);
#445=ORIENTED_EDGE('',*,*,#2159,.T.);
#446=ORIENTED_EDGE('',*,*,#2188,.T.);
#447=ORIENTED_EDGE('',*,*,#2168,.T.);
#448=ORIENTED_EDGE('',*,*,#2189,.T.);
#449=ORIENTED_EDGE('',*,*,#2190,.T.);
#450=ORIENTED_EDGE('',*,*,#2191,.T.);
#451=ORIENTED_EDGE('',*,*,#2192,.T.);
#452=ORIENTED_EDGE('',*,*,#2193,.T.);
#453=ORIENTED_EDGE('',*,*,#2182,.T.);
#454=ORIENTED_EDGE('',*,*,#2194,.T.);
#455=ORIENTED_EDGE('',*,*,#2190,.F.);
#456=ORIENTED_EDGE('',*,*,#2195,.F.);
#457=ORIENTED_EDGE('',*,*,#2153,.F.);
#458=ORIENTED_EDGE('',*,*,#2196,.F.);
#459=ORIENTED_EDGE('',*,*,#2194,.F.);
#460=ORIENTED_EDGE('',*,*,#2184,.T.);
#461=ORIENTED_EDGE('',*,*,#2181,.T.);
#462=ORIENTED_EDGE('',*,*,#2178,.T.);
#463=ORIENTED_EDGE('',*,*,#2175,.T.);
#464=ORIENTED_EDGE('',*,*,#2172,.T.);
#465=ORIENTED_EDGE('',*,*,#2161,.T.);
#466=ORIENTED_EDGE('',*,*,#2197,.T.);
#467=ORIENTED_EDGE('',*,*,#2198,.T.);
#468=ORIENTED_EDGE('',*,*,#2199,.T.);
#469=ORIENTED_EDGE('',*,*,#2200,.T.);
#470=ORIENTED_EDGE('',*,*,#2095,.T.);
#471=ORIENTED_EDGE('',*,*,#2110,.F.);
#472=ORIENTED_EDGE('',*,*,#2082,.F.);
#473=ORIENTED_EDGE('',*,*,#2079,.F.);
#474=ORIENTED_EDGE('',*,*,#2201,.T.);
#475=ORIENTED_EDGE('',*,*,#2202,.F.);
#476=ORIENTED_EDGE('',*,*,#2203,.T.);
#477=ORIENTED_EDGE('',*,*,#2204,.T.);
#478=ORIENTED_EDGE('',*,*,#2205,.T.);
#479=ORIENTED_EDGE('',*,*,#2206,.F.);
#480=ORIENTED_EDGE('',*,*,#2207,.T.);
#481=ORIENTED_EDGE('',*,*,#2208,.T.);
#482=ORIENTED_EDGE('',*,*,#2209,.T.);
#483=ORIENTED_EDGE('',*,*,#2210,.T.);
#484=ORIENTED_EDGE('',*,*,#2211,.F.);
#485=ORIENTED_EDGE('',*,*,#2212,.T.);
#486=ORIENTED_EDGE('',*,*,#2213,.T.);
#487=ORIENTED_EDGE('',*,*,#2214,.F.);
#488=ORIENTED_EDGE('',*,*,#2215,.F.);
#489=ORIENTED_EDGE('',*,*,#2205,.F.);
#490=ORIENTED_EDGE('',*,*,#2216,.F.);
#491=ORIENTED_EDGE('',*,*,#2217,.F.);
#492=ORIENTED_EDGE('',*,*,#2218,.F.);
#493=ORIENTED_EDGE('',*,*,#2219,.F.);
#494=ORIENTED_EDGE('',*,*,#2218,.T.);
#495=ORIENTED_EDGE('',*,*,#2220,.F.);
#496=ORIENTED_EDGE('',*,*,#2221,.F.);
#497=ORIENTED_EDGE('',*,*,#2222,.F.);
#498=ORIENTED_EDGE('',*,*,#2221,.T.);
#499=ORIENTED_EDGE('',*,*,#2223,.F.);
#500=ORIENTED_EDGE('',*,*,#2224,.F.);
#501=ORIENTED_EDGE('',*,*,#2225,.F.);
#502=ORIENTED_EDGE('',*,*,#2224,.T.);
#503=ORIENTED_EDGE('',*,*,#2226,.F.);
#504=ORIENTED_EDGE('',*,*,#2216,.T.);
#505=ORIENTED_EDGE('',*,*,#2227,.F.);
#506=ORIENTED_EDGE('',*,*,#2228,.F.);
#507=ORIENTED_EDGE('',*,*,#2229,.F.);
#508=ORIENTED_EDGE('',*,*,#2230,.F.);
#509=ORIENTED_EDGE('',*,*,#2231,.F.);
#510=ORIENTED_EDGE('',*,*,#2232,.F.);
#511=ORIENTED_EDGE('',*,*,#2233,.F.);
#512=ORIENTED_EDGE('',*,*,#2234,.F.);
#513=ORIENTED_EDGE('',*,*,#2235,.F.);
#514=ORIENTED_EDGE('',*,*,#2069,.F.);
#515=ORIENTED_EDGE('',*,*,#2236,.F.);
#516=ORIENTED_EDGE('',*,*,#2237,.F.);
#517=ORIENTED_EDGE('',*,*,#2238,.F.);
#518=ORIENTED_EDGE('',*,*,#2232,.T.);
#519=ORIENTED_EDGE('',*,*,#2239,.F.);
#520=ORIENTED_EDGE('',*,*,#2240,.F.);
#521=ORIENTED_EDGE('',*,*,#2235,.T.);
#522=ORIENTED_EDGE('',*,*,#2241,.F.);
#523=ORIENTED_EDGE('',*,*,#2242,.F.);
#524=ORIENTED_EDGE('',*,*,#2239,.T.);
#525=ORIENTED_EDGE('',*,*,#2208,.F.);
#526=ORIENTED_EDGE('',*,*,#2243,.T.);
#527=ORIENTED_EDGE('',*,*,#2244,.F.);
#528=ORIENTED_EDGE('',*,*,#2245,.F.);
#529=ORIENTED_EDGE('',*,*,#2246,.F.);
#530=ORIENTED_EDGE('',*,*,#2247,.F.);
#531=ORIENTED_EDGE('',*,*,#2248,.F.);
#532=ORIENTED_EDGE('',*,*,#2249,.F.);
#533=ORIENTED_EDGE('',*,*,#2250,.F.);
#534=ORIENTED_EDGE('',*,*,#2251,.F.);
#535=ORIENTED_EDGE('',*,*,#2252,.F.);
#536=ORIENTED_EDGE('',*,*,#2253,.F.);
#537=ORIENTED_EDGE('',*,*,#2254,.F.);
#538=ORIENTED_EDGE('',*,*,#2255,.F.);
#539=ORIENTED_EDGE('',*,*,#2256,.F.);
#540=ORIENTED_EDGE('',*,*,#2257,.F.);
#541=ORIENTED_EDGE('',*,*,#2258,.F.);
#542=ORIENTED_EDGE('',*,*,#2259,.F.);
#543=ORIENTED_EDGE('',*,*,#2260,.F.);
#544=ORIENTED_EDGE('',*,*,#2261,.F.);
#545=ORIENTED_EDGE('',*,*,#2209,.F.);
#546=ORIENTED_EDGE('',*,*,#2259,.T.);
#547=ORIENTED_EDGE('',*,*,#2262,.F.);
#548=ORIENTED_EDGE('',*,*,#2263,.F.);
#549=ORIENTED_EDGE('',*,*,#2260,.T.);
#550=ORIENTED_EDGE('',*,*,#2258,.T.);
#551=ORIENTED_EDGE('',*,*,#2257,.T.);
#552=ORIENTED_EDGE('',*,*,#2264,.F.);
#553=ORIENTED_EDGE('',*,*,#2265,.F.);
#554=ORIENTED_EDGE('',*,*,#2262,.T.);
#555=ORIENTED_EDGE('',*,*,#2256,.T.);
#556=ORIENTED_EDGE('',*,*,#2266,.F.);
#557=ORIENTED_EDGE('',*,*,#2267,.F.);
#558=ORIENTED_EDGE('',*,*,#2264,.T.);
#559=ORIENTED_EDGE('',*,*,#2255,.T.);
#560=ORIENTED_EDGE('',*,*,#2268,.F.);
#561=ORIENTED_EDGE('',*,*,#2269,.F.);
#562=ORIENTED_EDGE('',*,*,#2266,.T.);
#563=ORIENTED_EDGE('',*,*,#2254,.T.);
#564=ORIENTED_EDGE('',*,*,#2270,.F.);
#565=ORIENTED_EDGE('',*,*,#2271,.F.);
#566=ORIENTED_EDGE('',*,*,#2268,.T.);
#567=ORIENTED_EDGE('',*,*,#2253,.T.);
#568=ORIENTED_EDGE('',*,*,#2272,.F.);
#569=ORIENTED_EDGE('',*,*,#2273,.F.);
#570=ORIENTED_EDGE('',*,*,#2270,.T.);
#571=ORIENTED_EDGE('',*,*,#2252,.T.);
#572=ORIENTED_EDGE('',*,*,#2274,.F.);
#573=ORIENTED_EDGE('',*,*,#2275,.F.);
#574=ORIENTED_EDGE('',*,*,#2272,.T.);
#575=ORIENTED_EDGE('',*,*,#2251,.T.);
#576=ORIENTED_EDGE('',*,*,#2276,.F.);
#577=ORIENTED_EDGE('',*,*,#2277,.F.);
#578=ORIENTED_EDGE('',*,*,#2274,.T.);
#579=ORIENTED_EDGE('',*,*,#2250,.T.);
#580=ORIENTED_EDGE('',*,*,#2278,.F.);
#581=ORIENTED_EDGE('',*,*,#2279,.F.);
#582=ORIENTED_EDGE('',*,*,#2276,.T.);
#583=ORIENTED_EDGE('',*,*,#2249,.T.);
#584=ORIENTED_EDGE('',*,*,#2280,.F.);
#585=ORIENTED_EDGE('',*,*,#2281,.F.);
#586=ORIENTED_EDGE('',*,*,#2278,.T.);
#587=ORIENTED_EDGE('',*,*,#2248,.T.);
#588=ORIENTED_EDGE('',*,*,#2282,.F.);
#589=ORIENTED_EDGE('',*,*,#2283,.F.);
#590=ORIENTED_EDGE('',*,*,#2280,.T.);
#591=ORIENTED_EDGE('',*,*,#2247,.T.);
#592=ORIENTED_EDGE('',*,*,#2284,.F.);
#593=ORIENTED_EDGE('',*,*,#2285,.F.);
#594=ORIENTED_EDGE('',*,*,#2282,.T.);
#595=ORIENTED_EDGE('',*,*,#2246,.T.);
#596=ORIENTED_EDGE('',*,*,#2286,.F.);
#597=ORIENTED_EDGE('',*,*,#2287,.F.);
#598=ORIENTED_EDGE('',*,*,#2284,.T.);
#599=ORIENTED_EDGE('',*,*,#2288,.F.);
#600=ORIENTED_EDGE('',*,*,#2289,.F.);
#601=ORIENTED_EDGE('',*,*,#2286,.T.);
#602=ORIENTED_EDGE('',*,*,#2245,.T.);
#603=ORIENTED_EDGE('',*,*,#2066,.F.);
#604=ORIENTED_EDGE('',*,*,#2290,.F.);
#605=ORIENTED_EDGE('',*,*,#2291,.F.);
#606=ORIENTED_EDGE('',*,*,#2292,.T.);
#607=ORIENTED_EDGE('',*,*,#2062,.F.);
#608=ORIENTED_EDGE('',*,*,#2293,.F.);
#609=ORIENTED_EDGE('',*,*,#2294,.T.);
#610=ORIENTED_EDGE('',*,*,#1958,.F.);
#611=ORIENTED_EDGE('',*,*,#2295,.T.);
#612=ORIENTED_EDGE('',*,*,#1921,.F.);
#613=ORIENTED_EDGE('',*,*,#2296,.F.);
#614=ORIENTED_EDGE('',*,*,#2297,.F.);
#615=ORIENTED_EDGE('',*,*,#2067,.F.);
#616=ORIENTED_EDGE('',*,*,#2292,.F.);
#617=ORIENTED_EDGE('',*,*,#2296,.T.);
#618=ORIENTED_EDGE('',*,*,#2291,.T.);
#619=ORIENTED_EDGE('',*,*,#2298,.F.);
#620=ORIENTED_EDGE('',*,*,#2288,.T.);
#621=ORIENTED_EDGE('',*,*,#2244,.T.);
#622=ORIENTED_EDGE('',*,*,#2299,.T.);
#623=ORIENTED_EDGE('',*,*,#2300,.F.);
#624=ORIENTED_EDGE('',*,*,#2301,.F.);
#625=ORIENTED_EDGE('',*,*,#2302,.F.);
#626=ORIENTED_EDGE('',*,*,#2068,.F.);
#627=ORIENTED_EDGE('',*,*,#2297,.T.);
#628=ORIENTED_EDGE('',*,*,#2302,.T.);
#629=ORIENTED_EDGE('',*,*,#2236,.T.);
#630=ORIENTED_EDGE('',*,*,#2303,.T.);
#631=ORIENTED_EDGE('',*,*,#2304,.T.);
#632=ORIENTED_EDGE('',*,*,#2305,.T.);
#633=ORIENTED_EDGE('',*,*,#2306,.T.);
#634=ORIENTED_EDGE('',*,*,#2070,.T.);
#635=ORIENTED_EDGE('',*,*,#2240,.T.);
#636=ORIENTED_EDGE('',*,*,#2242,.T.);
#637=ORIENTED_EDGE('',*,*,#2307,.F.);
#638=ORIENTED_EDGE('',*,*,#2308,.F.);
#639=ORIENTED_EDGE('',*,*,#2309,.F.);
#640=ORIENTED_EDGE('',*,*,#2210,.F.);
#641=ORIENTED_EDGE('',*,*,#2261,.T.);
#642=ORIENTED_EDGE('',*,*,#2263,.T.);
#643=ORIENTED_EDGE('',*,*,#2265,.T.);
#644=ORIENTED_EDGE('',*,*,#2267,.T.);
#645=ORIENTED_EDGE('',*,*,#2269,.T.);
#646=ORIENTED_EDGE('',*,*,#2271,.T.);
#647=ORIENTED_EDGE('',*,*,#2273,.T.);
#648=ORIENTED_EDGE('',*,*,#2275,.T.);
#649=ORIENTED_EDGE('',*,*,#2277,.T.);
#650=ORIENTED_EDGE('',*,*,#2279,.T.);
#651=ORIENTED_EDGE('',*,*,#2281,.T.);
#652=ORIENTED_EDGE('',*,*,#2283,.T.);
#653=ORIENTED_EDGE('',*,*,#2285,.T.);
#654=ORIENTED_EDGE('',*,*,#2287,.T.);
#655=ORIENTED_EDGE('',*,*,#2289,.T.);
#656=ORIENTED_EDGE('',*,*,#2298,.T.);
#657=ORIENTED_EDGE('',*,*,#2290,.T.);
#658=ORIENTED_EDGE('',*,*,#2310,.F.);
#659=ORIENTED_EDGE('',*,*,#2220,.T.);
#660=ORIENTED_EDGE('',*,*,#2217,.T.);
#661=ORIENTED_EDGE('',*,*,#2226,.T.);
#662=ORIENTED_EDGE('',*,*,#2223,.T.);
#663=ORIENTED_EDGE('',*,*,#2311,.F.);
#664=ORIENTED_EDGE('',*,*,#2213,.F.);
#665=ORIENTED_EDGE('',*,*,#2312,.F.);
#666=ORIENTED_EDGE('',*,*,#2313,.F.);
#667=ORIENTED_EDGE('',*,*,#2314,.F.);
#668=ORIENTED_EDGE('',*,*,#2315,.F.);
#669=ORIENTED_EDGE('',*,*,#2316,.F.);
#670=ORIENTED_EDGE('',*,*,#2317,.F.);
#671=ORIENTED_EDGE('',*,*,#2318,.F.);
#672=ORIENTED_EDGE('',*,*,#2314,.T.);
#673=ORIENTED_EDGE('',*,*,#2307,.T.);
#674=ORIENTED_EDGE('',*,*,#2241,.T.);
#675=ORIENTED_EDGE('',*,*,#2234,.T.);
#676=ORIENTED_EDGE('',*,*,#2319,.F.);
#677=ORIENTED_EDGE('',*,*,#2320,.F.);
#678=ORIENTED_EDGE('',*,*,#2321,.F.);
#679=ORIENTED_EDGE('',*,*,#2322,.F.);
#680=ORIENTED_EDGE('',*,*,#2323,.F.);
#681=ORIENTED_EDGE('',*,*,#2211,.T.);
#682=ORIENTED_EDGE('',*,*,#2309,.T.);
#683=ORIENTED_EDGE('',*,*,#2324,.F.);
#684=ORIENTED_EDGE('',*,*,#2313,.T.);
#685=ORIENTED_EDGE('',*,*,#2325,.T.);
#686=ORIENTED_EDGE('',*,*,#2324,.T.);
#687=ORIENTED_EDGE('',*,*,#2308,.T.);
#688=ORIENTED_EDGE('',*,*,#2326,.F.);
#689=ORIENTED_EDGE('',*,*,#2327,.F.);
#690=ORIENTED_EDGE('',*,*,#2328,.F.);
#691=ORIENTED_EDGE('',*,*,#2329,.F.);
#692=ORIENTED_EDGE('',*,*,#2330,.F.);
#693=ORIENTED_EDGE('',*,*,#2197,.F.);
#694=ORIENTED_EDGE('',*,*,#2160,.T.);
#695=ORIENTED_EDGE('',*,*,#2187,.F.);
#696=ORIENTED_EDGE('',*,*,#2089,.F.);
#697=ORIENTED_EDGE('',*,*,#2330,.T.);
#698=ORIENTED_EDGE('',*,*,#2088,.F.);
#699=ORIENTED_EDGE('',*,*,#2331,.F.);
#700=ORIENTED_EDGE('',*,*,#2198,.F.);
#701=ORIENTED_EDGE('',*,*,#2086,.T.);
#702=ORIENTED_EDGE('',*,*,#2332,.F.);
#703=ORIENTED_EDGE('',*,*,#2199,.F.);
#704=ORIENTED_EDGE('',*,*,#2331,.T.);
#705=ORIENTED_EDGE('',*,*,#2333,.F.);
#706=ORIENTED_EDGE('',*,*,#2334,.F.);
#707=ORIENTED_EDGE('',*,*,#2335,.F.);
#708=ORIENTED_EDGE('',*,*,#2015,.F.);
#709=ORIENTED_EDGE('',*,*,#2336,.F.);
#710=ORIENTED_EDGE('',*,*,#1970,.T.);
#711=ORIENTED_EDGE('',*,*,#2337,.T.);
#712=ORIENTED_EDGE('',*,*,#2139,.T.);
#713=ORIENTED_EDGE('',*,*,#2338,.F.);
#714=ORIENTED_EDGE('',*,*,#2335,.T.);
#715=ORIENTED_EDGE('',*,*,#2339,.F.);
#716=ORIENTED_EDGE('',*,*,#2340,.F.);
#717=ORIENTED_EDGE('',*,*,#2341,.F.);
#718=ORIENTED_EDGE('',*,*,#2342,.F.);
#719=ORIENTED_EDGE('',*,*,#2343,.F.);
#720=ORIENTED_EDGE('',*,*,#2192,.F.);
#721=ORIENTED_EDGE('',*,*,#2204,.F.);
#722=ORIENTED_EDGE('',*,*,#2344,.F.);
#723=ORIENTED_EDGE('',*,*,#2345,.F.);
#724=ORIENTED_EDGE('',*,*,#2346,.T.);
#725=ORIENTED_EDGE('',*,*,#2195,.T.);
#726=ORIENTED_EDGE('',*,*,#2189,.F.);
#727=ORIENTED_EDGE('',*,*,#2167,.F.);
#728=ORIENTED_EDGE('',*,*,#2347,.T.);
#729=ORIENTED_EDGE('',*,*,#2348,.T.);
#730=ORIENTED_EDGE('',*,*,#2349,.T.);
#731=ORIENTED_EDGE('',*,*,#2163,.F.);
#732=ORIENTED_EDGE('',*,*,#2171,.F.);
#733=ORIENTED_EDGE('',*,*,#2174,.F.);
#734=ORIENTED_EDGE('',*,*,#2177,.F.);
#735=ORIENTED_EDGE('',*,*,#2180,.F.);
#736=ORIENTED_EDGE('',*,*,#2183,.F.);
#737=ORIENTED_EDGE('',*,*,#2193,.F.);
#738=ORIENTED_EDGE('',*,*,#2345,.T.);
#739=ORIENTED_EDGE('',*,*,#2350,.F.);
#740=ORIENTED_EDGE('',*,*,#2351,.F.);
#741=ORIENTED_EDGE('',*,*,#2352,.F.);
#742=ORIENTED_EDGE('',*,*,#2353,.F.);
#743=ORIENTED_EDGE('',*,*,#2354,.F.);
#744=ORIENTED_EDGE('',*,*,#2355,.F.);
#745=ORIENTED_EDGE('',*,*,#2329,.T.);
#746=ORIENTED_EDGE('',*,*,#2356,.F.);
#747=ORIENTED_EDGE('',*,*,#2357,.F.);
#748=ORIENTED_EDGE('',*,*,#2222,.T.);
#749=ORIENTED_EDGE('',*,*,#2225,.T.);
#750=ORIENTED_EDGE('',*,*,#2227,.T.);
#751=ORIENTED_EDGE('',*,*,#2219,.T.);
#752=ORIENTED_EDGE('',*,*,#2358,.F.);
#753=ORIENTED_EDGE('',*,*,#2356,.T.);
#754=ORIENTED_EDGE('',*,*,#2328,.T.);
#755=ORIENTED_EDGE('',*,*,#2359,.F.);
#756=ORIENTED_EDGE('',*,*,#2360,.F.);
#757=ORIENTED_EDGE('',*,*,#2359,.T.);
#758=ORIENTED_EDGE('',*,*,#2327,.T.);
#759=ORIENTED_EDGE('',*,*,#2361,.F.);
#760=ORIENTED_EDGE('',*,*,#2362,.F.);
#761=ORIENTED_EDGE('',*,*,#2361,.T.);
#762=ORIENTED_EDGE('',*,*,#2326,.T.);
#763=ORIENTED_EDGE('',*,*,#2355,.T.);
#764=ORIENTED_EDGE('',*,*,#2363,.F.);
#765=ORIENTED_EDGE('',*,*,#2364,.F.);
#766=ORIENTED_EDGE('',*,*,#2154,.T.);
#767=ORIENTED_EDGE('',*,*,#2357,.T.);
#768=ORIENTED_EDGE('',*,*,#2365,.F.);
#769=ORIENTED_EDGE('',*,*,#2352,.T.);
#770=ORIENTED_EDGE('',*,*,#2366,.F.);
#771=ORIENTED_EDGE('',*,*,#2367,.F.);
#772=ORIENTED_EDGE('',*,*,#2368,.F.);
#773=ORIENTED_EDGE('',*,*,#2369,.F.);
#774=ORIENTED_EDGE('',*,*,#2370,.F.);
#775=ORIENTED_EDGE('',*,*,#2371,.F.);
#776=ORIENTED_EDGE('',*,*,#2372,.F.);
#777=ORIENTED_EDGE('',*,*,#2373,.F.);
#778=ORIENTED_EDGE('',*,*,#2344,.T.);
#779=ORIENTED_EDGE('',*,*,#2203,.F.);
#780=ORIENTED_EDGE('',*,*,#2102,.F.);
#781=ORIENTED_EDGE('',*,*,#2091,.F.);
#782=ORIENTED_EDGE('',*,*,#2200,.F.);
#783=ORIENTED_EDGE('',*,*,#2332,.T.);
#784=ORIENTED_EDGE('',*,*,#2374,.F.);
#785=ORIENTED_EDGE('',*,*,#2318,.T.);
#786=ORIENTED_EDGE('',*,*,#2375,.F.);
#787=ORIENTED_EDGE('',*,*,#2375,.T.);
#788=ORIENTED_EDGE('',*,*,#2317,.T.);
#789=ORIENTED_EDGE('',*,*,#2376,.F.);
#790=ORIENTED_EDGE('',*,*,#2377,.F.);
#791=ORIENTED_EDGE('',*,*,#2378,.F.);
#792=ORIENTED_EDGE('',*,*,#2315,.T.);
#793=ORIENTED_EDGE('',*,*,#2374,.T.);
#794=ORIENTED_EDGE('',*,*,#2377,.T.);
#795=ORIENTED_EDGE('',*,*,#2376,.T.);
#796=ORIENTED_EDGE('',*,*,#2316,.T.);
#797=ORIENTED_EDGE('',*,*,#2378,.T.);
#798=ORIENTED_EDGE('',*,*,#2105,.F.);
#799=ORIENTED_EDGE('',*,*,#2100,.T.);
#800=ORIENTED_EDGE('',*,*,#2379,.F.);
#801=ORIENTED_EDGE('',*,*,#2380,.F.);
#802=ORIENTED_EDGE('',*,*,#2381,.F.);
#803=ORIENTED_EDGE('',*,*,#2321,.T.);
#804=ORIENTED_EDGE('',*,*,#2382,.F.);
#805=ORIENTED_EDGE('',*,*,#2383,.F.);
#806=ORIENTED_EDGE('',*,*,#2384,.F.);
#807=ORIENTED_EDGE('',*,*,#2322,.T.);
#808=ORIENTED_EDGE('',*,*,#2381,.T.);
#809=ORIENTED_EDGE('',*,*,#2385,.F.);
#810=ORIENTED_EDGE('',*,*,#2319,.T.);
#811=ORIENTED_EDGE('',*,*,#2384,.T.);
#812=ORIENTED_EDGE('',*,*,#2383,.T.);
#813=ORIENTED_EDGE('',*,*,#2382,.T.);
#814=ORIENTED_EDGE('',*,*,#2320,.T.);
#815=ORIENTED_EDGE('',*,*,#2385,.T.);
#816=ORIENTED_EDGE('',*,*,#2078,.F.);
#817=ORIENTED_EDGE('',*,*,#2386,.F.);
#818=ORIENTED_EDGE('',*,*,#2387,.F.);
#819=ORIENTED_EDGE('',*,*,#2201,.F.);
#820=ORIENTED_EDGE('',*,*,#2388,.F.);
#821=ORIENTED_EDGE('',*,*,#1966,.T.);
#822=ORIENTED_EDGE('',*,*,#2389,.F.);
#823=ORIENTED_EDGE('',*,*,#2390,.F.);
#824=ORIENTED_EDGE('',*,*,#2391,.F.);
#825=ORIENTED_EDGE('',*,*,#2392,.F.);
#826=ORIENTED_EDGE('',*,*,#2393,.F.);
#827=ORIENTED_EDGE('',*,*,#2394,.F.);
#828=ORIENTED_EDGE('',*,*,#2395,.F.);
#829=ORIENTED_EDGE('',*,*,#2396,.F.);
#830=ORIENTED_EDGE('',*,*,#2397,.F.);
#831=ORIENTED_EDGE('',*,*,#2398,.F.);
#832=ORIENTED_EDGE('',*,*,#2399,.F.);
#833=ORIENTED_EDGE('',*,*,#2400,.F.);
#834=ORIENTED_EDGE('',*,*,#2401,.F.);
#835=ORIENTED_EDGE('',*,*,#2022,.F.);
#836=ORIENTED_EDGE('',*,*,#2169,.T.);
#837=ORIENTED_EDGE('',*,*,#2191,.F.);
#838=ORIENTED_EDGE('',*,*,#2196,.T.);
#839=ORIENTED_EDGE('',*,*,#2152,.T.);
#840=ORIENTED_EDGE('',*,*,#2402,.F.);
#841=ORIENTED_EDGE('',*,*,#2403,.F.);
#842=ORIENTED_EDGE('',*,*,#2404,.F.);
#843=ORIENTED_EDGE('',*,*,#2405,.F.);
#844=ORIENTED_EDGE('',*,*,#2366,.T.);
#845=ORIENTED_EDGE('',*,*,#2351,.T.);
#846=ORIENTED_EDGE('',*,*,#2406,.F.);
#847=ORIENTED_EDGE('',*,*,#2373,.T.);
#848=ORIENTED_EDGE('',*,*,#2407,.F.);
#849=ORIENTED_EDGE('',*,*,#2406,.T.);
#850=ORIENTED_EDGE('',*,*,#2350,.T.);
#851=ORIENTED_EDGE('',*,*,#2404,.T.);
#852=ORIENTED_EDGE('',*,*,#2407,.T.);
#853=ORIENTED_EDGE('',*,*,#2372,.T.);
#854=ORIENTED_EDGE('',*,*,#2408,.F.);
#855=ORIENTED_EDGE('',*,*,#2409,.F.);
#856=ORIENTED_EDGE('',*,*,#2410,.F.);
#857=ORIENTED_EDGE('',*,*,#2411,.F.);
#858=ORIENTED_EDGE('',*,*,#2412,.F.);
#859=ORIENTED_EDGE('',*,*,#2363,.T.);
#860=ORIENTED_EDGE('',*,*,#2358,.T.);
#861=ORIENTED_EDGE('',*,*,#2360,.T.);
#862=ORIENTED_EDGE('',*,*,#2362,.T.);
#863=ORIENTED_EDGE('',*,*,#2413,.F.);
#864=ORIENTED_EDGE('',*,*,#2414,.F.);
#865=ORIENTED_EDGE('',*,*,#2415,.F.);
#866=ORIENTED_EDGE('',*,*,#2367,.T.);
#867=ORIENTED_EDGE('',*,*,#2405,.T.);
#868=ORIENTED_EDGE('',*,*,#2408,.T.);
#869=ORIENTED_EDGE('',*,*,#2371,.T.);
#870=ORIENTED_EDGE('',*,*,#2412,.T.);
#871=ORIENTED_EDGE('',*,*,#2416,.F.);
#872=ORIENTED_EDGE('',*,*,#2155,.T.);
#873=ORIENTED_EDGE('',*,*,#2364,.T.);
#874=ORIENTED_EDGE('',*,*,#2014,.T.);
#875=ORIENTED_EDGE('',*,*,#2417,.F.);
#876=ORIENTED_EDGE('',*,*,#1971,.T.);
#877=ORIENTED_EDGE('',*,*,#2336,.T.);
#878=ORIENTED_EDGE('',*,*,#2401,.T.);
#879=ORIENTED_EDGE('',*,*,#2418,.F.);
#880=ORIENTED_EDGE('',*,*,#2419,.F.);
#881=ORIENTED_EDGE('',*,*,#2023,.T.);
#882=ORIENTED_EDGE('',*,*,#2400,.T.);
#883=ORIENTED_EDGE('',*,*,#2420,.F.);
#884=ORIENTED_EDGE('',*,*,#2421,.F.);
#885=ORIENTED_EDGE('',*,*,#2418,.T.);
#886=ORIENTED_EDGE('',*,*,#2399,.T.);
#887=ORIENTED_EDGE('',*,*,#2422,.F.);
#888=ORIENTED_EDGE('',*,*,#2423,.F.);
#889=ORIENTED_EDGE('',*,*,#2420,.T.);
#890=ORIENTED_EDGE('',*,*,#2398,.T.);
#891=ORIENTED_EDGE('',*,*,#2424,.F.);
#892=ORIENTED_EDGE('',*,*,#2425,.F.);
#893=ORIENTED_EDGE('',*,*,#2422,.T.);
#894=ORIENTED_EDGE('',*,*,#2397,.T.);
#895=ORIENTED_EDGE('',*,*,#2426,.F.);
#896=ORIENTED_EDGE('',*,*,#2427,.F.);
#897=ORIENTED_EDGE('',*,*,#2424,.T.);
#898=ORIENTED_EDGE('',*,*,#2428,.F.);
#899=ORIENTED_EDGE('',*,*,#2426,.T.);
#900=ORIENTED_EDGE('',*,*,#2396,.T.);
#901=ORIENTED_EDGE('',*,*,#2429,.F.);
#902=ORIENTED_EDGE('',*,*,#2430,.F.);
#903=ORIENTED_EDGE('',*,*,#2431,.F.);
#904=ORIENTED_EDGE('',*,*,#2429,.T.);
#905=ORIENTED_EDGE('',*,*,#2395,.T.);
#906=ORIENTED_EDGE('',*,*,#2394,.T.);
#907=ORIENTED_EDGE('',*,*,#2432,.F.);
#908=ORIENTED_EDGE('',*,*,#2433,.F.);
#909=ORIENTED_EDGE('',*,*,#2430,.T.);
#910=ORIENTED_EDGE('',*,*,#2393,.T.);
#911=ORIENTED_EDGE('',*,*,#2434,.F.);
#912=ORIENTED_EDGE('',*,*,#2435,.F.);
#913=ORIENTED_EDGE('',*,*,#2432,.T.);
#914=ORIENTED_EDGE('',*,*,#2392,.T.);
#915=ORIENTED_EDGE('',*,*,#2436,.F.);
#916=ORIENTED_EDGE('',*,*,#2437,.F.);
#917=ORIENTED_EDGE('',*,*,#2434,.T.);
#918=ORIENTED_EDGE('',*,*,#2391,.T.);
#919=ORIENTED_EDGE('',*,*,#2438,.F.);
#920=ORIENTED_EDGE('',*,*,#2439,.F.);
#921=ORIENTED_EDGE('',*,*,#2436,.T.);
#922=ORIENTED_EDGE('',*,*,#2390,.T.);
#923=ORIENTED_EDGE('',*,*,#2440,.F.);
#924=ORIENTED_EDGE('',*,*,#2441,.F.);
#925=ORIENTED_EDGE('',*,*,#2438,.T.);
#926=ORIENTED_EDGE('',*,*,#2442,.F.);
#927=ORIENTED_EDGE('',*,*,#2440,.T.);
#928=ORIENTED_EDGE('',*,*,#2389,.T.);
#929=ORIENTED_EDGE('',*,*,#1965,.F.);
#930=ORIENTED_EDGE('',*,*,#2443,.T.);
#931=ORIENTED_EDGE('',*,*,#2444,.F.);
#932=ORIENTED_EDGE('',*,*,#2445,.F.);
#933=ORIENTED_EDGE('',*,*,#2446,.F.);
#934=ORIENTED_EDGE('',*,*,#2447,.T.);
#935=ORIENTED_EDGE('',*,*,#2448,.F.);
#936=ORIENTED_EDGE('',*,*,#2443,.F.);
#937=ORIENTED_EDGE('',*,*,#2449,.F.);
#938=ORIENTED_EDGE('',*,*,#2450,.F.);
#939=ORIENTED_EDGE('',*,*,#2451,.F.);
#940=ORIENTED_EDGE('',*,*,#2452,.T.);
#941=ORIENTED_EDGE('',*,*,#2453,.F.);
#942=ORIENTED_EDGE('',*,*,#2454,.T.);
#943=ORIENTED_EDGE('',*,*,#2455,.F.);
#944=ORIENTED_EDGE('',*,*,#2447,.F.);
#945=ORIENTED_EDGE('',*,*,#2456,.F.);
#946=ORIENTED_EDGE('',*,*,#2457,.F.);
#947=ORIENTED_EDGE('',*,*,#2458,.F.);
#948=ORIENTED_EDGE('',*,*,#2453,.T.);
#949=ORIENTED_EDGE('',*,*,#2459,.F.);
#950=ORIENTED_EDGE('',*,*,#2460,.T.);
#951=ORIENTED_EDGE('',*,*,#2461,.F.);
#952=ORIENTED_EDGE('',*,*,#2454,.F.);
#953=ORIENTED_EDGE('',*,*,#2462,.F.);
#954=ORIENTED_EDGE('',*,*,#2463,.F.);
#955=ORIENTED_EDGE('',*,*,#2464,.F.);
#956=ORIENTED_EDGE('',*,*,#2460,.F.);
#957=ORIENTED_EDGE('',*,*,#2465,.F.);
#958=ORIENTED_EDGE('',*,*,#2463,.T.);
#959=ORIENTED_EDGE('',*,*,#2466,.F.);
#960=ORIENTED_EDGE('',*,*,#2467,.F.);
#961=ORIENTED_EDGE('',*,*,#2466,.T.);
#962=ORIENTED_EDGE('',*,*,#2468,.F.);
#963=ORIENTED_EDGE('',*,*,#1977,.F.);
#964=ORIENTED_EDGE('',*,*,#2465,.T.);
#965=ORIENTED_EDGE('',*,*,#2469,.F.);
#966=ORIENTED_EDGE('',*,*,#2468,.T.);
#967=ORIENTED_EDGE('',*,*,#2470,.F.);
#968=ORIENTED_EDGE('',*,*,#2471,.F.);
#969=ORIENTED_EDGE('',*,*,#1986,.F.);
#970=ORIENTED_EDGE('',*,*,#2472,.F.);
#971=ORIENTED_EDGE('',*,*,#1988,.F.);
#972=ORIENTED_EDGE('',*,*,#2471,.T.);
#973=ORIENTED_EDGE('',*,*,#2473,.F.);
#974=ORIENTED_EDGE('',*,*,#2439,.T.);
#975=ORIENTED_EDGE('',*,*,#2474,.F.);
#976=ORIENTED_EDGE('',*,*,#2475,.F.);
#977=ORIENTED_EDGE('',*,*,#2476,.F.);
#978=ORIENTED_EDGE('',*,*,#2473,.T.);
#979=ORIENTED_EDGE('',*,*,#2477,.F.);
#980=ORIENTED_EDGE('',*,*,#2437,.T.);
#981=ORIENTED_EDGE('',*,*,#2476,.T.);
#982=ORIENTED_EDGE('',*,*,#2451,.T.);
#983=ORIENTED_EDGE('',*,*,#2478,.F.);
#984=ORIENTED_EDGE('',*,*,#2475,.T.);
#985=ORIENTED_EDGE('',*,*,#2479,.F.);
#986=ORIENTED_EDGE('',*,*,#2474,.T.);
#987=ORIENTED_EDGE('',*,*,#2480,.F.);
#988=ORIENTED_EDGE('',*,*,#2479,.T.);
#989=ORIENTED_EDGE('',*,*,#2480,.T.);
#990=ORIENTED_EDGE('',*,*,#2481,.F.);
#991=ORIENTED_EDGE('',*,*,#2482,.T.);
#992=ORIENTED_EDGE('',*,*,#2441,.T.);
#993=ORIENTED_EDGE('',*,*,#2483,.F.);
#994=ORIENTED_EDGE('',*,*,#2481,.T.);
#995=ORIENTED_EDGE('',*,*,#2442,.T.);
#996=ORIENTED_EDGE('',*,*,#2484,.F.);
#997=ORIENTED_EDGE('',*,*,#2483,.T.);
#998=ORIENTED_EDGE('',*,*,#2472,.T.);
#999=ORIENTED_EDGE('',*,*,#2485,.F.);
#1000=ORIENTED_EDGE('',*,*,#2484,.T.);
#1001=ORIENTED_EDGE('',*,*,#2485,.T.);
#1002=ORIENTED_EDGE('',*,*,#2486,.F.);
#1003=ORIENTED_EDGE('',*,*,#2452,.F.);
#1004=ORIENTED_EDGE('',*,*,#2482,.F.);
#1005=ORIENTED_EDGE('',*,*,#2470,.T.);
#1006=ORIENTED_EDGE('',*,*,#2487,.F.);
#1007=ORIENTED_EDGE('',*,*,#2486,.T.);
#1008=ORIENTED_EDGE('',*,*,#2487,.T.);
#1009=ORIENTED_EDGE('',*,*,#2488,.F.);
#1010=ORIENTED_EDGE('',*,*,#2459,.T.);
#1011=ORIENTED_EDGE('',*,*,#1983,.F.);
#1012=ORIENTED_EDGE('',*,*,#2489,.F.);
#1013=ORIENTED_EDGE('',*,*,#2488,.T.);
#1014=ORIENTED_EDGE('',*,*,#2489,.T.);
#1015=ORIENTED_EDGE('',*,*,#2490,.F.);
#1016=ORIENTED_EDGE('',*,*,#2457,.T.);
#1017=ORIENTED_EDGE('',*,*,#1980,.F.);
#1018=ORIENTED_EDGE('',*,*,#2491,.F.);
#1019=ORIENTED_EDGE('',*,*,#2490,.T.);
#1020=ORIENTED_EDGE('',*,*,#2469,.T.);
#1021=ORIENTED_EDGE('',*,*,#2492,.F.);
#1022=ORIENTED_EDGE('',*,*,#2491,.T.);
#1023=ORIENTED_EDGE('',*,*,#2462,.T.);
#1024=ORIENTED_EDGE('',*,*,#2493,.F.);
#1025=ORIENTED_EDGE('',*,*,#2458,.T.);
#1026=ORIENTED_EDGE('',*,*,#2492,.T.);
#1027=ORIENTED_EDGE('',*,*,#2456,.T.);
#1028=ORIENTED_EDGE('',*,*,#2494,.F.);
#1029=ORIENTED_EDGE('',*,*,#2450,.T.);
#1030=ORIENTED_EDGE('',*,*,#2493,.T.);
#1031=ORIENTED_EDGE('',*,*,#2449,.T.);
#1032=ORIENTED_EDGE('',*,*,#2495,.F.);
#1033=ORIENTED_EDGE('',*,*,#2478,.T.);
#1034=ORIENTED_EDGE('',*,*,#2494,.T.);
#1035=ORIENTED_EDGE('',*,*,#2495,.T.);
#1036=ORIENTED_EDGE('',*,*,#2496,.F.);
#1037=ORIENTED_EDGE('',*,*,#2477,.T.);
#1038=ORIENTED_EDGE('',*,*,#2446,.T.);
#1039=ORIENTED_EDGE('',*,*,#2497,.F.);
#1040=ORIENTED_EDGE('',*,*,#2496,.T.);
#1041=ORIENTED_EDGE('',*,*,#2497,.T.);
#1042=ORIENTED_EDGE('',*,*,#2498,.F.);
#1043=ORIENTED_EDGE('',*,*,#2435,.T.);
#1044=ORIENTED_EDGE('',*,*,#2445,.T.);
#1045=ORIENTED_EDGE('',*,*,#2499,.F.);
#1046=ORIENTED_EDGE('',*,*,#2498,.T.);
#1047=ORIENTED_EDGE('',*,*,#2499,.T.);
#1048=ORIENTED_EDGE('',*,*,#2500,.F.);
#1049=ORIENTED_EDGE('',*,*,#2433,.T.);
#1050=ORIENTED_EDGE('',*,*,#2500,.T.);
#1051=ORIENTED_EDGE('',*,*,#2501,.F.);
#1052=ORIENTED_EDGE('',*,*,#2502,.F.);
#1053=ORIENTED_EDGE('',*,*,#2444,.T.);
#1054=ORIENTED_EDGE('',*,*,#2503,.F.);
#1055=ORIENTED_EDGE('',*,*,#2501,.T.);
#1056=ORIENTED_EDGE('',*,*,#2503,.T.);
#1057=ORIENTED_EDGE('',*,*,#2504,.F.);
#1058=ORIENTED_EDGE('',*,*,#2505,.F.);
#1059=ORIENTED_EDGE('',*,*,#2448,.T.);
#1060=ORIENTED_EDGE('',*,*,#2506,.F.);
#1061=ORIENTED_EDGE('',*,*,#2504,.T.);
#1062=ORIENTED_EDGE('',*,*,#2506,.T.);
#1063=ORIENTED_EDGE('',*,*,#2507,.F.);
#1064=ORIENTED_EDGE('',*,*,#2508,.F.);
#1065=ORIENTED_EDGE('',*,*,#2455,.T.);
#1066=ORIENTED_EDGE('',*,*,#2509,.F.);
#1067=ORIENTED_EDGE('',*,*,#2507,.T.);
#1068=ORIENTED_EDGE('',*,*,#2509,.T.);
#1069=ORIENTED_EDGE('',*,*,#2510,.F.);
#1070=ORIENTED_EDGE('',*,*,#2511,.F.);
#1071=ORIENTED_EDGE('',*,*,#2461,.T.);
#1072=ORIENTED_EDGE('',*,*,#2512,.F.);
#1073=ORIENTED_EDGE('',*,*,#2510,.T.);
#1074=ORIENTED_EDGE('',*,*,#2512,.T.);
#1075=ORIENTED_EDGE('',*,*,#2513,.F.);
#1076=ORIENTED_EDGE('',*,*,#2514,.F.);
#1077=ORIENTED_EDGE('',*,*,#2464,.T.);
#1078=ORIENTED_EDGE('',*,*,#2515,.F.);
#1079=ORIENTED_EDGE('',*,*,#2513,.T.);
#1080=ORIENTED_EDGE('',*,*,#2515,.T.);
#1081=ORIENTED_EDGE('',*,*,#2516,.F.);
#1082=ORIENTED_EDGE('',*,*,#2517,.F.);
#1083=ORIENTED_EDGE('',*,*,#2467,.T.);
#1084=ORIENTED_EDGE('',*,*,#1974,.F.);
#1085=ORIENTED_EDGE('',*,*,#2516,.T.);
#1086=ORIENTED_EDGE('',*,*,#2518,.F.);
#1087=ORIENTED_EDGE('',*,*,#2519,.F.);
#1088=ORIENTED_EDGE('',*,*,#2520,.F.);
#1089=ORIENTED_EDGE('',*,*,#2521,.F.);
#1090=ORIENTED_EDGE('',*,*,#2522,.F.);
#1091=ORIENTED_EDGE('',*,*,#2523,.F.);
#1092=ORIENTED_EDGE('',*,*,#2524,.T.);
#1093=ORIENTED_EDGE('',*,*,#2525,.F.);
#1094=ORIENTED_EDGE('',*,*,#2526,.F.);
#1095=ORIENTED_EDGE('',*,*,#2527,.F.);
#1096=ORIENTED_EDGE('',*,*,#2528,.F.);
#1097=ORIENTED_EDGE('',*,*,#2529,.F.);
#1098=ORIENTED_EDGE('',*,*,#2530,.F.);
#1099=ORIENTED_EDGE('',*,*,#2526,.T.);
#1100=ORIENTED_EDGE('',*,*,#2531,.F.);
#1101=ORIENTED_EDGE('',*,*,#2532,.F.);
#1102=ORIENTED_EDGE('',*,*,#2530,.T.);
#1103=ORIENTED_EDGE('',*,*,#2533,.F.);
#1104=ORIENTED_EDGE('',*,*,#2534,.F.);
#1105=ORIENTED_EDGE('',*,*,#2531,.T.);
#1106=ORIENTED_EDGE('',*,*,#2521,.T.);
#1107=ORIENTED_EDGE('',*,*,#2535,.F.);
#1108=ORIENTED_EDGE('',*,*,#2534,.T.);
#1109=ORIENTED_EDGE('',*,*,#2535,.T.);
#1110=ORIENTED_EDGE('',*,*,#2536,.F.);
#1111=ORIENTED_EDGE('',*,*,#2537,.F.);
#1112=ORIENTED_EDGE('',*,*,#2520,.T.);
#1113=ORIENTED_EDGE('',*,*,#2538,.F.);
#1114=ORIENTED_EDGE('',*,*,#2536,.T.);
#1115=ORIENTED_EDGE('',*,*,#2538,.T.);
#1116=ORIENTED_EDGE('',*,*,#2539,.F.);
#1117=ORIENTED_EDGE('',*,*,#2540,.F.);
#1118=ORIENTED_EDGE('',*,*,#2539,.T.);
#1119=ORIENTED_EDGE('',*,*,#2541,.F.);
#1120=ORIENTED_EDGE('',*,*,#2428,.T.);
#1121=ORIENTED_EDGE('',*,*,#2519,.T.);
#1122=ORIENTED_EDGE('',*,*,#2542,.F.);
#1123=ORIENTED_EDGE('',*,*,#2541,.T.);
#1124=ORIENTED_EDGE('',*,*,#2543,.F.);
#1125=ORIENTED_EDGE('',*,*,#2425,.T.);
#1126=ORIENTED_EDGE('',*,*,#2544,.F.);
#1127=ORIENTED_EDGE('',*,*,#2545,.F.);
#1128=ORIENTED_EDGE('',*,*,#2546,.F.);
#1129=ORIENTED_EDGE('',*,*,#2547,.F.);
#1130=ORIENTED_EDGE('',*,*,#2546,.T.);
#1131=ORIENTED_EDGE('',*,*,#2548,.F.);
#1132=ORIENTED_EDGE('',*,*,#2543,.T.);
#1133=ORIENTED_EDGE('',*,*,#2549,.F.);
#1134=ORIENTED_EDGE('',*,*,#2423,.T.);
#1135=ORIENTED_EDGE('',*,*,#2548,.T.);
#1136=ORIENTED_EDGE('',*,*,#2550,.T.);
#1137=ORIENTED_EDGE('',*,*,#2551,.F.);
#1138=ORIENTED_EDGE('',*,*,#2545,.T.);
#1139=ORIENTED_EDGE('',*,*,#2552,.T.);
#1140=ORIENTED_EDGE('',*,*,#2553,.F.);
#1141=ORIENTED_EDGE('',*,*,#2549,.T.);
#1142=ORIENTED_EDGE('',*,*,#2554,.F.);
#1143=ORIENTED_EDGE('',*,*,#2421,.T.);
#1144=ORIENTED_EDGE('',*,*,#2553,.T.);
#1145=ORIENTED_EDGE('',*,*,#2555,.F.);
#1146=ORIENTED_EDGE('',*,*,#2556,.F.);
#1147=ORIENTED_EDGE('',*,*,#2525,.T.);
#1148=ORIENTED_EDGE('',*,*,#2557,.F.);
#1149=ORIENTED_EDGE('',*,*,#2557,.T.);
#1150=ORIENTED_EDGE('',*,*,#2558,.F.);
#1151=ORIENTED_EDGE('',*,*,#2550,.F.);
#1152=ORIENTED_EDGE('',*,*,#2559,.F.);
#1153=ORIENTED_EDGE('',*,*,#2558,.T.);
#1154=ORIENTED_EDGE('',*,*,#2524,.F.);
#1155=ORIENTED_EDGE('',*,*,#2560,.F.);
#1156=ORIENTED_EDGE('',*,*,#2561,.F.);
#1157=ORIENTED_EDGE('',*,*,#2561,.T.);
#1158=ORIENTED_EDGE('',*,*,#2562,.F.);
#1159=ORIENTED_EDGE('',*,*,#2552,.F.);
#1160=ORIENTED_EDGE('',*,*,#2551,.T.);
#1161=ORIENTED_EDGE('',*,*,#2563,.F.);
#1162=ORIENTED_EDGE('',*,*,#2564,.F.);
#1163=ORIENTED_EDGE('',*,*,#2562,.T.);
#1164=ORIENTED_EDGE('',*,*,#2564,.T.);
#1165=ORIENTED_EDGE('',*,*,#2565,.F.);
#1166=ORIENTED_EDGE('',*,*,#2554,.T.);
#1167=ORIENTED_EDGE('',*,*,#2566,.F.);
#1168=ORIENTED_EDGE('',*,*,#2419,.T.);
#1169=ORIENTED_EDGE('',*,*,#2565,.T.);
#1170=ORIENTED_EDGE('',*,*,#2567,.F.);
#1171=ORIENTED_EDGE('',*,*,#2029,.F.);
#1172=ORIENTED_EDGE('',*,*,#2568,.F.);
#1173=ORIENTED_EDGE('',*,*,#2566,.T.);
#1174=ORIENTED_EDGE('',*,*,#2569,.F.);
#1175=ORIENTED_EDGE('',*,*,#2026,.F.);
#1176=ORIENTED_EDGE('',*,*,#2569,.T.);
#1177=ORIENTED_EDGE('',*,*,#2570,.F.);
#1178=ORIENTED_EDGE('',*,*,#2568,.T.);
#1179=ORIENTED_EDGE('',*,*,#2563,.T.);
#1180=ORIENTED_EDGE('',*,*,#2571,.F.);
#1181=ORIENTED_EDGE('',*,*,#2570,.T.);
#1182=ORIENTED_EDGE('',*,*,#2571,.T.);
#1183=ORIENTED_EDGE('',*,*,#2572,.F.);
#1184=ORIENTED_EDGE('',*,*,#2567,.T.);
#1185=ORIENTED_EDGE('',*,*,#2560,.T.);
#1186=ORIENTED_EDGE('',*,*,#2573,.F.);
#1187=ORIENTED_EDGE('',*,*,#2572,.T.);
#1188=ORIENTED_EDGE('',*,*,#2573,.T.);
#1189=ORIENTED_EDGE('',*,*,#2574,.F.);
#1190=ORIENTED_EDGE('',*,*,#2032,.F.);
#1191=ORIENTED_EDGE('',*,*,#2523,.T.);
#1192=ORIENTED_EDGE('',*,*,#2575,.F.);
#1193=ORIENTED_EDGE('',*,*,#2574,.T.);
#1194=ORIENTED_EDGE('',*,*,#2575,.T.);
#1195=ORIENTED_EDGE('',*,*,#2576,.F.);
#1196=ORIENTED_EDGE('',*,*,#2035,.F.);
#1197=ORIENTED_EDGE('',*,*,#2522,.T.);
#1198=ORIENTED_EDGE('',*,*,#2577,.F.);
#1199=ORIENTED_EDGE('',*,*,#2576,.T.);
#1200=ORIENTED_EDGE('',*,*,#2578,.F.);
#1201=ORIENTED_EDGE('',*,*,#2579,.F.);
#1202=ORIENTED_EDGE('',*,*,#2556,.T.);
#1203=ORIENTED_EDGE('',*,*,#2580,.F.);
#1204=ORIENTED_EDGE('',*,*,#2579,.T.);
#1205=ORIENTED_EDGE('',*,*,#2581,.F.);
#1206=ORIENTED_EDGE('',*,*,#2577,.T.);
#1207=ORIENTED_EDGE('',*,*,#2582,.F.);
#1208=ORIENTED_EDGE('',*,*,#2038,.F.);
#1209=ORIENTED_EDGE('',*,*,#2581,.T.);
#1210=ORIENTED_EDGE('',*,*,#2542,.T.);
#1211=ORIENTED_EDGE('',*,*,#2583,.F.);
#1212=ORIENTED_EDGE('',*,*,#2427,.T.);
#1213=ORIENTED_EDGE('',*,*,#2583,.T.);
#1214=ORIENTED_EDGE('',*,*,#2584,.F.);
#1215=ORIENTED_EDGE('',*,*,#2544,.T.);
#1216=ORIENTED_EDGE('',*,*,#2547,.T.);
#1217=ORIENTED_EDGE('',*,*,#2584,.T.);
#1218=ORIENTED_EDGE('',*,*,#2518,.T.);
#1219=ORIENTED_EDGE('',*,*,#2585,.F.);
#1220=ORIENTED_EDGE('',*,*,#2559,.T.);
#1221=ORIENTED_EDGE('',*,*,#2585,.T.);
#1222=ORIENTED_EDGE('',*,*,#2533,.T.);
#1223=ORIENTED_EDGE('',*,*,#2586,.F.);
#1224=ORIENTED_EDGE('',*,*,#2555,.T.);
#1225=ORIENTED_EDGE('',*,*,#2586,.T.);
#1226=ORIENTED_EDGE('',*,*,#2529,.T.);
#1227=ORIENTED_EDGE('',*,*,#2587,.F.);
#1228=ORIENTED_EDGE('',*,*,#2528,.T.);
#1229=ORIENTED_EDGE('',*,*,#2588,.F.);
#1230=ORIENTED_EDGE('',*,*,#2587,.T.);
#1231=ORIENTED_EDGE('',*,*,#2588,.T.);
#1232=ORIENTED_EDGE('',*,*,#2589,.F.);
#1233=ORIENTED_EDGE('',*,*,#2580,.T.);
#1234=ORIENTED_EDGE('',*,*,#2590,.F.);
#1235=ORIENTED_EDGE('',*,*,#2591,.F.);
#1236=ORIENTED_EDGE('',*,*,#2589,.T.);
#1237=ORIENTED_EDGE('',*,*,#2592,.F.);
#1238=ORIENTED_EDGE('',*,*,#2593,.F.);
#1239=ORIENTED_EDGE('',*,*,#2591,.T.);
#1240=ORIENTED_EDGE('',*,*,#2593,.T.);
#1241=ORIENTED_EDGE('',*,*,#2594,.F.);
#1242=ORIENTED_EDGE('',*,*,#2578,.T.);
#1243=ORIENTED_EDGE('',*,*,#2040,.F.);
#1244=ORIENTED_EDGE('',*,*,#2582,.T.);
#1245=ORIENTED_EDGE('',*,*,#2594,.T.);
#1246=ORIENTED_EDGE('',*,*,#2431,.T.);
#1247=ORIENTED_EDGE('',*,*,#2502,.T.);
#1248=ORIENTED_EDGE('',*,*,#2595,.F.);
#1249=ORIENTED_EDGE('',*,*,#2540,.T.);
#1250=ORIENTED_EDGE('',*,*,#2537,.T.);
#1251=ORIENTED_EDGE('',*,*,#2595,.T.);
#1252=ORIENTED_EDGE('',*,*,#2505,.T.);
#1253=ORIENTED_EDGE('',*,*,#2596,.F.);
#1254=ORIENTED_EDGE('',*,*,#2532,.T.);
#1255=ORIENTED_EDGE('',*,*,#2596,.T.);
#1256=ORIENTED_EDGE('',*,*,#2508,.T.);
#1257=ORIENTED_EDGE('',*,*,#2597,.F.);
#1258=ORIENTED_EDGE('',*,*,#2527,.T.);
#1259=ORIENTED_EDGE('',*,*,#2597,.T.);
#1260=ORIENTED_EDGE('',*,*,#2511,.T.);
#1261=ORIENTED_EDGE('',*,*,#2598,.F.);
#1262=ORIENTED_EDGE('',*,*,#2590,.T.);
#1263=ORIENTED_EDGE('',*,*,#2598,.T.);
#1264=ORIENTED_EDGE('',*,*,#2514,.T.);
#1265=ORIENTED_EDGE('',*,*,#2599,.F.);
#1266=ORIENTED_EDGE('',*,*,#2592,.T.);
#1267=ORIENTED_EDGE('',*,*,#2599,.T.);
#1268=ORIENTED_EDGE('',*,*,#2517,.T.);
#1269=ORIENTED_EDGE('',*,*,#1933,.T.);
#1270=ORIENTED_EDGE('',*,*,#2600,.T.);
#1271=ORIENTED_EDGE('',*,*,#2601,.F.);
#1272=ORIENTED_EDGE('',*,*,#1996,.T.);
#1273=ORIENTED_EDGE('',*,*,#2601,.T.);
#1274=ORIENTED_EDGE('',*,*,#2602,.F.);
#1275=ORIENTED_EDGE('',*,*,#1999,.T.);
#1276=ORIENTED_EDGE('',*,*,#2603,.T.);
#1277=ORIENTED_EDGE('',*,*,#2006,.F.);
#1278=ORIENTED_EDGE('',*,*,#2602,.T.);
#1279=ORIENTED_EDGE('',*,*,#2604,.T.);
#1280=ORIENTED_EDGE('',*,*,#2605,.F.);
#1281=ORIENTED_EDGE('',*,*,#2046,.T.);
#1282=ORIENTED_EDGE('',*,*,#2605,.T.);
#1283=ORIENTED_EDGE('',*,*,#2606,.F.);
#1284=ORIENTED_EDGE('',*,*,#2053,.F.);
#1285=ORIENTED_EDGE('',*,*,#2607,.F.);
#1286=ORIENTED_EDGE('',*,*,#2056,.F.);
#1287=ORIENTED_EDGE('',*,*,#2606,.T.);
#1288=ORIENTED_EDGE('',*,*,#2607,.T.);
#1289=ORIENTED_EDGE('',*,*,#2608,.F.);
#1290=ORIENTED_EDGE('',*,*,#2060,.F.);
#1291=ORIENTED_EDGE('',*,*,#2608,.T.);
#1292=ORIENTED_EDGE('',*,*,#2609,.F.);
#1293=ORIENTED_EDGE('',*,*,#2610,.F.);
#1294=ORIENTED_EDGE('',*,*,#2604,.F.);
#1295=ORIENTED_EDGE('',*,*,#1953,.T.);
#1296=ORIENTED_EDGE('',*,*,#2603,.F.);
#1297=ORIENTED_EDGE('',*,*,#2611,.F.);
#1298=ORIENTED_EDGE('',*,*,#2609,.T.);
#1299=ORIENTED_EDGE('',*,*,#2611,.T.);
#1300=ORIENTED_EDGE('',*,*,#2600,.F.);
#1301=ORIENTED_EDGE('',*,*,#2612,.F.);
#1302=ORIENTED_EDGE('',*,*,#2612,.T.);
#1303=ORIENTED_EDGE('',*,*,#2613,.F.);
#1304=ORIENTED_EDGE('',*,*,#2610,.T.);
#1305=ORIENTED_EDGE('',*,*,#1991,.T.);
#1306=ORIENTED_EDGE('',*,*,#2417,.T.);
#1307=ORIENTED_EDGE('',*,*,#2613,.T.);
#1308=ORIENTED_EDGE('',*,*,#2614,.F.);
#1309=ORIENTED_EDGE('',*,*,#2615,.F.);
#1310=ORIENTED_EDGE('',*,*,#2156,.T.);
#1311=ORIENTED_EDGE('',*,*,#2416,.T.);
#1312=ORIENTED_EDGE('',*,*,#2411,.T.);
#1313=ORIENTED_EDGE('',*,*,#2616,.F.);
#1314=ORIENTED_EDGE('',*,*,#2617,.F.);
#1315=ORIENTED_EDGE('',*,*,#2616,.T.);
#1316=ORIENTED_EDGE('',*,*,#2413,.T.);
#1317=ORIENTED_EDGE('',*,*,#2354,.T.);
#1318=ORIENTED_EDGE('',*,*,#2618,.F.);
#1319=ORIENTED_EDGE('',*,*,#2619,.F.);
#1320=ORIENTED_EDGE('',*,*,#2414,.T.);
#1321=ORIENTED_EDGE('',*,*,#2370,.T.);
#1322=ORIENTED_EDGE('',*,*,#2202,.T.);
#1323=ORIENTED_EDGE('',*,*,#2387,.T.);
#1324=ORIENTED_EDGE('',*,*,#2620,.F.);
#1325=ORIENTED_EDGE('',*,*,#2137,.T.);
#1326=ORIENTED_EDGE('',*,*,#2621,.F.);
#1327=ORIENTED_EDGE('',*,*,#2116,.F.);
#1328=ORIENTED_EDGE('',*,*,#2150,.T.);
#1329=ORIENTED_EDGE('',*,*,#2615,.T.);
#1330=ORIENTED_EDGE('',*,*,#2622,.F.);
#1331=ORIENTED_EDGE('',*,*,#2623,.F.);
#1332=ORIENTED_EDGE('',*,*,#2339,.T.);
#1333=ORIENTED_EDGE('',*,*,#2334,.T.);
#1334=ORIENTED_EDGE('',*,*,#2624,.F.);
#1335=ORIENTED_EDGE('',*,*,#2625,.F.);
#1336=ORIENTED_EDGE('',*,*,#2626,.F.);
#1337=ORIENTED_EDGE('',*,*,#2627,.F.);
#1338=ORIENTED_EDGE('',*,*,#2628,.F.);
#1339=ORIENTED_EDGE('',*,*,#2343,.T.);
#1340=ORIENTED_EDGE('',*,*,#2629,.F.);
#1341=ORIENTED_EDGE('',*,*,#2630,.F.);
#1342=ORIENTED_EDGE('',*,*,#2625,.T.);
#1343=ORIENTED_EDGE('',*,*,#2631,.F.);
#1344=ORIENTED_EDGE('',*,*,#2365,.T.);
#1345=ORIENTED_EDGE('',*,*,#2415,.T.);
#1346=ORIENTED_EDGE('',*,*,#2619,.T.);
#1347=ORIENTED_EDGE('',*,*,#2631,.T.);
#1348=ORIENTED_EDGE('',*,*,#2624,.T.);
#1349=ORIENTED_EDGE('',*,*,#2632,.F.);
#1350=ORIENTED_EDGE('',*,*,#2614,.T.);
#1351=ORIENTED_EDGE('',*,*,#2617,.T.);
#1352=ORIENTED_EDGE('',*,*,#2633,.F.);
#1353=ORIENTED_EDGE('',*,*,#2626,.T.);
#1354=ORIENTED_EDGE('',*,*,#2630,.T.);
#1355=ORIENTED_EDGE('',*,*,#2622,.T.);
#1356=ORIENTED_EDGE('',*,*,#2633,.T.);
#1357=ORIENTED_EDGE('',*,*,#2353,.T.);
#1358=ORIENTED_EDGE('',*,*,#2632,.T.);
#1359=ORIENTED_EDGE('',*,*,#2627,.T.);
#1360=ORIENTED_EDGE('',*,*,#2634,.F.);
#1361=ORIENTED_EDGE('',*,*,#2635,.F.);
#1362=ORIENTED_EDGE('',*,*,#2636,.F.);
#1363=ORIENTED_EDGE('',*,*,#2637,.F.);
#1364=ORIENTED_EDGE('',*,*,#2638,.F.);
#1365=ORIENTED_EDGE('',*,*,#2639,.F.);
#1366=ORIENTED_EDGE('',*,*,#2640,.F.);
#1367=ORIENTED_EDGE('',*,*,#2229,.T.);
#1368=ORIENTED_EDGE('',*,*,#2641,.F.);
#1369=ORIENTED_EDGE('',*,*,#2637,.T.);
#1370=ORIENTED_EDGE('',*,*,#2642,.F.);
#1371=ORIENTED_EDGE('',*,*,#2643,.F.);
#1372=ORIENTED_EDGE('',*,*,#2641,.T.);
#1373=ORIENTED_EDGE('',*,*,#2228,.T.);
#1374=ORIENTED_EDGE('',*,*,#2644,.F.);
#1375=ORIENTED_EDGE('',*,*,#2645,.F.);
#1376=ORIENTED_EDGE('',*,*,#2379,.T.);
#1377=ORIENTED_EDGE('',*,*,#2099,.T.);
#1378=ORIENTED_EDGE('',*,*,#2646,.F.);
#1379=ORIENTED_EDGE('',*,*,#2636,.T.);
#1380=ORIENTED_EDGE('',*,*,#2647,.F.);
#1381=ORIENTED_EDGE('',*,*,#2648,.F.);
#1382=ORIENTED_EDGE('',*,*,#2649,.F.);
#1383=ORIENTED_EDGE('',*,*,#2650,.F.);
#1384=ORIENTED_EDGE('',*,*,#2340,.T.);
#1385=ORIENTED_EDGE('',*,*,#2628,.T.);
#1386=ORIENTED_EDGE('',*,*,#2618,.T.);
#1387=ORIENTED_EDGE('',*,*,#2386,.T.);
#1388=ORIENTED_EDGE('',*,*,#2077,.T.);
#1389=ORIENTED_EDGE('',*,*,#2074,.T.);
#1390=ORIENTED_EDGE('',*,*,#2108,.T.);
#1391=ORIENTED_EDGE('',*,*,#2106,.T.);
#1392=ORIENTED_EDGE('',*,*,#2380,.T.);
#1393=ORIENTED_EDGE('',*,*,#2645,.T.);
#1394=ORIENTED_EDGE('',*,*,#2651,.F.);
#1395=ORIENTED_EDGE('',*,*,#2652,.F.);
#1396=ORIENTED_EDGE('',*,*,#2653,.F.);
#1397=ORIENTED_EDGE('',*,*,#2654,.F.);
#1398=ORIENTED_EDGE('',*,*,#2638,.T.);
#1399=ORIENTED_EDGE('',*,*,#2643,.T.);
#1400=ORIENTED_EDGE('',*,*,#2629,.T.);
#1401=ORIENTED_EDGE('',*,*,#2342,.T.);
#1402=ORIENTED_EDGE('',*,*,#2655,.F.);
#1403=ORIENTED_EDGE('',*,*,#2656,.F.);
#1404=ORIENTED_EDGE('',*,*,#2657,.F.);
#1405=ORIENTED_EDGE('',*,*,#2646,.T.);
#1406=ORIENTED_EDGE('',*,*,#2098,.T.);
#1407=ORIENTED_EDGE('',*,*,#2016,.T.);
#1408=ORIENTED_EDGE('',*,*,#2338,.T.);
#1409=ORIENTED_EDGE('',*,*,#2623,.T.);
#1410=ORIENTED_EDGE('',*,*,#2658,.F.);
#1411=ORIENTED_EDGE('',*,*,#2237,.T.);
#1412=ORIENTED_EDGE('',*,*,#2301,.T.);
#1413=ORIENTED_EDGE('',*,*,#2659,.T.);
#1414=ORIENTED_EDGE('',*,*,#2658,.T.);
#1415=ORIENTED_EDGE('',*,*,#2214,.T.);
#1416=ORIENTED_EDGE('',*,*,#2311,.T.);
#1417=ORIENTED_EDGE('',*,*,#2233,.T.);
#1418=ORIENTED_EDGE('',*,*,#2238,.T.);
#1419=ORIENTED_EDGE('',*,*,#2660,.F.);
#1420=ORIENTED_EDGE('',*,*,#2652,.T.);
#1421=ORIENTED_EDGE('',*,*,#2661,.F.);
#1422=ORIENTED_EDGE('',*,*,#2662,.F.);
#1423=ORIENTED_EDGE('',*,*,#2663,.F.);
#1424=ORIENTED_EDGE('',*,*,#2664,.F.);
#1425=ORIENTED_EDGE('',*,*,#2665,.F.);
#1426=ORIENTED_EDGE('',*,*,#2666,.F.);
#1427=ORIENTED_EDGE('',*,*,#2667,.F.);
#1428=ORIENTED_EDGE('',*,*,#2668,.F.);
#1429=ORIENTED_EDGE('',*,*,#2661,.T.);
#1430=ORIENTED_EDGE('',*,*,#2651,.T.);
#1431=ORIENTED_EDGE('',*,*,#2644,.T.);
#1432=ORIENTED_EDGE('',*,*,#2657,.T.);
#1433=ORIENTED_EDGE('',*,*,#2669,.F.);
#1434=ORIENTED_EDGE('',*,*,#2670,.F.);
#1435=ORIENTED_EDGE('',*,*,#2671,.F.);
#1436=ORIENTED_EDGE('',*,*,#2672,.F.);
#1437=ORIENTED_EDGE('',*,*,#2656,.T.);
#1438=ORIENTED_EDGE('',*,*,#2673,.F.);
#1439=ORIENTED_EDGE('',*,*,#2674,.F.);
#1440=ORIENTED_EDGE('',*,*,#2669,.T.);
#1441=ORIENTED_EDGE('',*,*,#2675,.F.);
#1442=ORIENTED_EDGE('',*,*,#2676,.F.);
#1443=ORIENTED_EDGE('',*,*,#2677,.F.);
#1444=ORIENTED_EDGE('',*,*,#2678,.F.);
#1445=ORIENTED_EDGE('',*,*,#2679,.F.);
#1446=ORIENTED_EDGE('',*,*,#2680,.F.);
#1447=ORIENTED_EDGE('',*,*,#2681,.F.);
#1448=ORIENTED_EDGE('',*,*,#2647,.T.);
#1449=ORIENTED_EDGE('',*,*,#2635,.T.);
#1450=ORIENTED_EDGE('',*,*,#2682,.F.);
#1451=ORIENTED_EDGE('',*,*,#2683,.F.);
#1452=ORIENTED_EDGE('',*,*,#2684,.F.);
#1453=ORIENTED_EDGE('',*,*,#2685,.F.);
#1454=ORIENTED_EDGE('',*,*,#2686,.F.);
#1455=ORIENTED_EDGE('',*,*,#2687,.F.);
#1456=ORIENTED_EDGE('',*,*,#2688,.F.);
#1457=ORIENTED_EDGE('',*,*,#2689,.F.);
#1458=ORIENTED_EDGE('',*,*,#2690,.F.);
#1459=ORIENTED_EDGE('',*,*,#2691,.F.);
#1460=ORIENTED_EDGE('',*,*,#2692,.F.);
#1461=ORIENTED_EDGE('',*,*,#2693,.F.);
#1462=ORIENTED_EDGE('',*,*,#2673,.T.);
#1463=ORIENTED_EDGE('',*,*,#2655,.T.);
#1464=ORIENTED_EDGE('',*,*,#2341,.T.);
#1465=ORIENTED_EDGE('',*,*,#2650,.T.);
#1466=ORIENTED_EDGE('',*,*,#2660,.T.);
#1467=ORIENTED_EDGE('',*,*,#2680,.T.);
#1468=ORIENTED_EDGE('',*,*,#2694,.F.);
#1469=ORIENTED_EDGE('',*,*,#2685,.T.);
#1470=ORIENTED_EDGE('',*,*,#2662,.T.);
#1471=ORIENTED_EDGE('',*,*,#2668,.T.);
#1472=ORIENTED_EDGE('',*,*,#2695,.F.);
#1473=ORIENTED_EDGE('',*,*,#2696,.F.);
#1474=ORIENTED_EDGE('',*,*,#2697,.F.);
#1475=ORIENTED_EDGE('',*,*,#2698,.F.);
#1476=ORIENTED_EDGE('',*,*,#2699,.F.);
#1477=ORIENTED_EDGE('',*,*,#2670,.T.);
#1478=ORIENTED_EDGE('',*,*,#2674,.T.);
#1479=ORIENTED_EDGE('',*,*,#2693,.T.);
#1480=ORIENTED_EDGE('',*,*,#2700,.F.);
#1481=ORIENTED_EDGE('',*,*,#2682,.T.);
#1482=ORIENTED_EDGE('',*,*,#2634,.T.);
#1483=ORIENTED_EDGE('',*,*,#2701,.F.);
#1484=ORIENTED_EDGE('',*,*,#2702,.F.);
#1485=ORIENTED_EDGE('',*,*,#2703,.F.);
#1486=ORIENTED_EDGE('',*,*,#2704,.F.);
#1487=ORIENTED_EDGE('',*,*,#2705,.F.);
#1488=ORIENTED_EDGE('',*,*,#2698,.T.);
#1489=ORIENTED_EDGE('',*,*,#2639,.T.);
#1490=ORIENTED_EDGE('',*,*,#2654,.T.);
#1491=ORIENTED_EDGE('',*,*,#2706,.F.);
#1492=ORIENTED_EDGE('',*,*,#2696,.T.);
#1493=ORIENTED_EDGE('',*,*,#2707,.F.);
#1494=ORIENTED_EDGE('',*,*,#2708,.F.);
#1495=ORIENTED_EDGE('',*,*,#2709,.F.);
#1496=ORIENTED_EDGE('',*,*,#2684,.T.);
#1497=ORIENTED_EDGE('',*,*,#2710,.F.);
#1498=ORIENTED_EDGE('',*,*,#2691,.T.);
#1499=ORIENTED_EDGE('',*,*,#2683,.T.);
#1500=ORIENTED_EDGE('',*,*,#2700,.T.);
#1501=ORIENTED_EDGE('',*,*,#2692,.T.);
#1502=ORIENTED_EDGE('',*,*,#2710,.T.);
#1503=ORIENTED_EDGE('',*,*,#2711,.F.);
#1504=ORIENTED_EDGE('',*,*,#2708,.T.);
#1505=ORIENTED_EDGE('',*,*,#2712,.F.);
#1506=ORIENTED_EDGE('',*,*,#2666,.T.);
#1507=ORIENTED_EDGE('',*,*,#2707,.T.);
#1508=ORIENTED_EDGE('',*,*,#2695,.T.);
#1509=ORIENTED_EDGE('',*,*,#2667,.T.);
#1510=ORIENTED_EDGE('',*,*,#2712,.T.);
#1511=ORIENTED_EDGE('',*,*,#2713,.F.);
#1512=ORIENTED_EDGE('',*,*,#2704,.T.);
#1513=ORIENTED_EDGE('',*,*,#2714,.F.);
#1514=ORIENTED_EDGE('',*,*,#2672,.T.);
#1515=ORIENTED_EDGE('',*,*,#2671,.T.);
#1516=ORIENTED_EDGE('',*,*,#2699,.T.);
#1517=ORIENTED_EDGE('',*,*,#2705,.T.);
#1518=ORIENTED_EDGE('',*,*,#2713,.T.);
#1519=ORIENTED_EDGE('',*,*,#2714,.T.);
#1520=ORIENTED_EDGE('',*,*,#2703,.T.);
#1521=ORIENTED_EDGE('',*,*,#2715,.F.);
#1522=ORIENTED_EDGE('',*,*,#2716,.F.);
#1523=ORIENTED_EDGE('',*,*,#2663,.T.);
#1524=ORIENTED_EDGE('',*,*,#2717,.F.);
#1525=ORIENTED_EDGE('',*,*,#2678,.T.);
#1526=ORIENTED_EDGE('',*,*,#2718,.F.);
#1527=ORIENTED_EDGE('',*,*,#2687,.T.);
#1528=ORIENTED_EDGE('',*,*,#2686,.T.);
#1529=ORIENTED_EDGE('',*,*,#2694,.T.);
#1530=ORIENTED_EDGE('',*,*,#2679,.T.);
#1531=ORIENTED_EDGE('',*,*,#2717,.T.);
#1532=ORIENTED_EDGE('',*,*,#2718,.T.);
#1533=ORIENTED_EDGE('',*,*,#2677,.T.);
#1534=ORIENTED_EDGE('',*,*,#2719,.F.);
#1535=ORIENTED_EDGE('',*,*,#2720,.F.);
#1536=ORIENTED_EDGE('',*,*,#2688,.T.);
#1537=ORIENTED_EDGE('',*,*,#2642,.T.);
#1538=ORIENTED_EDGE('',*,*,#2231,.T.);
#1539=ORIENTED_EDGE('',*,*,#2721,.F.);
#1540=ORIENTED_EDGE('',*,*,#2648,.T.);
#1541=ORIENTED_EDGE('',*,*,#2681,.T.);
#1542=ORIENTED_EDGE('',*,*,#2697,.T.);
#1543=ORIENTED_EDGE('',*,*,#2706,.T.);
#1544=ORIENTED_EDGE('',*,*,#2653,.T.);
#1545=ORIENTED_EDGE('',*,*,#2649,.T.);
#1546=ORIENTED_EDGE('',*,*,#2721,.T.);
#1547=ORIENTED_EDGE('',*,*,#2230,.T.);
#1548=ORIENTED_EDGE('',*,*,#2640,.T.);
#1549=ORIENTED_EDGE('',*,*,#2665,.T.);
#1550=ORIENTED_EDGE('',*,*,#2722,.F.);
#1551=ORIENTED_EDGE('',*,*,#2723,.F.);
#1552=ORIENTED_EDGE('',*,*,#2701,.T.);
#1553=ORIENTED_EDGE('',*,*,#2711,.T.);
#1554=ORIENTED_EDGE('',*,*,#2716,.T.);
#1555=ORIENTED_EDGE('',*,*,#2724,.F.);
#1556=ORIENTED_EDGE('',*,*,#2722,.T.);
#1557=ORIENTED_EDGE('',*,*,#2664,.T.);
#1558=ORIENTED_EDGE('',*,*,#2702,.T.);
#1559=ORIENTED_EDGE('',*,*,#2723,.T.);
#1560=ORIENTED_EDGE('',*,*,#2724,.T.);
#1561=ORIENTED_EDGE('',*,*,#2715,.T.);
#1562=ORIENTED_EDGE('',*,*,#2690,.T.);
#1563=ORIENTED_EDGE('',*,*,#2725,.F.);
#1564=ORIENTED_EDGE('',*,*,#2726,.F.);
#1565=ORIENTED_EDGE('',*,*,#2675,.T.);
#1566=ORIENTED_EDGE('',*,*,#2709,.T.);
#1567=ORIENTED_EDGE('',*,*,#2720,.T.);
#1568=ORIENTED_EDGE('',*,*,#2727,.F.);
#1569=ORIENTED_EDGE('',*,*,#2725,.T.);
#1570=ORIENTED_EDGE('',*,*,#2689,.T.);
#1571=ORIENTED_EDGE('',*,*,#2676,.T.);
#1572=ORIENTED_EDGE('',*,*,#2726,.T.);
#1573=ORIENTED_EDGE('',*,*,#2727,.T.);
#1574=ORIENTED_EDGE('',*,*,#2719,.T.);
#1575=ORIENTED_EDGE('',*,*,#2325,.F.);
#1576=ORIENTED_EDGE('',*,*,#2312,.T.);
#1577=ORIENTED_EDGE('',*,*,#2212,.F.);
#1578=ORIENTED_EDGE('',*,*,#2323,.T.);
#1579=ORIENTED_EDGE('',*,*,#2206,.T.);
#1580=ORIENTED_EDGE('',*,*,#2215,.T.);
#1581=ORIENTED_EDGE('',*,*,#2659,.F.);
#1582=ORIENTED_EDGE('',*,*,#2300,.T.);
#1583=ORIENTED_EDGE('',*,*,#2728,.F.);
#1584=ORIENTED_EDGE('',*,*,#2729,.T.);
#1585=ORIENTED_EDGE('',*,*,#2730,.T.);
#1586=ORIENTED_EDGE('',*,*,#2157,.F.);
#1587=ORIENTED_EDGE('',*,*,#2349,.F.);
#1588=ORIENTED_EDGE('',*,*,#2166,.F.);
#1589=ORIENTED_EDGE('',*,*,#2731,.T.);
#1590=ORIENTED_EDGE('',*,*,#2732,.F.);
#1591=ORIENTED_EDGE('',*,*,#2347,.F.);
#1592=ORIENTED_EDGE('',*,*,#2732,.T.);
#1593=ORIENTED_EDGE('',*,*,#2733,.T.);
#1594=ORIENTED_EDGE('',*,*,#2729,.F.);
#1595=ORIENTED_EDGE('',*,*,#2348,.F.);
#1596=ORIENTED_EDGE('',*,*,#2346,.F.);
#1597=ORIENTED_EDGE('',*,*,#2310,.T.);
#1598=ORIENTED_EDGE('',*,*,#2158,.F.);
#1599=ORIENTED_EDGE('',*,*,#2730,.F.);
#1600=ORIENTED_EDGE('',*,*,#2734,.F.);
#1601=ORIENTED_EDGE('',*,*,#2188,.F.);
#1602=ORIENTED_EDGE('',*,*,#2734,.T.);
#1603=ORIENTED_EDGE('',*,*,#2733,.F.);
#1604=ORIENTED_EDGE('',*,*,#2735,.F.);
#1605=ORIENTED_EDGE('',*,*,#2185,.F.);
#1606=ORIENTED_EDGE('',*,*,#2735,.T.);
#1607=ORIENTED_EDGE('',*,*,#2731,.F.);
#1608=ORIENTED_EDGE('',*,*,#2165,.F.);
#1609=ORIENTED_EDGE('',*,*,#2186,.F.);
#1610=ORIENTED_EDGE('',*,*,#2299,.F.);
#1611=ORIENTED_EDGE('',*,*,#2243,.F.);
#1612=ORIENTED_EDGE('',*,*,#2207,.F.);
#1613=ORIENTED_EDGE('',*,*,#2728,.T.);
#1614=ORIENTED_EDGE('',*,*,#2620,.T.);
#1615=ORIENTED_EDGE('',*,*,#2333,.T.);
#1616=ORIENTED_EDGE('',*,*,#2138,.T.);
#1617=ORIENTED_EDGE('',*,*,#2119,.F.);
#1618=ORIENTED_EDGE('',*,*,#1967,.T.);
#1619=ORIENTED_EDGE('',*,*,#2388,.T.);
#1620=ORIENTED_EDGE('',*,*,#2151,.F.);
#1621=ORIENTED_EDGE('',*,*,#2114,.F.);
#1622=ORIENTED_EDGE('',*,*,#2736,.F.);
#1623=ORIENTED_EDGE('',*,*,#2123,.F.);
#1624=ORIENTED_EDGE('',*,*,#2737,.F.);
#1625=ORIENTED_EDGE('',*,*,#2738,.F.);
#1626=ORIENTED_EDGE('',*,*,#2306,.F.);
#1627=ORIENTED_EDGE('',*,*,#2739,.F.);
#1628=ORIENTED_EDGE('',*,*,#2147,.F.);
#1629=ORIENTED_EDGE('',*,*,#2739,.T.);
#1630=ORIENTED_EDGE('',*,*,#2305,.F.);
#1631=ORIENTED_EDGE('',*,*,#2740,.F.);
#1632=ORIENTED_EDGE('',*,*,#2141,.F.);
#1633=ORIENTED_EDGE('',*,*,#2738,.T.);
#1634=ORIENTED_EDGE('',*,*,#2145,.F.);
#1635=ORIENTED_EDGE('',*,*,#2741,.F.);
#1636=ORIENTED_EDGE('',*,*,#2303,.F.);
#1637=ORIENTED_EDGE('',*,*,#2740,.T.);
#1638=ORIENTED_EDGE('',*,*,#2304,.F.);
#1639=ORIENTED_EDGE('',*,*,#2741,.T.);
#1640=ORIENTED_EDGE('',*,*,#2143,.F.);
#1641=ORIENTED_EDGE('',*,*,#1969,.F.);
#1642=ORIENTED_EDGE('',*,*,#2742,.T.);
#1643=ORIENTED_EDGE('',*,*,#2743,.T.);
#1644=ORIENTED_EDGE('',*,*,#2337,.F.);
#1645=ORIENTED_EDGE('',*,*,#2136,.T.);
#1646=ORIENTED_EDGE('',*,*,#2743,.F.);
#1647=ORIENTED_EDGE('',*,*,#2744,.T.);
#1648=ORIENTED_EDGE('',*,*,#2117,.T.);
#1649=ORIENTED_EDGE('',*,*,#2621,.T.);
#1650=ORIENTED_EDGE('',*,*,#1968,.T.);
#1651=ORIENTED_EDGE('',*,*,#2118,.T.);
#1652=ORIENTED_EDGE('',*,*,#2744,.F.);
#1653=ORIENTED_EDGE('',*,*,#2742,.F.);
#1654=ORIENTED_EDGE('',*,*,#2745,.F.);
#1655=ORIENTED_EDGE('',*,*,#2746,.T.);
#1656=ORIENTED_EDGE('',*,*,#2129,.T.);
#1657=ORIENTED_EDGE('',*,*,#2747,.F.);
#1658=ORIENTED_EDGE('',*,*,#2128,.T.);
#1659=ORIENTED_EDGE('',*,*,#2748,.F.);
#1660=ORIENTED_EDGE('',*,*,#2749,.F.);
#1661=ORIENTED_EDGE('',*,*,#2747,.T.);
#1662=ORIENTED_EDGE('',*,*,#2131,.T.);
#1663=ORIENTED_EDGE('',*,*,#2750,.T.);
#1664=ORIENTED_EDGE('',*,*,#2751,.F.);
#1665=ORIENTED_EDGE('',*,*,#2748,.T.);
#1666=ORIENTED_EDGE('',*,*,#2752,.F.);
#1667=ORIENTED_EDGE('',*,*,#2751,.T.);
#1668=ORIENTED_EDGE('',*,*,#2753,.T.);
#1669=ORIENTED_EDGE('',*,*,#2745,.T.);
#1670=ORIENTED_EDGE('',*,*,#2749,.T.);
#1671=ORIENTED_EDGE('',*,*,#2754,.F.);
#1672=ORIENTED_EDGE('',*,*,#2737,.T.);
#1673=ORIENTED_EDGE('',*,*,#2755,.F.);
#1674=ORIENTED_EDGE('',*,*,#2756,.F.);
#1675=ORIENTED_EDGE('',*,*,#2757,.F.);
#1676=ORIENTED_EDGE('',*,*,#2758,.T.);
#1677=ORIENTED_EDGE('',*,*,#2120,.T.);
#1678=ORIENTED_EDGE('',*,*,#2754,.T.);
#1679=ORIENTED_EDGE('',*,*,#2759,.F.);
#1680=ORIENTED_EDGE('',*,*,#2756,.T.);
#1681=ORIENTED_EDGE('',*,*,#2760,.F.);
#1682=ORIENTED_EDGE('',*,*,#2761,.F.);
#1683=ORIENTED_EDGE('',*,*,#2759,.T.);
#1684=ORIENTED_EDGE('',*,*,#2122,.T.);
#1685=ORIENTED_EDGE('',*,*,#2762,.T.);
#1686=ORIENTED_EDGE('',*,*,#2763,.F.);
#1687=ORIENTED_EDGE('',*,*,#2760,.T.);
#1688=ORIENTED_EDGE('',*,*,#2755,.T.);
#1689=ORIENTED_EDGE('',*,*,#2764,.F.);
#1690=ORIENTED_EDGE('',*,*,#2763,.T.);
#1691=ORIENTED_EDGE('',*,*,#2765,.T.);
#1692=ORIENTED_EDGE('',*,*,#2757,.T.);
#1693=ORIENTED_EDGE('',*,*,#2761,.T.);
#1694=ORIENTED_EDGE('',*,*,#2766,.F.);
#1695=ORIENTED_EDGE('',*,*,#2767,.T.);
#1696=ORIENTED_EDGE('',*,*,#2133,.T.);
#1697=ORIENTED_EDGE('',*,*,#2768,.F.);
#1698=ORIENTED_EDGE('',*,*,#2132,.T.);
#1699=ORIENTED_EDGE('',*,*,#2769,.F.);
#1700=ORIENTED_EDGE('',*,*,#2770,.F.);
#1701=ORIENTED_EDGE('',*,*,#2768,.T.);
#1702=ORIENTED_EDGE('',*,*,#2135,.T.);
#1703=ORIENTED_EDGE('',*,*,#2771,.T.);
#1704=ORIENTED_EDGE('',*,*,#2772,.F.);
#1705=ORIENTED_EDGE('',*,*,#2769,.T.);
#1706=ORIENTED_EDGE('',*,*,#2773,.F.);
#1707=ORIENTED_EDGE('',*,*,#2772,.T.);
#1708=ORIENTED_EDGE('',*,*,#2774,.T.);
#1709=ORIENTED_EDGE('',*,*,#2766,.T.);
#1710=ORIENTED_EDGE('',*,*,#2770,.T.);
#1711=ORIENTED_EDGE('',*,*,#2775,.F.);
#1712=ORIENTED_EDGE('',*,*,#2736,.T.);
#1713=ORIENTED_EDGE('',*,*,#2776,.F.);
#1714=ORIENTED_EDGE('',*,*,#2777,.F.);
#1715=ORIENTED_EDGE('',*,*,#2778,.F.);
#1716=ORIENTED_EDGE('',*,*,#2779,.T.);
#1717=ORIENTED_EDGE('',*,*,#2111,.T.);
#1718=ORIENTED_EDGE('',*,*,#2775,.T.);
#1719=ORIENTED_EDGE('',*,*,#2780,.F.);
#1720=ORIENTED_EDGE('',*,*,#2777,.T.);
#1721=ORIENTED_EDGE('',*,*,#2781,.F.);
#1722=ORIENTED_EDGE('',*,*,#2782,.F.);
#1723=ORIENTED_EDGE('',*,*,#2780,.T.);
#1724=ORIENTED_EDGE('',*,*,#2113,.T.);
#1725=ORIENTED_EDGE('',*,*,#2783,.T.);
#1726=ORIENTED_EDGE('',*,*,#2784,.F.);
#1727=ORIENTED_EDGE('',*,*,#2781,.T.);
#1728=ORIENTED_EDGE('',*,*,#2776,.T.);
#1729=ORIENTED_EDGE('',*,*,#2785,.F.);
#1730=ORIENTED_EDGE('',*,*,#2784,.T.);
#1731=ORIENTED_EDGE('',*,*,#2786,.T.);
#1732=ORIENTED_EDGE('',*,*,#2778,.T.);
#1733=ORIENTED_EDGE('',*,*,#2782,.T.);
#1734=ORIENTED_EDGE('',*,*,#2787,.T.);
#1735=ORIENTED_EDGE('',*,*,#2785,.T.);
#1736=ORIENTED_EDGE('',*,*,#2787,.F.);
#1737=ORIENTED_EDGE('',*,*,#2788,.T.);
#1738=ORIENTED_EDGE('',*,*,#2773,.T.);
#1739=ORIENTED_EDGE('',*,*,#2788,.F.);
#1740=ORIENTED_EDGE('',*,*,#2789,.T.);
#1741=ORIENTED_EDGE('',*,*,#2764,.T.);
#1742=ORIENTED_EDGE('',*,*,#2789,.F.);
#1743=ORIENTED_EDGE('',*,*,#2790,.T.);
#1744=ORIENTED_EDGE('',*,*,#2752,.T.);
#1745=ORIENTED_EDGE('',*,*,#2790,.F.);
#1746=ORIENTED_EDGE('',*,*,#2771,.F.);
#1747=ORIENTED_EDGE('',*,*,#2134,.F.);
#1748=ORIENTED_EDGE('',*,*,#2767,.F.);
#1749=ORIENTED_EDGE('',*,*,#2774,.F.);
#1750=ORIENTED_EDGE('',*,*,#2750,.F.);
#1751=ORIENTED_EDGE('',*,*,#2130,.F.);
#1752=ORIENTED_EDGE('',*,*,#2746,.F.);
#1753=ORIENTED_EDGE('',*,*,#2753,.F.);
#1754=ORIENTED_EDGE('',*,*,#2783,.F.);
#1755=ORIENTED_EDGE('',*,*,#2112,.F.);
#1756=ORIENTED_EDGE('',*,*,#2779,.F.);
#1757=ORIENTED_EDGE('',*,*,#2786,.F.);
#1758=ORIENTED_EDGE('',*,*,#2762,.F.);
#1759=ORIENTED_EDGE('',*,*,#2121,.F.);
#1760=ORIENTED_EDGE('',*,*,#2758,.F.);
#1761=ORIENTED_EDGE('',*,*,#2765,.F.);
#1762=ORIENTED_EDGE('',*,*,#2104,.F.);
#1763=ORIENTED_EDGE('',*,*,#2107,.F.);
#1764=ORIENTED_EDGE('',*,*,#2093,.F.);
#1765=ORIENTED_EDGE('',*,*,#2101,.F.);
#1766=ORIENTED_EDGE('',*,*,#2084,.F.);
#1767=ORIENTED_EDGE('',*,*,#2087,.F.);
#1768=ORIENTED_EDGE('',*,*,#2018,.T.);
#1769=ORIENTED_EDGE('',*,*,#2097,.F.);
#1770=ORIENTED_EDGE('',*,*,#2072,.F.);
#1771=ORIENTED_EDGE('',*,*,#2076,.F.);
#1772=ORIENTED_EDGE('',*,*,#2081,.F.);
#1773=ORIENTED_EDGE('',*,*,#2109,.F.);
#1774=ORIENTED_EDGE('',*,*,#1918,.T.);
#1775=ORIENTED_EDGE('',*,*,#2295,.F.);
#1776=ORIENTED_EDGE('',*,*,#1957,.F.);
#1777=ORIENTED_EDGE('',*,*,#1926,.F.);
#1778=ORIENTED_EDGE('',*,*,#2791,.F.);
#1779=ORIENTED_EDGE('',*,*,#2792,.F.);
#1780=ORIENTED_EDGE('',*,*,#2793,.T.);
#1781=ORIENTED_EDGE('',*,*,#1950,.F.);
#1782=ORIENTED_EDGE('',*,*,#1947,.F.);
#1783=ORIENTED_EDGE('',*,*,#1943,.F.);
#1784=ORIENTED_EDGE('',*,*,#2008,.F.);
#1785=ORIENTED_EDGE('',*,*,#1936,.F.);
#1786=ORIENTED_EDGE('',*,*,#1940,.F.);
#1787=ORIENTED_EDGE('',*,*,#1922,.F.);
#1788=ORIENTED_EDGE('',*,*,#1959,.T.);
#1789=ORIENTED_EDGE('',*,*,#2294,.F.);
#1790=ORIENTED_EDGE('',*,*,#2794,.F.);
#1791=ORIENTED_EDGE('',*,*,#1928,.T.);
#1792=ORIENTED_EDGE('',*,*,#2061,.T.);
#1793=ORIENTED_EDGE('',*,*,#1929,.T.);
#1794=ORIENTED_EDGE('',*,*,#2794,.T.);
#1795=ORIENTED_EDGE('',*,*,#2293,.T.);
#1796=ORIENTED_EDGE('',*,*,#2795,.T.);
#1797=ORIENTED_EDGE('',*,*,#2796,.T.);
#1798=ORIENTED_EDGE('',*,*,#2797,.F.);
#1799=ORIENTED_EDGE('',*,*,#2798,.F.);
#1800=ORIENTED_EDGE('',*,*,#2797,.T.);
#1801=ORIENTED_EDGE('',*,*,#2799,.T.);
#1802=ORIENTED_EDGE('',*,*,#2800,.T.);
#1803=ORIENTED_EDGE('',*,*,#2010,.F.);
#1804=ORIENTED_EDGE('',*,*,#2025,.F.);
#1805=ORIENTED_EDGE('',*,*,#2028,.F.);
#1806=ORIENTED_EDGE('',*,*,#2031,.F.);
#1807=ORIENTED_EDGE('',*,*,#2034,.F.);
#1808=ORIENTED_EDGE('',*,*,#2037,.F.);
#1809=ORIENTED_EDGE('',*,*,#2039,.F.);
#1810=ORIENTED_EDGE('',*,*,#1931,.T.);
#1811=ORIENTED_EDGE('',*,*,#2065,.F.);
#1812=ORIENTED_EDGE('',*,*,#2801,.F.);
#1813=ORIENTED_EDGE('',*,*,#2802,.T.);
#1814=ORIENTED_EDGE('',*,*,#2803,.T.);
#1815=ORIENTED_EDGE('',*,*,#2795,.F.);
#1816=ORIENTED_EDGE('',*,*,#2804,.F.);
#1817=ORIENTED_EDGE('',*,*,#2063,.T.);
#1818=ORIENTED_EDGE('',*,*,#1955,.F.);
#1819=ORIENTED_EDGE('',*,*,#2043,.F.);
#1820=ORIENTED_EDGE('',*,*,#2045,.F.);
#1821=ORIENTED_EDGE('',*,*,#2048,.F.);
#1822=ORIENTED_EDGE('',*,*,#2050,.F.);
#1823=ORIENTED_EDGE('',*,*,#2052,.F.);
#1824=ORIENTED_EDGE('',*,*,#2055,.F.);
#1825=ORIENTED_EDGE('',*,*,#2058,.F.);
#1826=ORIENTED_EDGE('',*,*,#2059,.F.);
#1827=ORIENTED_EDGE('',*,*,#2012,.F.);
#1828=ORIENTED_EDGE('',*,*,#2805,.F.);
#1829=ORIENTED_EDGE('',*,*,#2798,.T.);
#1830=ORIENTED_EDGE('',*,*,#2801,.T.);
#1831=ORIENTED_EDGE('',*,*,#2064,.T.);
#1832=ORIENTED_EDGE('',*,*,#2804,.T.);
#1833=ORIENTED_EDGE('',*,*,#2800,.F.);
#1834=ORIENTED_EDGE('',*,*,#2806,.T.);
#1835=ORIENTED_EDGE('',*,*,#2802,.F.);
#1836=ORIENTED_EDGE('',*,*,#2011,.F.);
#1837=ORIENTED_EDGE('',*,*,#1963,.F.);
#1838=ORIENTED_EDGE('',*,*,#2807,.T.);
#1839=ORIENTED_EDGE('',*,*,#2808,.F.);
#1840=ORIENTED_EDGE('',*,*,#2809,.F.);
#1841=ORIENTED_EDGE('',*,*,#2791,.T.);
#1842=ORIENTED_EDGE('',*,*,#1925,.T.);
#1843=ORIENTED_EDGE('',*,*,#1973,.F.);
#1844=ORIENTED_EDGE('',*,*,#1976,.F.);
#1845=ORIENTED_EDGE('',*,*,#1979,.F.);
#1846=ORIENTED_EDGE('',*,*,#1982,.F.);
#1847=ORIENTED_EDGE('',*,*,#1985,.F.);
#1848=ORIENTED_EDGE('',*,*,#1987,.F.);
#1849=ORIENTED_EDGE('',*,*,#2808,.T.);
#1850=ORIENTED_EDGE('',*,*,#2810,.T.);
#1851=ORIENTED_EDGE('',*,*,#2811,.F.);
#1852=ORIENTED_EDGE('',*,*,#2812,.F.);
#1853=ORIENTED_EDGE('',*,*,#2811,.T.);
#1854=ORIENTED_EDGE('',*,*,#2813,.T.);
#1855=ORIENTED_EDGE('',*,*,#1961,.F.);
#1856=ORIENTED_EDGE('',*,*,#1990,.F.);
#1857=ORIENTED_EDGE('',*,*,#1993,.F.);
#1858=ORIENTED_EDGE('',*,*,#1995,.F.);
#1859=ORIENTED_EDGE('',*,*,#1998,.F.);
#1860=ORIENTED_EDGE('',*,*,#2001,.F.);
#1861=ORIENTED_EDGE('',*,*,#2003,.F.);
#1862=ORIENTED_EDGE('',*,*,#2005,.F.);
#1863=ORIENTED_EDGE('',*,*,#2007,.F.);
#1864=ORIENTED_EDGE('',*,*,#1951,.F.);
#1865=ORIENTED_EDGE('',*,*,#2793,.F.);
#1866=ORIENTED_EDGE('',*,*,#2814,.F.);
#1867=ORIENTED_EDGE('',*,*,#2815,.F.);
#1868=ORIENTED_EDGE('',*,*,#2792,.T.);
#1869=ORIENTED_EDGE('',*,*,#2809,.T.);
#1870=ORIENTED_EDGE('',*,*,#2812,.T.);
#1871=ORIENTED_EDGE('',*,*,#2814,.T.);
#1872=ORIENTED_EDGE('',*,*,#2816,.T.);
#1873=ORIENTED_EDGE('',*,*,#2815,.T.);
#1874=ORIENTED_EDGE('',*,*,#2816,.F.);
#1875=ORIENTED_EDGE('',*,*,#2817,.T.);
#1876=ORIENTED_EDGE('',*,*,#2805,.T.);
#1877=ORIENTED_EDGE('',*,*,#2817,.F.);
#1878=ORIENTED_EDGE('',*,*,#2803,.F.);
#1879=ORIENTED_EDGE('',*,*,#2806,.F.);
#1880=ORIENTED_EDGE('',*,*,#2799,.F.);
#1881=ORIENTED_EDGE('',*,*,#2796,.F.);
#1882=ORIENTED_EDGE('',*,*,#2807,.F.);
#1883=ORIENTED_EDGE('',*,*,#1962,.T.);
#1884=ORIENTED_EDGE('',*,*,#2813,.F.);
#1885=ORIENTED_EDGE('',*,*,#2810,.F.);
#1886=ORIENTED_EDGE('',*,*,#2410,.T.);
#1887=ORIENTED_EDGE('',*,*,#2149,.T.);
#1888=ORIENTED_EDGE('',*,*,#2409,.T.);
#1889=ORIENTED_EDGE('',*,*,#2148,.T.);
#1890=ORIENTED_EDGE('',*,*,#2403,.T.);
#1891=ORIENTED_EDGE('',*,*,#2369,.T.);
#1892=ORIENTED_EDGE('',*,*,#2402,.T.);
#1893=ORIENTED_EDGE('',*,*,#2368,.T.);
#1894=ORIENTED_EDGE('',*,*,#2818,.T.);
#1895=ORIENTED_EDGE('',*,*,#2819,.T.);
#1896=ORIENTED_EDGE('',*,*,#2820,.T.);
#1897=ORIENTED_EDGE('',*,*,#2821,.T.);
#1898=ORIENTED_EDGE('',*,*,#2822,.F.);
#1899=ORIENTED_EDGE('',*,*,#2823,.F.);
#1900=ORIENTED_EDGE('',*,*,#2824,.F.);
#1901=ORIENTED_EDGE('',*,*,#2825,.T.);
#1902=ORIENTED_EDGE('',*,*,#2826,.F.);
#1903=ORIENTED_EDGE('',*,*,#2819,.F.);
#1904=ORIENTED_EDGE('',*,*,#2827,.F.);
#1905=ORIENTED_EDGE('',*,*,#2825,.F.);
#1906=ORIENTED_EDGE('',*,*,#2818,.F.);
#1907=ORIENTED_EDGE('',*,*,#2828,.T.);
#1908=ORIENTED_EDGE('',*,*,#2822,.T.);
#1909=ORIENTED_EDGE('',*,*,#2827,.T.);
#1910=ORIENTED_EDGE('',*,*,#2821,.F.);
#1911=ORIENTED_EDGE('',*,*,#2829,.T.);
#1912=ORIENTED_EDGE('',*,*,#2823,.T.);
#1913=ORIENTED_EDGE('',*,*,#2828,.F.);
#1914=ORIENTED_EDGE('',*,*,#2820,.F.);
#1915=ORIENTED_EDGE('',*,*,#2826,.T.);
#1916=ORIENTED_EDGE('',*,*,#2824,.T.);
#1917=ORIENTED_EDGE('',*,*,#2829,.F.);
#1918=EDGE_CURVE('',#2830,#2831,#3374,.T.);
#1919=EDGE_CURVE('',#2832,#2830,#3375,.T.);
#1920=EDGE_CURVE('',#2833,#2832,#3376,.T.);
#1921=EDGE_CURVE('',#2833,#2831,#3377,.T.);
#1922=EDGE_CURVE('',#2830,#2834,#3378,.T.);
#1923=EDGE_CURVE('',#2835,#2834,#3379,.T.);
#1924=EDGE_CURVE('',#2835,#2832,#3380,.T.);
#1925=EDGE_CURVE('',#2836,#2837,#3381,.F.);
#1926=EDGE_CURVE('',#2836,#2838,#3382,.T.);
#1927=EDGE_CURVE('',#2838,#2839,#3383,.T.);
#1928=EDGE_CURVE('',#2840,#2839,#3384,.T.);
#1929=EDGE_CURVE('',#2841,#2840,#3385,.T.);
#1930=EDGE_CURVE('',#2841,#2842,#3386,.T.);
#1931=EDGE_CURVE('',#2843,#2842,#3387,.F.);
#1932=EDGE_CURVE('',#2844,#2843,#3388,.T.);
#1933=EDGE_CURVE('',#2845,#2844,#3389,.T.);
#1934=EDGE_CURVE('',#2837,#2845,#3390,.T.);
#1935=EDGE_CURVE('',#2846,#2847,#3391,.T.);
#1936=EDGE_CURVE('',#2846,#2848,#3392,.T.);
#1937=EDGE_CURVE('',#2848,#2849,#3393,.T.);
#1938=EDGE_CURVE('',#2850,#2849,#3394,.T.);
#1939=EDGE_CURVE('',#2850,#2847,#3395,.T.);
#1940=EDGE_CURVE('',#2834,#2846,#3396,.T.);
#1941=EDGE_CURVE('',#2847,#2835,#3397,.T.);
#1942=EDGE_CURVE('',#2851,#2849,#3398,.T.);
#1943=EDGE_CURVE('',#2851,#2852,#3399,.T.);
#1944=EDGE_CURVE('',#2852,#2853,#3400,.T.);
#1945=EDGE_CURVE('',#2853,#2854,#3401,.T.);
#1946=EDGE_CURVE('',#2849,#2854,#3402,.T.);
#1947=EDGE_CURVE('',#2852,#2855,#3403,.T.);
#1948=EDGE_CURVE('',#2856,#2855,#3404,.T.);
#1949=EDGE_CURVE('',#2856,#2853,#3405,.T.);
#1950=EDGE_CURVE('',#2855,#2857,#3406,.T.);
#1951=EDGE_CURVE('',#2857,#2858,#3407,.T.);
#1952=EDGE_CURVE('',#2859,#2858,#3408,.T.);
#1953=EDGE_CURVE('',#2860,#2859,#3409,.T.);
#1954=EDGE_CURVE('',#2861,#2860,#3410,.T.);
#1955=EDGE_CURVE('',#2861,#2862,#3411,.T.);
#1956=EDGE_CURVE('',#2862,#2856,#3412,.T.);
#1957=EDGE_CURVE('',#2838,#2863,#3413,.T.);
#1958=EDGE_CURVE('',#2863,#2864,#3414,.T.);
#1959=EDGE_CURVE('',#2839,#2864,#3415,.T.);
#1960=EDGE_CURVE('',#2865,#2866,#3416,.T.);
#1961=EDGE_CURVE('',#2865,#2867,#3417,.T.);
#1962=EDGE_CURVE('',#2868,#2867,#3418,.F.);
#1963=EDGE_CURVE('',#2868,#2869,#3419,.T.);
#1964=EDGE_CURVE('',#2870,#2869,#3420,.T.);
#1965=EDGE_CURVE('',#2870,#2871,#3421,.T.);
#1966=EDGE_CURVE('',#2872,#2871,#3422,.F.);
#1967=EDGE_CURVE('',#2873,#2872,#3423,.T.);
#1968=EDGE_CURVE('',#2874,#2873,#3424,.T.);
#1969=EDGE_CURVE('',#2874,#2875,#3425,.T.);
#1970=EDGE_CURVE('',#2876,#2875,#3426,.T.);
#1971=EDGE_CURVE('',#2866,#2876,#3427,.T.);
#1972=EDGE_CURVE('',#2877,#2878,#3428,.T.);
#1973=EDGE_CURVE('',#2877,#2837,#3429,.T.);
#1974=EDGE_CURVE('',#2845,#2878,#3430,.T.);
#1975=EDGE_CURVE('',#2879,#2880,#3431,.T.);
#1976=EDGE_CURVE('',#2879,#2877,#3432,.T.);
#1977=EDGE_CURVE('',#2878,#2880,#3433,.T.);
#1978=EDGE_CURVE('',#2881,#2882,#3434,.T.);
#1979=EDGE_CURVE('',#2881,#2879,#3435,.T.);
#1980=EDGE_CURVE('',#2880,#2882,#3436,.T.);
#1981=EDGE_CURVE('',#2883,#2884,#3437,.T.);
#1982=EDGE_CURVE('',#2883,#2881,#3438,.T.);
#1983=EDGE_CURVE('',#2882,#2884,#3439,.T.);
#1984=EDGE_CURVE('',#2885,#2886,#3440,.T.);
#1985=EDGE_CURVE('',#2885,#2883,#3441,.T.);
#1986=EDGE_CURVE('',#2884,#2886,#3442,.T.);
#1987=EDGE_CURVE('',#2869,#2885,#3443,.T.);
#1988=EDGE_CURVE('',#2886,#2870,#3444,.T.);
#1989=EDGE_CURVE('',#2887,#2888,#92,.F.);
#1990=EDGE_CURVE('',#2887,#2865,#3445,.T.);
#1991=EDGE_CURVE('',#2888,#2866,#3446,.T.);
#1992=EDGE_CURVE('',#2889,#2888,#3447,.T.);
#1993=EDGE_CURVE('',#2889,#2887,#3448,.T.);
#1994=EDGE_CURVE('',#2890,#2891,#3449,.T.);
#1995=EDGE_CURVE('',#2890,#2889,#3450,.T.);
#1996=EDGE_CURVE('',#2891,#2888,#3451,.T.);
#1997=EDGE_CURVE('',#2892,#2893,#3452,.T.);
#1998=EDGE_CURVE('',#2892,#2890,#3453,.T.);
#1999=EDGE_CURVE('',#2893,#2891,#3454,.T.);
#2000=EDGE_CURVE('',#2894,#2893,#3455,.T.);
#2001=EDGE_CURVE('',#2894,#2892,#3456,.T.);
#2002=EDGE_CURVE('',#2895,#2893,#3457,.T.);
#2003=EDGE_CURVE('',#2895,#2894,#3458,.T.);
#2004=EDGE_CURVE('',#2896,#2859,#3459,.T.);
#2005=EDGE_CURVE('',#2896,#2895,#3460,.T.);
#2006=EDGE_CURVE('',#2893,#2859,#3461,.T.);
#2007=EDGE_CURVE('',#2858,#2896,#3462,.T.);
#2008=EDGE_CURVE('',#2848,#2851,#3463,.T.);
#2009=EDGE_CURVE('',#2897,#2898,#3464,.T.);
#2010=EDGE_CURVE('',#2897,#2899,#3465,.T.);
#2011=EDGE_CURVE('',#2899,#2900,#3466,.T.);
#2012=EDGE_CURVE('',#2900,#2901,#3467,.T.);
#2013=EDGE_CURVE('',#2902,#2901,#3468,.T.);
#2014=EDGE_CURVE('',#2903,#2902,#3469,.T.);
#2015=EDGE_CURVE('',#2903,#2904,#3470,.T.);
#2016=EDGE_CURVE('',#2905,#2904,#3471,.T.);
#2017=EDGE_CURVE('',#2906,#2905,#3472,.T.);
#2018=EDGE_CURVE('',#2907,#2906,#3473,.T.);
#2019=EDGE_CURVE('',#2907,#2908,#3474,.T.);
#2020=EDGE_CURVE('',#2908,#2909,#3475,.T.);
#2021=EDGE_CURVE('',#2909,#2910,#3476,.T.);
#2022=EDGE_CURVE('',#2910,#2911,#3477,.T.);
#2023=EDGE_CURVE('',#2898,#2911,#3478,.T.);
#2024=EDGE_CURVE('',#2912,#2913,#3479,.T.);
#2025=EDGE_CURVE('',#2912,#2897,#3480,.T.);
#2026=EDGE_CURVE('',#2898,#2913,#3481,.T.);
#2027=EDGE_CURVE('',#2914,#2915,#3482,.T.);
#2028=EDGE_CURVE('',#2914,#2912,#3483,.T.);
#2029=EDGE_CURVE('',#2913,#2915,#3484,.T.);
#2030=EDGE_CURVE('',#2916,#2917,#3485,.T.);
#2031=EDGE_CURVE('',#2916,#2914,#3486,.T.);
#2032=EDGE_CURVE('',#2915,#2917,#3487,.T.);
#2033=EDGE_CURVE('',#2918,#2919,#3488,.T.);
#2034=EDGE_CURVE('',#2918,#2916,#3489,.T.);
#2035=EDGE_CURVE('',#2917,#2919,#3490,.T.);
#2036=EDGE_CURVE('',#2920,#2921,#3491,.T.);
#2037=EDGE_CURVE('',#2920,#2918,#3492,.T.);
#2038=EDGE_CURVE('',#2919,#2921,#3493,.T.);
#2039=EDGE_CURVE('',#2843,#2920,#3494,.T.);
#2040=EDGE_CURVE('',#2921,#2844,#3495,.T.);
#2041=EDGE_CURVE('',#2854,#2850,#3496,.T.);
#2042=EDGE_CURVE('',#2922,#2860,#3497,.T.);
#2043=EDGE_CURVE('',#2922,#2861,#3498,.T.);
#2044=EDGE_CURVE('',#2923,#2924,#3499,.T.);
#2045=EDGE_CURVE('',#2923,#2922,#3500,.T.);
#2046=EDGE_CURVE('',#2924,#2860,#3501,.T.);
#2047=EDGE_CURVE('',#2925,#2924,#3502,.T.);
#2048=EDGE_CURVE('',#2925,#2923,#3503,.T.);
#2049=EDGE_CURVE('',#2926,#2924,#3504,.T.);
#2050=EDGE_CURVE('',#2926,#2925,#3505,.T.);
#2051=EDGE_CURVE('',#2927,#2928,#3506,.T.);
#2052=EDGE_CURVE('',#2927,#2926,#3507,.T.);
#2053=EDGE_CURVE('',#2924,#2928,#3508,.T.);
#2054=EDGE_CURVE('',#2929,#2930,#3509,.T.);
#2055=EDGE_CURVE('',#2929,#2927,#3510,.T.);
#2056=EDGE_CURVE('',#2928,#2930,#3511,.T.);
#2057=EDGE_CURVE('',#2931,#2930,#93,.F.);
#2058=EDGE_CURVE('',#2931,#2929,#3512,.T.);
#2059=EDGE_CURVE('',#2901,#2931,#3513,.T.);
#2060=EDGE_CURVE('',#2930,#2902,#3514,.T.);
#2061=EDGE_CURVE('',#2932,#2841,#3515,.T.);
#2062=EDGE_CURVE('',#2932,#2833,#3516,.T.);
#2063=EDGE_CURVE('',#2933,#2862,#3517,.T.);
#2064=EDGE_CURVE('',#2934,#2933,#3518,.T.);
#2065=EDGE_CURVE('',#2934,#2842,#3519,.T.);
#2066=EDGE_CURVE('',#2935,#2936,#3520,.T.);
#2067=EDGE_CURVE('',#2936,#2937,#3521,.T.);
#2068=EDGE_CURVE('',#2937,#2938,#3522,.T.);
#2069=EDGE_CURVE('',#2938,#2939,#3523,.T.);
#2070=EDGE_CURVE('',#2935,#2939,#3524,.T.);
#2071=EDGE_CURVE('',#2940,#2941,#3525,.T.);
#2072=EDGE_CURVE('',#2940,#2942,#3526,.T.);
#2073=EDGE_CURVE('',#2943,#2942,#3527,.T.);
#2074=EDGE_CURVE('',#2941,#2943,#3528,.T.);
#2075=EDGE_CURVE('',#2944,#2945,#3529,.T.);
#2076=EDGE_CURVE('',#2944,#2940,#3530,.T.);
#2077=EDGE_CURVE('',#2946,#2941,#3531,.T.);
#2078=EDGE_CURVE('',#2946,#2947,#3532,.T.);
#2079=EDGE_CURVE('',#2947,#2945,#3533,.T.);
#2080=EDGE_CURVE('',#2948,#2949,#3534,.T.);
#2081=EDGE_CURVE('',#2948,#2944,#3535,.T.);
#2082=EDGE_CURVE('',#2945,#2949,#3536,.T.);
#2083=EDGE_CURVE('',#2950,#2951,#3537,.T.);
#2084=EDGE_CURVE('',#2950,#2952,#3538,.T.);
#2085=EDGE_CURVE('',#2953,#2952,#3539,.T.);
#2086=EDGE_CURVE('',#2951,#2953,#3540,.T.);
#2087=EDGE_CURVE('',#2907,#2950,#3541,.T.);
#2088=EDGE_CURVE('',#2951,#2954,#3542,.T.);
#2089=EDGE_CURVE('',#2954,#2955,#3543,.T.);
#2090=EDGE_CURVE('',#2908,#2955,#3544,.T.);
#2091=EDGE_CURVE('',#2956,#2957,#3545,.T.);
#2092=EDGE_CURVE('',#2958,#2957,#3546,.T.);
#2093=EDGE_CURVE('',#2958,#2959,#3547,.T.);
#2094=EDGE_CURVE('',#2960,#2959,#3548,.T.);
#2095=EDGE_CURVE('',#2956,#2960,#3549,.T.);
#2096=EDGE_CURVE('',#2961,#2962,#3550,.T.);
#2097=EDGE_CURVE('',#2961,#2906,#3551,.T.);
#2098=EDGE_CURVE('',#2963,#2905,#3552,.T.);
#2099=EDGE_CURVE('',#2964,#2963,#3553,.T.);
#2100=EDGE_CURVE('',#2962,#2964,#3554,.T.);
#2101=EDGE_CURVE('',#2952,#2958,#3555,.T.);
#2102=EDGE_CURVE('',#2957,#2953,#3556,.T.);
#2103=EDGE_CURVE('',#2965,#2966,#3557,.T.);
#2104=EDGE_CURVE('',#2965,#2961,#3558,.T.);
#2105=EDGE_CURVE('',#2962,#2967,#3559,.T.);
#2106=EDGE_CURVE('',#2966,#2967,#3560,.T.);
#2107=EDGE_CURVE('',#2959,#2965,#3561,.T.);
#2108=EDGE_CURVE('',#2943,#2966,#3562,.T.);
#2109=EDGE_CURVE('',#2942,#2948,#3563,.T.);
#2110=EDGE_CURVE('',#2949,#2960,#3564,.T.);
#2111=EDGE_CURVE('',#2968,#2969,#3565,.T.);
#2112=EDGE_CURVE('',#2968,#2970,#3566,.T.);
#2113=EDGE_CURVE('',#2971,#2970,#3567,.T.);
#2114=EDGE_CURVE('',#2971,#2972,#3568,.T.);
#2115=EDGE_CURVE('',#2972,#2973,#3569,.T.);
#2116=EDGE_CURVE('',#2973,#2974,#3570,.T.);
#2117=EDGE_CURVE('',#2975,#2974,#3571,.F.);
#2118=EDGE_CURVE('',#2873,#2975,#3572,.F.);
#2119=EDGE_CURVE('',#2873,#2976,#3573,.T.);
#2120=EDGE_CURVE('',#2977,#2976,#3574,.T.);
#2121=EDGE_CURVE('',#2977,#2978,#3575,.T.);
#2122=EDGE_CURVE('',#2979,#2978,#3576,.T.);
#2123=EDGE_CURVE('',#2979,#2969,#3577,.T.);
#2124=EDGE_CURVE('',#2980,#2981,#3578,.T.);
#2125=EDGE_CURVE('',#2981,#2982,#3579,.T.);
#2126=EDGE_CURVE('',#2982,#2983,#3580,.T.);
#2127=EDGE_CURVE('',#2983,#2980,#3581,.T.);
#2128=EDGE_CURVE('',#2984,#2985,#3582,.T.);
#2129=EDGE_CURVE('',#2986,#2984,#3583,.T.);
#2130=EDGE_CURVE('',#2986,#2987,#3584,.T.);
#2131=EDGE_CURVE('',#2985,#2987,#3585,.T.);
#2132=EDGE_CURVE('',#2988,#2989,#3586,.T.);
#2133=EDGE_CURVE('',#2990,#2988,#3587,.T.);
#2134=EDGE_CURVE('',#2990,#2991,#3588,.T.);
#2135=EDGE_CURVE('',#2989,#2991,#3589,.T.);
#2136=EDGE_CURVE('',#2992,#2993,#3590,.T.);
#2137=EDGE_CURVE('',#2994,#2992,#3591,.T.);
#2138=EDGE_CURVE('',#2995,#2994,#3592,.T.);
#2139=EDGE_CURVE('',#2993,#2995,#3593,.T.);
#2140=EDGE_CURVE('',#2996,#2980,#3594,.F.);
#2141=EDGE_CURVE('',#2996,#2997,#3595,.T.);
#2142=EDGE_CURVE('',#2997,#2981,#3596,.F.);
#2143=EDGE_CURVE('',#2997,#2998,#3597,.T.);
#2144=EDGE_CURVE('',#2998,#2982,#3598,.F.);
#2145=EDGE_CURVE('',#2998,#2999,#3599,.T.);
#2146=EDGE_CURVE('',#2999,#2983,#3600,.F.);
#2147=EDGE_CURVE('',#2999,#2996,#3601,.T.);
#2148=EDGE_CURVE('',#3000,#3000,#66,.T.);
#2149=EDGE_CURVE('',#3001,#3001,#67,.T.);
#2150=EDGE_CURVE('',#2973,#3002,#3602,.T.);
#2151=EDGE_CURVE('',#2972,#3003,#3603,.T.);
#2152=EDGE_CURVE('',#3004,#3003,#3604,.T.);
#2153=EDGE_CURVE('',#3004,#3005,#3605,.T.);
#2154=EDGE_CURVE('',#3006,#3005,#3606,.T.);
#2155=EDGE_CURVE('',#3007,#3006,#3607,.T.);
#2156=EDGE_CURVE('',#3002,#3007,#3608,.T.);
#2157=EDGE_CURVE('',#3008,#3009,#3609,.T.);
#2158=EDGE_CURVE('',#3009,#3010,#3610,.F.);
#2159=EDGE_CURVE('',#3011,#3010,#3611,.T.);
#2160=EDGE_CURVE('',#3012,#3011,#3612,.T.);
#2161=EDGE_CURVE('',#3013,#3012,#3613,.T.);
#2162=EDGE_CURVE('',#3014,#3013,#3614,.T.);
#2163=EDGE_CURVE('',#3014,#3008,#3615,.T.);
#2164=EDGE_CURVE('',#3015,#2909,#3616,.T.);
#2165=EDGE_CURVE('',#3015,#3016,#3617,.F.);
#2166=EDGE_CURVE('',#3016,#3017,#3618,.T.);
#2167=EDGE_CURVE('',#3017,#3018,#3619,.T.);
#2168=EDGE_CURVE('',#3019,#3018,#3620,.F.);
#2169=EDGE_CURVE('',#2910,#3019,#3621,.T.);
#2170=EDGE_CURVE('',#3020,#3021,#3622,.T.);
#2171=EDGE_CURVE('',#3020,#3014,#3623,.T.);
#2172=EDGE_CURVE('',#3021,#3013,#3624,.T.);
#2173=EDGE_CURVE('',#3022,#3023,#3625,.T.);
#2174=EDGE_CURVE('',#3022,#3020,#3626,.T.);
#2175=EDGE_CURVE('',#3023,#3021,#3627,.T.);
#2176=EDGE_CURVE('',#3024,#3025,#3628,.T.);
#2177=EDGE_CURVE('',#3024,#3022,#3629,.T.);
#2178=EDGE_CURVE('',#3025,#3023,#3630,.T.);
#2179=EDGE_CURVE('',#3026,#3027,#3631,.T.);
#2180=EDGE_CURVE('',#3026,#3024,#3632,.T.);
#2181=EDGE_CURVE('',#3027,#3025,#3633,.T.);
#2182=EDGE_CURVE('',#3028,#3029,#3634,.T.);
#2183=EDGE_CURVE('',#3028,#3026,#3635,.T.);
#2184=EDGE_CURVE('',#3029,#3027,#3636,.T.);
#2185=EDGE_CURVE('',#3030,#3031,#3637,.T.);
#2186=EDGE_CURVE('',#3031,#3015,#3638,.T.);
#2187=EDGE_CURVE('',#2955,#3011,#3639,.T.);
#2188=EDGE_CURVE('',#3010,#3030,#3640,.T.);
#2189=EDGE_CURVE('',#3018,#3032,#68,.F.);
#2190=EDGE_CURVE('',#3032,#3033,#3641,.T.);
#2191=EDGE_CURVE('',#3033,#3019,#69,.T.);
#2192=EDGE_CURVE('',#3034,#3035,#3642,.F.);
#2193=EDGE_CURVE('',#3035,#3028,#70,.F.);
#2194=EDGE_CURVE('',#3029,#3034,#71,.T.);
#2195=EDGE_CURVE('',#3005,#3032,#3643,.T.);
#2196=EDGE_CURVE('',#3033,#3004,#3644,.T.);
#2197=EDGE_CURVE('',#3012,#3036,#3645,.T.);
#2198=EDGE_CURVE('',#3036,#3037,#3646,.T.);
#2199=EDGE_CURVE('',#3037,#3038,#3647,.T.);
#2200=EDGE_CURVE('',#3038,#2956,#3648,.T.);
#2201=EDGE_CURVE('',#2947,#3039,#3649,.T.);
#2202=EDGE_CURVE('',#3040,#3039,#3650,.T.);
#2203=EDGE_CURVE('',#3040,#3041,#3651,.T.);
#2204=EDGE_CURVE('',#3041,#3034,#3652,.T.);
#2205=EDGE_CURVE('',#3042,#3043,#3653,.T.);
#2206=EDGE_CURVE('',#3044,#3043,#3654,.T.);
#2207=EDGE_CURVE('',#3044,#3045,#3655,.T.);
#2208=EDGE_CURVE('',#3045,#3046,#3656,.T.);
#2209=EDGE_CURVE('',#3046,#3047,#3657,.T.);
#2210=EDGE_CURVE('',#3047,#3048,#3658,.T.);
#2211=EDGE_CURVE('',#3049,#3048,#3659,.T.);
#2212=EDGE_CURVE('',#3049,#3042,#3660,.T.);
#2213=EDGE_CURVE('',#3042,#3050,#3661,.T.);
#2214=EDGE_CURVE('',#3051,#3050,#3662,.T.);
#2215=EDGE_CURVE('',#3043,#3051,#3663,.T.);
#2216=EDGE_CURVE('',#3052,#3053,#3664,.T.);
#2217=EDGE_CURVE('',#3054,#3052,#3665,.T.);
#2218=EDGE_CURVE('',#3055,#3054,#3666,.T.);
#2219=EDGE_CURVE('',#3053,#3055,#3667,.T.);
#2220=EDGE_CURVE('',#3056,#3054,#3668,.T.);
#2221=EDGE_CURVE('',#3057,#3056,#3669,.T.);
#2222=EDGE_CURVE('',#3055,#3057,#3670,.T.);
#2223=EDGE_CURVE('',#3058,#3056,#3671,.T.);
#2224=EDGE_CURVE('',#3059,#3058,#3672,.T.);
#2225=EDGE_CURVE('',#3057,#3059,#3673,.T.);
#2226=EDGE_CURVE('',#3052,#3058,#3674,.T.);
#2227=EDGE_CURVE('',#3059,#3053,#3675,.T.);
#2228=EDGE_CURVE('',#3060,#3061,#3676,.T.);
#2229=EDGE_CURVE('',#3062,#3060,#3677,.T.);
#2230=EDGE_CURVE('',#3063,#3062,#3678,.T.);
#2231=EDGE_CURVE('',#3061,#3063,#3679,.T.);
#2232=EDGE_CURVE('',#3064,#3065,#3680,.T.);
#2233=EDGE_CURVE('',#3066,#3064,#3681,.T.);
#2234=EDGE_CURVE('',#3067,#3066,#3682,.T.);
#2235=EDGE_CURVE('',#3065,#3067,#3683,.T.);
#2236=EDGE_CURVE('',#3068,#2938,#3684,.T.);
#2237=EDGE_CURVE('',#3069,#3068,#3685,.T.);
#2238=EDGE_CURVE('',#3064,#3069,#3686,.T.);
#2239=EDGE_CURVE('',#3070,#3065,#3687,.T.);
#2240=EDGE_CURVE('',#2939,#3070,#3688,.T.);
#2241=EDGE_CURVE('',#3071,#3067,#3689,.T.);
#2242=EDGE_CURVE('',#3070,#3071,#3690,.T.);
#2243=EDGE_CURVE('',#3045,#3072,#3691,.T.);
#2244=EDGE_CURVE('',#3073,#3072,#3692,.T.);
#2245=EDGE_CURVE('',#3074,#3073,#3693,.T.);
#2246=EDGE_CURVE('',#3075,#3074,#3694,.T.);
#2247=EDGE_CURVE('',#3076,#3075,#3695,.T.);
#2248=EDGE_CURVE('',#3077,#3076,#3696,.T.);
#2249=EDGE_CURVE('',#3078,#3077,#3697,.T.);
#2250=EDGE_CURVE('',#3079,#3078,#3698,.T.);
#2251=EDGE_CURVE('',#3080,#3079,#3699,.T.);
#2252=EDGE_CURVE('',#3081,#3080,#3700,.T.);
#2253=EDGE_CURVE('',#3082,#3081,#3701,.T.);
#2254=EDGE_CURVE('',#3083,#3082,#3702,.T.);
#2255=EDGE_CURVE('',#3084,#3083,#3703,.T.);
#2256=EDGE_CURVE('',#3085,#3084,#3704,.T.);
#2257=EDGE_CURVE('',#3086,#3085,#3705,.T.);
#2258=EDGE_CURVE('',#3087,#3086,#3706,.T.);
#2259=EDGE_CURVE('',#3046,#3087,#3707,.T.);
#2260=EDGE_CURVE('',#3088,#3087,#3708,.T.);
#2261=EDGE_CURVE('',#3047,#3088,#3709,.T.);
#2262=EDGE_CURVE('',#3089,#3086,#3710,.T.);
#2263=EDGE_CURVE('',#3088,#3089,#3711,.T.);
#2264=EDGE_CURVE('',#3090,#3085,#3712,.T.);
#2265=EDGE_CURVE('',#3089,#3090,#3713,.T.);
#2266=EDGE_CURVE('',#3091,#3084,#3714,.T.);
#2267=EDGE_CURVE('',#3090,#3091,#3715,.T.);
#2268=EDGE_CURVE('',#3092,#3083,#3716,.T.);
#2269=EDGE_CURVE('',#3091,#3092,#3717,.T.);
#2270=EDGE_CURVE('',#3093,#3082,#3718,.T.);
#2271=EDGE_CURVE('',#3092,#3093,#3719,.T.);
#2272=EDGE_CURVE('',#3094,#3081,#3720,.T.);
#2273=EDGE_CURVE('',#3093,#3094,#3721,.T.);
#2274=EDGE_CURVE('',#3095,#3080,#3722,.T.);
#2275=EDGE_CURVE('',#3094,#3095,#3723,.T.);
#2276=EDGE_CURVE('',#3096,#3079,#3724,.T.);
#2277=EDGE_CURVE('',#3095,#3096,#3725,.T.);
#2278=EDGE_CURVE('',#3097,#3078,#3726,.T.);
#2279=EDGE_CURVE('',#3096,#3097,#3727,.T.);
#2280=EDGE_CURVE('',#3098,#3077,#3728,.T.);
#2281=EDGE_CURVE('',#3097,#3098,#3729,.T.);
#2282=EDGE_CURVE('',#3099,#3076,#3730,.T.);
#2283=EDGE_CURVE('',#3098,#3099,#3731,.T.);
#2284=EDGE_CURVE('',#3100,#3075,#3732,.T.);
#2285=EDGE_CURVE('',#3099,#3100,#3733,.T.);
#2286=EDGE_CURVE('',#3101,#3074,#3734,.T.);
#2287=EDGE_CURVE('',#3100,#3101,#3735,.T.);
#2288=EDGE_CURVE('',#3102,#3073,#3736,.T.);
#2289=EDGE_CURVE('',#3101,#3102,#3737,.T.);
#2290=EDGE_CURVE('',#3103,#2935,#3738,.T.);
#2291=EDGE_CURVE('',#3104,#3103,#3739,.T.);
#2292=EDGE_CURVE('',#3104,#2936,#3740,.T.);
#2293=EDGE_CURVE('',#3105,#2932,#3741,.T.);
#2294=EDGE_CURVE('',#3105,#2864,#3742,.T.);
#2295=EDGE_CURVE('',#2863,#2831,#3743,.T.);
#2296=EDGE_CURVE('',#3106,#3104,#3744,.T.);
#2297=EDGE_CURVE('',#2937,#3106,#3745,.T.);
#2298=EDGE_CURVE('',#3102,#3103,#3746,.T.);
#2299=EDGE_CURVE('',#3072,#3107,#3747,.T.);
#2300=EDGE_CURVE('',#3108,#3107,#3748,.T.);
#2301=EDGE_CURVE('',#3068,#3108,#3749,.T.);
#2302=EDGE_CURVE('',#3106,#3068,#3750,.T.);
#2303=EDGE_CURVE('',#3109,#3110,#3751,.T.);
#2304=EDGE_CURVE('',#3110,#3111,#3752,.T.);
#2305=EDGE_CURVE('',#3111,#3112,#3753,.T.);
#2306=EDGE_CURVE('',#3112,#3109,#3754,.T.);
#2307=EDGE_CURVE('',#3113,#3071,#3755,.T.);
#2308=EDGE_CURVE('',#3114,#3113,#3756,.T.);
#2309=EDGE_CURVE('',#3048,#3114,#3757,.T.);
#2310=EDGE_CURVE('',#3115,#3115,#72,.T.);
#2311=EDGE_CURVE('',#3050,#3066,#3758,.T.);
#2312=EDGE_CURVE('',#3116,#3042,#3759,.T.);
#2313=EDGE_CURVE('',#3113,#3116,#3760,.T.);
#2314=EDGE_CURVE('',#3117,#3113,#3761,.T.);
#2315=EDGE_CURVE('',#3118,#3117,#3762,.T.);
#2316=EDGE_CURVE('',#3119,#3118,#3763,.T.);
#2317=EDGE_CURVE('',#3120,#3119,#3764,.T.);
#2318=EDGE_CURVE('',#3117,#3120,#3765,.T.);
#2319=EDGE_CURVE('',#3121,#3122,#3766,.T.);
#2320=EDGE_CURVE('',#3123,#3121,#3767,.T.);
#2321=EDGE_CURVE('',#3124,#3123,#3768,.T.);
#2322=EDGE_CURVE('',#3122,#3124,#3769,.T.);
#2323=EDGE_CURVE('',#3049,#3125,#3770,.T.);
#2324=EDGE_CURVE('',#3125,#3114,#3771,.T.);
#2325=EDGE_CURVE('',#3116,#3125,#3772,.T.);
#2326=EDGE_CURVE('',#3126,#3127,#3773,.T.);
#2327=EDGE_CURVE('',#3128,#3126,#3774,.T.);
#2328=EDGE_CURVE('',#3129,#3128,#3775,.T.);
#2329=EDGE_CURVE('',#3127,#3129,#3776,.T.);
#2330=EDGE_CURVE('',#3036,#2954,#3777,.T.);
#2331=EDGE_CURVE('',#3037,#2951,#3778,.T.);
#2332=EDGE_CURVE('',#3038,#2953,#3779,.T.);
#2333=EDGE_CURVE('',#3130,#2995,#3780,.T.);
#2334=EDGE_CURVE('',#3131,#3130,#3781,.T.);
#2335=EDGE_CURVE('',#2904,#3131,#3782,.T.);
#2336=EDGE_CURVE('',#2876,#2903,#3783,.T.);
#2337=EDGE_CURVE('',#2875,#2993,#3784,.T.);
#2338=EDGE_CURVE('',#2904,#3132,#3785,.T.);
#2339=EDGE_CURVE('',#3132,#3131,#3786,.T.);
#2340=EDGE_CURVE('',#3133,#3134,#3787,.T.);
#2341=EDGE_CURVE('',#3135,#3133,#3788,.T.);
#2342=EDGE_CURVE('',#3136,#3135,#3789,.T.);
#2343=EDGE_CURVE('',#3134,#3136,#3790,.T.);
#2344=EDGE_CURVE('',#3137,#3041,#3791,.T.);
#2345=EDGE_CURVE('',#3035,#3137,#3792,.T.);
#2346=EDGE_CURVE('',#3138,#3138,#73,.T.);
#2347=EDGE_CURVE('',#3017,#3139,#3793,.T.);
#2348=EDGE_CURVE('',#3139,#3140,#3794,.T.);
#2349=EDGE_CURVE('',#3140,#3008,#3795,.T.);
#2350=EDGE_CURVE('',#3141,#3137,#3796,.T.);
#2351=EDGE_CURVE('',#3142,#3141,#3797,.T.);
#2352=EDGE_CURVE('',#3143,#3142,#3798,.T.);
#2353=EDGE_CURVE('',#3144,#3143,#3799,.T.);
#2354=EDGE_CURVE('',#3145,#3144,#3800,.T.);
#2355=EDGE_CURVE('',#3127,#3145,#3801,.T.);
#2356=EDGE_CURVE('',#3146,#3129,#3802,.T.);
#2357=EDGE_CURVE('',#3005,#3146,#3803,.T.);
#2358=EDGE_CURVE('',#3146,#3147,#3804,.T.);
#2359=EDGE_CURVE('',#3147,#3128,#3805,.T.);
#2360=EDGE_CURVE('',#3147,#3148,#3806,.T.);
#2361=EDGE_CURVE('',#3148,#3126,#3807,.T.);
#2362=EDGE_CURVE('',#3148,#3145,#3808,.T.);
#2363=EDGE_CURVE('',#3149,#3146,#3809,.T.);
#2364=EDGE_CURVE('',#3006,#3149,#3810,.T.);
#2365=EDGE_CURVE('',#3143,#3150,#3811,.T.);
#2366=EDGE_CURVE('',#3151,#3142,#3812,.T.);
#2367=EDGE_CURVE('',#3150,#3151,#3813,.T.);
#2368=EDGE_CURVE('',#3152,#3152,#74,.T.);
#2369=EDGE_CURVE('',#3153,#3153,#75,.T.);
#2370=EDGE_CURVE('',#3154,#3040,#3814,.T.);
#2371=EDGE_CURVE('',#3155,#3154,#3815,.T.);
#2372=EDGE_CURVE('',#3156,#3155,#3816,.T.);
#2373=EDGE_CURVE('',#3137,#3156,#3817,.T.);
#2374=EDGE_CURVE('',#3117,#3157,#3818,.T.);
#2375=EDGE_CURVE('',#3157,#3120,#3819,.T.);
#2376=EDGE_CURVE('',#3158,#3119,#3820,.T.);
#2377=EDGE_CURVE('',#3157,#3158,#3821,.T.);
#2378=EDGE_CURVE('',#3118,#3158,#3822,.T.);
#2379=EDGE_CURVE('',#3159,#2964,#3823,.T.);
#2380=EDGE_CURVE('',#2967,#3159,#3824,.T.);
#2381=EDGE_CURVE('',#3124,#3160,#3825,.T.);
#2382=EDGE_CURVE('',#3161,#3123,#3826,.T.);
#2383=EDGE_CURVE('',#3160,#3161,#3827,.T.);
#2384=EDGE_CURVE('',#3122,#3160,#3828,.T.);
#2385=EDGE_CURVE('',#3121,#3161,#3829,.T.);
#2386=EDGE_CURVE('',#3162,#2946,#3830,.T.);
#2387=EDGE_CURVE('',#3039,#3162,#3831,.T.);
#2388=EDGE_CURVE('',#2872,#3003,#3832,.T.);
#2389=EDGE_CURVE('',#3163,#2871,#3833,.T.);
#2390=EDGE_CURVE('',#3164,#3163,#3834,.T.);
#2391=EDGE_CURVE('',#3165,#3164,#3835,.T.);
#2392=EDGE_CURVE('',#3166,#3165,#3836,.T.);
#2393=EDGE_CURVE('',#3167,#3166,#3837,.T.);
#2394=EDGE_CURVE('',#3168,#3167,#3838,.T.);
#2395=EDGE_CURVE('',#3169,#3168,#3839,.T.);
#2396=EDGE_CURVE('',#3170,#3169,#3840,.T.);
#2397=EDGE_CURVE('',#3171,#3170,#3841,.T.);
#2398=EDGE_CURVE('',#3172,#3171,#3842,.T.);
#2399=EDGE_CURVE('',#3173,#3172,#3843,.T.);
#2400=EDGE_CURVE('',#3174,#3173,#3844,.T.);
#2401=EDGE_CURVE('',#2911,#3174,#3845,.T.);
#2402=EDGE_CURVE('',#3175,#3175,#76,.T.);
#2403=EDGE_CURVE('',#3176,#3176,#77,.T.);
#2404=EDGE_CURVE('',#3177,#3178,#3846,.T.);
#2405=EDGE_CURVE('',#3151,#3177,#3847,.T.);
#2406=EDGE_CURVE('',#3178,#3141,#3848,.T.);
#2407=EDGE_CURVE('',#3178,#3156,#3849,.T.);
#2408=EDGE_CURVE('',#3177,#3155,#3850,.T.);
#2409=EDGE_CURVE('',#3179,#3179,#78,.T.);
#2410=EDGE_CURVE('',#3180,#3180,#79,.T.);
#2411=EDGE_CURVE('',#3181,#3182,#3851,.T.);
#2412=EDGE_CURVE('',#3149,#3181,#3852,.T.);
#2413=EDGE_CURVE('',#3182,#3145,#3853,.T.);
#2414=EDGE_CURVE('',#3183,#3154,#3854,.T.);
#2415=EDGE_CURVE('',#3150,#3183,#3855,.T.);
#2416=EDGE_CURVE('',#3007,#3181,#3856,.T.);
#2417=EDGE_CURVE('',#2866,#2902,#3857,.T.);
#2418=EDGE_CURVE('',#3184,#3174,#3858,.T.);
#2419=EDGE_CURVE('',#2898,#3184,#3859,.T.);
#2420=EDGE_CURVE('',#3185,#3173,#3860,.T.);
#2421=EDGE_CURVE('',#3184,#3185,#3861,.T.);
#2422=EDGE_CURVE('',#3186,#3172,#3862,.T.);
#2423=EDGE_CURVE('',#3185,#3186,#3863,.T.);
#2424=EDGE_CURVE('',#3187,#3171,#3864,.T.);
#2425=EDGE_CURVE('',#3186,#3187,#3865,.T.);
#2426=EDGE_CURVE('',#3188,#3170,#3866,.T.);
#2427=EDGE_CURVE('',#3187,#3188,#3867,.T.);
#2428=EDGE_CURVE('',#3188,#3189,#3868,.T.);
#2429=EDGE_CURVE('',#3189,#3169,#3869,.T.);
#2430=EDGE_CURVE('',#3190,#3168,#3870,.T.);
#2431=EDGE_CURVE('',#3189,#3190,#3871,.T.);
#2432=EDGE_CURVE('',#3191,#3167,#3872,.T.);
#2433=EDGE_CURVE('',#3190,#3191,#3873,.T.);
#2434=EDGE_CURVE('',#3192,#3166,#3874,.T.);
#2435=EDGE_CURVE('',#3191,#3192,#3875,.T.);
#2436=EDGE_CURVE('',#3193,#3165,#3876,.T.);
#2437=EDGE_CURVE('',#3192,#3193,#3877,.T.);
#2438=EDGE_CURVE('',#3194,#3164,#3878,.T.);
#2439=EDGE_CURVE('',#3193,#3194,#3879,.T.);
#2440=EDGE_CURVE('',#3195,#3163,#3880,.T.);
#2441=EDGE_CURVE('',#3194,#3195,#3881,.T.);
#2442=EDGE_CURVE('',#3195,#2870,#3882,.T.);
#2443=EDGE_CURVE('',#3196,#3197,#3883,.T.);
#2444=EDGE_CURVE('',#3198,#3197,#3884,.T.);
#2445=EDGE_CURVE('',#3199,#3198,#3885,.T.);
#2446=EDGE_CURVE('',#3196,#3199,#3886,.T.);
#2447=EDGE_CURVE('',#3200,#3201,#3887,.T.);
#2448=EDGE_CURVE('',#3197,#3201,#3888,.T.);
#2449=EDGE_CURVE('',#3200,#3196,#3889,.T.);
#2450=EDGE_CURVE('',#3202,#3203,#3890,.T.);
#2451=EDGE_CURVE('',#3204,#3202,#3891,.T.);
#2452=EDGE_CURVE('',#3204,#3205,#3892,.T.);
#2453=EDGE_CURVE('',#3203,#3205,#3893,.T.);
#2454=EDGE_CURVE('',#3206,#3207,#3894,.T.);
#2455=EDGE_CURVE('',#3201,#3207,#3895,.T.);
#2456=EDGE_CURVE('',#3206,#3200,#3896,.T.);
#2457=EDGE_CURVE('',#3208,#3209,#3897,.T.);
#2458=EDGE_CURVE('',#3203,#3208,#3898,.T.);
#2459=EDGE_CURVE('',#3209,#3205,#3899,.T.);
#2460=EDGE_CURVE('',#3210,#3211,#3900,.T.);
#2461=EDGE_CURVE('',#3207,#3211,#3901,.T.);
#2462=EDGE_CURVE('',#3210,#3206,#3902,.T.);
#2463=EDGE_CURVE('',#3212,#3213,#3903,.T.);
#2464=EDGE_CURVE('',#3211,#3212,#3904,.T.);
#2465=EDGE_CURVE('',#3213,#3210,#3905,.T.);
#2466=EDGE_CURVE('',#2878,#3213,#3906,.T.);
#2467=EDGE_CURVE('',#3212,#2878,#3907,.T.);
#2468=EDGE_CURVE('',#2880,#3213,#3908,.T.);
#2469=EDGE_CURVE('',#2880,#3210,#3909,.T.);
#2470=EDGE_CURVE('',#3214,#2884,#3910,.T.);
#2471=EDGE_CURVE('',#2886,#3214,#3911,.T.);
#2472=EDGE_CURVE('',#2870,#3214,#3912,.T.);
#2473=EDGE_CURVE('',#3193,#3215,#3913,.T.);
#2474=EDGE_CURVE('',#3215,#3194,#3914,.T.);
#2475=EDGE_CURVE('',#3216,#3215,#3915,.T.);
#2476=EDGE_CURVE('',#3193,#3216,#3916,.T.);
#2477=EDGE_CURVE('',#3192,#3216,#3917,.T.);
#2478=EDGE_CURVE('',#3216,#3202,#3918,.T.);
#2479=EDGE_CURVE('',#3204,#3215,#3919,.T.);
#2480=EDGE_CURVE('',#3204,#3194,#3920,.T.);
#2481=EDGE_CURVE('',#3217,#3194,#3921,.T.);
#2482=EDGE_CURVE('',#3217,#3204,#3922,.T.);
#2483=EDGE_CURVE('',#3217,#3195,#3923,.T.);
#2484=EDGE_CURVE('',#3217,#2870,#3924,.T.);
#2485=EDGE_CURVE('',#3217,#3214,#3925,.T.);
#2486=EDGE_CURVE('',#3205,#3214,#3926,.T.);
#2487=EDGE_CURVE('',#3205,#2884,#3927,.T.);
#2488=EDGE_CURVE('',#3209,#2884,#3928,.T.);
#2489=EDGE_CURVE('',#3209,#2882,#3929,.T.);
#2490=EDGE_CURVE('',#3208,#2882,#3930,.T.);
#2491=EDGE_CURVE('',#3208,#2880,#3931,.T.);
#2492=EDGE_CURVE('',#3208,#3210,#3932,.T.);
#2493=EDGE_CURVE('',#3203,#3206,#3933,.T.);
#2494=EDGE_CURVE('',#3202,#3200,#3934,.T.);
#2495=EDGE_CURVE('',#3216,#3196,#3935,.T.);
#2496=EDGE_CURVE('',#3192,#3196,#3936,.T.);
#2497=EDGE_CURVE('',#3192,#3199,#3937,.T.);
#2498=EDGE_CURVE('',#3191,#3199,#3938,.T.);
#2499=EDGE_CURVE('',#3191,#3198,#3939,.T.);
#2500=EDGE_CURVE('',#3190,#3198,#3940,.T.);
#2501=EDGE_CURVE('',#3218,#3198,#3941,.T.);
#2502=EDGE_CURVE('',#3190,#3218,#3942,.T.);
#2503=EDGE_CURVE('',#3218,#3197,#3943,.T.);
#2504=EDGE_CURVE('',#3219,#3197,#3944,.T.);
#2505=EDGE_CURVE('',#3218,#3219,#3945,.T.);
#2506=EDGE_CURVE('',#3219,#3201,#3946,.T.);
#2507=EDGE_CURVE('',#3220,#3201,#3947,.T.);
#2508=EDGE_CURVE('',#3219,#3220,#3948,.T.);
#2509=EDGE_CURVE('',#3220,#3207,#3949,.T.);
#2510=EDGE_CURVE('',#3221,#3207,#3950,.T.);
#2511=EDGE_CURVE('',#3220,#3221,#3951,.T.);
#2512=EDGE_CURVE('',#3221,#3211,#3952,.T.);
#2513=EDGE_CURVE('',#3222,#3211,#3953,.T.);
#2514=EDGE_CURVE('',#3221,#3222,#3954,.T.);
#2515=EDGE_CURVE('',#3222,#3212,#3955,.T.);
#2516=EDGE_CURVE('',#2845,#3212,#3956,.T.);
#2517=EDGE_CURVE('',#3222,#2845,#3957,.T.);
#2518=EDGE_CURVE('',#3223,#3224,#3958,.T.);
#2519=EDGE_CURVE('',#3225,#3223,#3959,.T.);
#2520=EDGE_CURVE('',#3226,#3225,#3960,.T.);
#2521=EDGE_CURVE('',#3224,#3226,#3961,.T.);
#2522=EDGE_CURVE('',#3227,#3228,#3962,.T.);
#2523=EDGE_CURVE('',#3229,#3227,#3963,.T.);
#2524=EDGE_CURVE('',#3229,#3230,#3964,.T.);
#2525=EDGE_CURVE('',#3228,#3230,#3965,.T.);
#2526=EDGE_CURVE('',#3231,#3232,#3966,.T.);
#2527=EDGE_CURVE('',#3233,#3231,#3967,.T.);
#2528=EDGE_CURVE('',#3232,#3233,#3968,.T.);
#2529=EDGE_CURVE('',#3234,#3232,#3969,.T.);
#2530=EDGE_CURVE('',#3231,#3234,#3970,.T.);
#2531=EDGE_CURVE('',#3235,#3234,#3971,.T.);
#2532=EDGE_CURVE('',#3231,#3235,#3972,.T.);
#2533=EDGE_CURVE('',#3224,#3234,#3973,.T.);
#2534=EDGE_CURVE('',#3235,#3224,#3974,.T.);
#2535=EDGE_CURVE('',#3235,#3226,#3975,.T.);
#2536=EDGE_CURVE('',#3236,#3226,#3976,.T.);
#2537=EDGE_CURVE('',#3235,#3236,#3977,.T.);
#2538=EDGE_CURVE('',#3236,#3225,#3978,.T.);
#2539=EDGE_CURVE('',#3189,#3225,#3979,.T.);
#2540=EDGE_CURVE('',#3236,#3189,#3980,.T.);
#2541=EDGE_CURVE('',#3188,#3225,#3981,.T.);
#2542=EDGE_CURVE('',#3188,#3223,#3982,.T.);
#2543=EDGE_CURVE('',#3186,#3237,#3983,.T.);
#2544=EDGE_CURVE('',#3237,#3187,#3984,.T.);
#2545=EDGE_CURVE('',#3238,#3239,#3985,.T.);
#2546=EDGE_CURVE('',#3237,#3238,#3986,.T.);
#2547=EDGE_CURVE('',#3239,#3237,#3987,.T.);
#2548=EDGE_CURVE('',#3186,#3238,#3988,.T.);
#2549=EDGE_CURVE('',#3185,#3238,#3989,.T.);
#2550=EDGE_CURVE('',#3239,#3240,#3990,.T.);
#2551=EDGE_CURVE('',#3238,#3240,#3991,.T.);
#2552=EDGE_CURVE('',#3238,#3241,#3992,.T.);
#2553=EDGE_CURVE('',#3185,#3241,#3993,.T.);
#2554=EDGE_CURVE('',#3184,#3241,#3994,.T.);
#2555=EDGE_CURVE('',#3242,#3243,#3995,.T.);
#2556=EDGE_CURVE('',#3228,#3242,#3996,.T.);
#2557=EDGE_CURVE('',#3243,#3230,#3997,.T.);
#2558=EDGE_CURVE('',#3240,#3230,#3998,.T.);
#2559=EDGE_CURVE('',#3243,#3239,#3999,.T.);
#2560=EDGE_CURVE('',#3244,#3229,#4000,.T.);
#2561=EDGE_CURVE('',#3240,#3244,#4001,.T.);
#2562=EDGE_CURVE('',#3241,#3244,#4002,.T.);
#2563=EDGE_CURVE('',#3245,#3244,#4003,.T.);
#2564=EDGE_CURVE('',#3241,#3245,#4004,.T.);
#2565=EDGE_CURVE('',#3184,#3245,#4005,.T.);
#2566=EDGE_CURVE('',#2898,#3245,#4006,.T.);
#2567=EDGE_CURVE('',#2915,#3246,#4007,.T.);
#2568=EDGE_CURVE('',#3246,#2913,#4008,.T.);
#2569=EDGE_CURVE('',#2913,#3245,#4009,.T.);
#2570=EDGE_CURVE('',#3246,#3245,#4010,.T.);
#2571=EDGE_CURVE('',#3246,#3244,#4011,.T.);
#2572=EDGE_CURVE('',#2915,#3244,#4012,.T.);
#2573=EDGE_CURVE('',#2915,#3229,#4013,.T.);
#2574=EDGE_CURVE('',#2917,#3229,#4014,.T.);
#2575=EDGE_CURVE('',#2917,#3227,#4015,.T.);
#2576=EDGE_CURVE('',#2919,#3227,#4016,.T.);
#2577=EDGE_CURVE('',#2919,#3228,#4017,.T.);
#2578=EDGE_CURVE('',#3247,#3248,#4018,.T.);
#2579=EDGE_CURVE('',#3228,#3247,#4019,.T.);
#2580=EDGE_CURVE('',#3248,#3242,#4020,.T.);
#2581=EDGE_CURVE('',#2919,#3247,#4021,.T.);
#2582=EDGE_CURVE('',#2921,#3247,#4022,.T.);
#2583=EDGE_CURVE('',#3187,#3223,#4023,.T.);
#2584=EDGE_CURVE('',#3237,#3223,#4024,.T.);
#2585=EDGE_CURVE('',#3239,#3224,#4025,.T.);
#2586=EDGE_CURVE('',#3243,#3234,#4026,.T.);
#2587=EDGE_CURVE('',#3242,#3232,#4027,.T.);
#2588=EDGE_CURVE('',#3242,#3233,#4028,.T.);
#2589=EDGE_CURVE('',#3248,#3233,#4029,.T.);
#2590=EDGE_CURVE('',#3249,#3233,#4030,.T.);
#2591=EDGE_CURVE('',#3248,#3249,#4031,.T.);
#2592=EDGE_CURVE('',#2844,#3249,#4032,.T.);
#2593=EDGE_CURVE('',#3248,#2844,#4033,.T.);
#2594=EDGE_CURVE('',#3247,#2844,#4034,.T.);
#2595=EDGE_CURVE('',#3236,#3218,#4035,.T.);
#2596=EDGE_CURVE('',#3235,#3219,#4036,.T.);
#2597=EDGE_CURVE('',#3231,#3220,#4037,.T.);
#2598=EDGE_CURVE('',#3233,#3221,#4038,.T.);
#2599=EDGE_CURVE('',#3249,#3222,#4039,.T.);
#2600=EDGE_CURVE('',#2888,#3250,#4040,.T.);
#2601=EDGE_CURVE('',#2891,#3250,#4041,.T.);
#2602=EDGE_CURVE('',#2893,#3250,#4042,.T.);
#2603=EDGE_CURVE('',#3250,#2859,#4043,.T.);
#2604=EDGE_CURVE('',#2860,#3251,#4044,.T.);
#2605=EDGE_CURVE('',#2924,#3251,#4045,.T.);
#2606=EDGE_CURVE('',#2928,#3251,#4046,.T.);
#2607=EDGE_CURVE('',#2930,#3251,#4047,.T.);
#2608=EDGE_CURVE('',#2902,#3251,#4048,.T.);
#2609=EDGE_CURVE('',#3252,#3251,#4049,.T.);
#2610=EDGE_CURVE('',#2902,#3252,#4050,.T.);
#2611=EDGE_CURVE('',#3252,#3250,#4051,.T.);
#2612=EDGE_CURVE('',#3252,#2888,#4052,.T.);
#2613=EDGE_CURVE('',#2902,#2888,#4053,.T.);
#2614=EDGE_CURVE('',#3253,#3254,#4054,.T.);
#2615=EDGE_CURVE('',#3002,#3253,#4055,.T.);
#2616=EDGE_CURVE('',#3254,#3182,#4056,.T.);
#2617=EDGE_CURVE('',#3254,#3144,#4057,.T.);
#2618=EDGE_CURVE('',#3255,#3162,#4058,.T.);
#2619=EDGE_CURVE('',#3183,#3255,#4059,.T.);
#2620=EDGE_CURVE('',#2994,#3130,#4060,.T.);
#2621=EDGE_CURVE('',#2974,#2992,#4061,.T.);
#2622=EDGE_CURVE('',#3256,#3253,#4062,.T.);
#2623=EDGE_CURVE('',#3132,#3256,#4063,.T.);
#2624=EDGE_CURVE('',#3257,#3258,#4064,.T.);
#2625=EDGE_CURVE('',#3259,#3257,#4065,.T.);
#2626=EDGE_CURVE('',#3260,#3259,#4066,.T.);
#2627=EDGE_CURVE('',#3258,#3260,#4067,.T.);
#2628=EDGE_CURVE('',#3134,#3255,#4068,.T.);
#2629=EDGE_CURVE('',#3256,#3136,#4069,.T.);
#2630=EDGE_CURVE('',#3259,#3256,#4070,.T.);
#2631=EDGE_CURVE('',#3255,#3257,#4071,.T.);
#2632=EDGE_CURVE('',#3143,#3258,#4072,.T.);
#2633=EDGE_CURVE('',#3260,#3144,#4073,.T.);
#2634=EDGE_CURVE('',#3261,#3262,#4074,.T.);
#2635=EDGE_CURVE('',#3263,#3261,#4075,.T.);
#2636=EDGE_CURVE('',#3264,#3263,#4076,.T.);
#2637=EDGE_CURVE('',#3265,#3264,#4077,.T.);
#2638=EDGE_CURVE('',#3266,#3265,#4078,.T.);
#2639=EDGE_CURVE('',#3262,#3266,#4079,.T.);
#2640=EDGE_CURVE('',#3062,#3264,#4080,.T.);
#2641=EDGE_CURVE('',#3265,#3060,#4081,.T.);
#2642=EDGE_CURVE('',#3267,#3061,#4082,.T.);
#2643=EDGE_CURVE('',#3265,#3267,#4083,.T.);
#2644=EDGE_CURVE('',#3268,#3269,#4084,.T.);
#2645=EDGE_CURVE('',#3159,#3268,#4085,.T.);
#2646=EDGE_CURVE('',#3269,#2963,#4086,.T.);
#2647=EDGE_CURVE('',#3270,#3263,#4087,.T.);
#2648=EDGE_CURVE('',#3271,#3270,#4088,.T.);
#2649=EDGE_CURVE('',#3264,#3271,#4089,.T.);
#2650=EDGE_CURVE('',#3133,#3272,#4090,.T.);
#2651=EDGE_CURVE('',#3273,#3268,#4091,.T.);
#2652=EDGE_CURVE('',#3272,#3273,#4092,.T.);
#2653=EDGE_CURVE('',#3274,#3267,#4093,.T.);
#2654=EDGE_CURVE('',#3266,#3274,#4094,.T.);
#2655=EDGE_CURVE('',#3275,#3135,#4095,.T.);
#2656=EDGE_CURVE('',#3276,#3275,#4096,.T.);
#2657=EDGE_CURVE('',#3269,#3276,#4097,.T.);
#2658=EDGE_CURVE('',#3069,#3051,#4098,.T.);
#2659=EDGE_CURVE('',#3108,#3051,#4099,.T.);
#2660=EDGE_CURVE('',#3272,#3277,#4100,.T.);
#2661=EDGE_CURVE('',#3278,#3273,#4101,.T.);
#2662=EDGE_CURVE('',#3277,#3278,#4102,.T.);
#2663=EDGE_CURVE('',#3279,#3280,#4103,.T.);
#2664=EDGE_CURVE('',#3281,#3279,#4104,.T.);
#2665=EDGE_CURVE('',#3282,#3281,#4105,.T.);
#2666=EDGE_CURVE('',#3283,#3282,#4106,.T.);
#2667=EDGE_CURVE('',#3284,#3283,#4107,.T.);
#2668=EDGE_CURVE('',#3278,#3284,#4108,.T.);
#2669=EDGE_CURVE('',#3285,#3276,#4109,.T.);
#2670=EDGE_CURVE('',#3286,#3285,#4110,.T.);
#2671=EDGE_CURVE('',#3287,#3286,#4111,.T.);
#2672=EDGE_CURVE('',#3280,#3287,#4112,.T.);
#2673=EDGE_CURVE('',#3288,#3275,#4113,.T.);
#2674=EDGE_CURVE('',#3285,#3288,#4114,.T.);
#2675=EDGE_CURVE('',#3289,#3290,#4115,.T.);
#2676=EDGE_CURVE('',#3291,#3289,#4116,.T.);
#2677=EDGE_CURVE('',#3292,#3291,#4117,.T.);
#2678=EDGE_CURVE('',#3293,#3292,#4118,.T.);
#2679=EDGE_CURVE('',#3294,#3293,#4119,.T.);
#2680=EDGE_CURVE('',#3295,#3294,#4120,.T.);
#2681=EDGE_CURVE('',#3270,#3295,#4121,.T.);
#2682=EDGE_CURVE('',#3296,#3261,#4122,.T.);
#2683=EDGE_CURVE('',#3297,#3296,#4123,.T.);
#2684=EDGE_CURVE('',#3290,#3297,#4124,.T.);
#2685=EDGE_CURVE('',#3298,#3277,#4125,.T.);
#2686=EDGE_CURVE('',#3299,#3298,#4126,.T.);
#2687=EDGE_CURVE('',#3300,#3299,#4127,.T.);
#2688=EDGE_CURVE('',#3301,#3300,#4128,.T.);
#2689=EDGE_CURVE('',#3302,#3301,#4129,.T.);
#2690=EDGE_CURVE('',#3303,#3302,#4130,.T.);
#2691=EDGE_CURVE('',#3304,#3303,#4131,.T.);
#2692=EDGE_CURVE('',#3305,#3304,#4132,.T.);
#2693=EDGE_CURVE('',#3288,#3305,#4133,.T.);
#2694=EDGE_CURVE('',#3298,#3294,#4134,.T.);
#2695=EDGE_CURVE('',#3306,#3284,#4135,.T.);
#2696=EDGE_CURVE('',#3307,#3306,#4136,.T.);
#2697=EDGE_CURVE('',#3295,#3307,#4137,.T.);
#2698=EDGE_CURVE('',#3308,#3262,#4138,.T.);
#2699=EDGE_CURVE('',#3286,#3308,#4139,.T.);
#2700=EDGE_CURVE('',#3296,#3305,#4140,.T.);
#2701=EDGE_CURVE('',#3309,#3310,#4141,.T.);
#2702=EDGE_CURVE('',#3311,#3309,#4142,.T.);
#2703=EDGE_CURVE('',#3312,#3311,#4143,.T.);
#2704=EDGE_CURVE('',#3313,#3312,#4144,.T.);
#2705=EDGE_CURVE('',#3308,#3313,#4145,.T.);
#2706=EDGE_CURVE('',#3307,#3274,#4146,.T.);
#2707=EDGE_CURVE('',#3314,#3306,#4147,.T.);
#2708=EDGE_CURVE('',#3310,#3314,#4148,.T.);
#2709=EDGE_CURVE('',#3290,#3303,#4149,.T.);
#2710=EDGE_CURVE('',#3304,#3297,#4150,.T.);
#2711=EDGE_CURVE('',#3310,#3282,#4151,.T.);
#2712=EDGE_CURVE('',#3283,#3314,#4152,.T.);
#2713=EDGE_CURVE('',#3313,#3287,#4153,.T.);
#2714=EDGE_CURVE('',#3280,#3312,#4154,.T.);
#2715=EDGE_CURVE('',#3315,#3311,#4155,.T.);
#2716=EDGE_CURVE('',#3279,#3315,#4156,.T.);
#2717=EDGE_CURVE('',#3293,#3299,#4157,.T.);
#2718=EDGE_CURVE('',#3300,#3292,#4158,.T.);
#2719=EDGE_CURVE('',#3316,#3291,#4159,.T.);
#2720=EDGE_CURVE('',#3301,#3316,#4160,.T.);
#2721=EDGE_CURVE('',#3271,#3063,#4161,.T.);
#2722=EDGE_CURVE('',#3317,#3281,#4162,.T.);
#2723=EDGE_CURVE('',#3309,#3317,#4163,.T.);
#2724=EDGE_CURVE('',#3317,#3315,#4164,.T.);
#2725=EDGE_CURVE('',#3318,#3302,#4165,.T.);
#2726=EDGE_CURVE('',#3289,#3318,#4166,.T.);
#2727=EDGE_CURVE('',#3318,#3316,#4167,.T.);
#2728=EDGE_CURVE('',#3044,#3107,#4168,.F.);
#2729=EDGE_CURVE('',#3140,#3319,#4169,.F.);
#2730=EDGE_CURVE('',#3319,#3009,#4170,.T.);
#2731=EDGE_CURVE('',#3016,#3320,#4171,.T.);
#2732=EDGE_CURVE('',#3139,#3320,#4172,.F.);
#2733=EDGE_CURVE('',#3320,#3319,#4173,.T.);
#2734=EDGE_CURVE('',#3030,#3319,#4174,.T.);
#2735=EDGE_CURVE('',#3031,#3320,#4175,.F.);
#2736=EDGE_CURVE('',#2969,#2971,#4176,.T.);
#2737=EDGE_CURVE('',#2976,#2979,#4177,.T.);
#2738=EDGE_CURVE('',#3109,#2999,#4178,.T.);
#2739=EDGE_CURVE('',#2996,#3112,#4179,.F.);
#2740=EDGE_CURVE('',#2997,#3111,#4180,.F.);
#2741=EDGE_CURVE('',#3110,#2998,#4181,.F.);
#2742=EDGE_CURVE('',#2874,#3321,#4182,.F.);
#2743=EDGE_CURVE('',#3321,#2993,#4183,.F.);
#2744=EDGE_CURVE('',#3321,#2975,#4184,.F.);
#2745=EDGE_CURVE('',#3322,#3323,#4185,.T.);
#2746=EDGE_CURVE('',#3322,#2986,#4186,.T.);
#2747=EDGE_CURVE('',#3323,#2984,#4187,.T.);
#2748=EDGE_CURVE('',#3324,#2985,#4188,.T.);
#2749=EDGE_CURVE('',#3323,#3324,#4189,.T.);
#2750=EDGE_CURVE('',#2987,#3325,#4190,.T.);
#2751=EDGE_CURVE('',#3324,#3325,#4191,.T.);
#2752=EDGE_CURVE('',#3326,#3326,#80,.T.);
#2753=EDGE_CURVE('',#3325,#3322,#4192,.T.);
#2754=EDGE_CURVE('',#2976,#3327,#4193,.T.);
#2755=EDGE_CURVE('',#3328,#2979,#4194,.T.);
#2756=EDGE_CURVE('',#3327,#3328,#4195,.T.);
#2757=EDGE_CURVE('',#3329,#3330,#4196,.T.);
#2758=EDGE_CURVE('',#3329,#2977,#4197,.T.);
#2759=EDGE_CURVE('',#3330,#3327,#4198,.T.);
#2760=EDGE_CURVE('',#3331,#3328,#4199,.T.);
#2761=EDGE_CURVE('',#3330,#3331,#4200,.T.);
#2762=EDGE_CURVE('',#2978,#3332,#4201,.T.);
#2763=EDGE_CURVE('',#3331,#3332,#4202,.T.);
#2764=EDGE_CURVE('',#3333,#3333,#81,.T.);
#2765=EDGE_CURVE('',#3332,#3329,#4203,.T.);
#2766=EDGE_CURVE('',#3334,#3335,#4204,.T.);
#2767=EDGE_CURVE('',#3334,#2990,#4205,.T.);
#2768=EDGE_CURVE('',#3335,#2988,#4206,.T.);
#2769=EDGE_CURVE('',#3336,#2989,#4207,.T.);
#2770=EDGE_CURVE('',#3335,#3336,#4208,.T.);
#2771=EDGE_CURVE('',#2991,#3337,#4209,.T.);
#2772=EDGE_CURVE('',#3336,#3337,#4210,.T.);
#2773=EDGE_CURVE('',#3338,#3338,#82,.T.);
#2774=EDGE_CURVE('',#3337,#3334,#4211,.T.);
#2775=EDGE_CURVE('',#2969,#3339,#4212,.T.);
#2776=EDGE_CURVE('',#3340,#2971,#4213,.T.);
#2777=EDGE_CURVE('',#3339,#3340,#4214,.T.);
#2778=EDGE_CURVE('',#3341,#3342,#4215,.T.);
#2779=EDGE_CURVE('',#3341,#2968,#4216,.T.);
#2780=EDGE_CURVE('',#3342,#3339,#4217,.T.);
#2781=EDGE_CURVE('',#3343,#3340,#4218,.T.);
#2782=EDGE_CURVE('',#3342,#3343,#4219,.T.);
#2783=EDGE_CURVE('',#2970,#3344,#4220,.T.);
#2784=EDGE_CURVE('',#3343,#3344,#4221,.T.);
#2785=EDGE_CURVE('',#3345,#3345,#83,.T.);
#2786=EDGE_CURVE('',#3344,#3341,#4222,.T.);
#2787=EDGE_CURVE('',#3346,#3346,#84,.F.);
#2788=EDGE_CURVE('',#3347,#3347,#85,.F.);
#2789=EDGE_CURVE('',#3348,#3348,#86,.F.);
#2790=EDGE_CURVE('',#3349,#3349,#87,.F.);
#2791=EDGE_CURVE('',#3350,#2836,#4223,.T.);
#2792=EDGE_CURVE('',#3351,#3350,#4224,.T.);
#2793=EDGE_CURVE('',#3351,#2857,#4225,.T.);
#2794=EDGE_CURVE('',#2840,#3105,#4226,.T.);
#2795=EDGE_CURVE('',#3352,#3353,#4227,.T.);
#2796=EDGE_CURVE('',#3353,#3354,#4228,.T.);
#2797=EDGE_CURVE('',#3355,#3354,#4229,.T.);
#2798=EDGE_CURVE('',#3352,#3355,#4230,.T.);
#2799=EDGE_CURVE('',#3354,#3356,#4231,.F.);
#2800=EDGE_CURVE('',#3356,#2899,#4232,.T.);
#2801=EDGE_CURVE('',#3355,#2934,#4233,.T.);
#2802=EDGE_CURVE('',#2900,#3357,#4234,.T.);
#2803=EDGE_CURVE('',#3357,#3353,#4235,.F.);
#2804=EDGE_CURVE('',#2933,#3352,#4236,.T.);
#2805=EDGE_CURVE('',#3358,#3358,#88,.T.);
#2806=EDGE_CURVE('',#3356,#3357,#4237,.T.);
#2807=EDGE_CURVE('',#2868,#3359,#4238,.F.);
#2808=EDGE_CURVE('',#3360,#3359,#4239,.T.);
#2809=EDGE_CURVE('',#3350,#3360,#4240,.T.);
#2810=EDGE_CURVE('',#3359,#3361,#4241,.T.);
#2811=EDGE_CURVE('',#3362,#3361,#4242,.T.);
#2812=EDGE_CURVE('',#3360,#3362,#4243,.T.);
#2813=EDGE_CURVE('',#3361,#2867,#4244,.F.);
#2814=EDGE_CURVE('',#3362,#3351,#4245,.T.);
#2815=EDGE_CURVE('',#3363,#3363,#89,.T.);
#2816=EDGE_CURVE('',#3364,#3364,#90,.F.);
#2817=EDGE_CURVE('',#3365,#3365,#91,.F.);
#2818=EDGE_CURVE('',#3366,#3367,#4246,.T.);
#2819=EDGE_CURVE('',#3367,#3368,#4247,.T.);
#2820=EDGE_CURVE('',#3368,#3369,#4248,.T.);
#2821=EDGE_CURVE('',#3369,#3366,#4249,.T.);
#2822=EDGE_CURVE('',#3370,#3371,#4250,.T.);
#2823=EDGE_CURVE('',#3372,#3370,#4251,.T.);
#2824=EDGE_CURVE('',#3373,#3372,#4252,.T.);
#2825=EDGE_CURVE('',#3373,#3371,#4253,.T.);
#2826=EDGE_CURVE('',#3368,#3373,#4254,.T.);
#2827=EDGE_CURVE('',#3371,#3367,#4255,.T.);
#2828=EDGE_CURVE('',#3366,#3370,#4256,.T.);
#2829=EDGE_CURVE('',#3369,#3372,#4257,.T.);
#2830=VERTEX_POINT('',#8958);
#2831=VERTEX_POINT('',#8959);
#2832=VERTEX_POINT('',#8961);
#2833=VERTEX_POINT('',#8963);
#2834=VERTEX_POINT('',#8967);
#2835=VERTEX_POINT('',#8969);
#2836=VERTEX_POINT('',#8973);
#2837=VERTEX_POINT('',#8974);
#2838=VERTEX_POINT('',#8976);
#2839=VERTEX_POINT('',#8978);
#2840=VERTEX_POINT('',#8980);
#2841=VERTEX_POINT('',#8982);
#2842=VERTEX_POINT('',#8984);
#2843=VERTEX_POINT('',#8986);
#2844=VERTEX_POINT('',#8988);
#2845=VERTEX_POINT('',#8990);
#2846=VERTEX_POINT('',#8994);
#2847=VERTEX_POINT('',#8995);
#2848=VERTEX_POINT('',#8997);
#2849=VERTEX_POINT('',#8999);
#2850=VERTEX_POINT('',#9001);
#2851=VERTEX_POINT('',#9008);
#2852=VERTEX_POINT('',#9010);
#2853=VERTEX_POINT('',#9012);
#2854=VERTEX_POINT('',#9014);
#2855=VERTEX_POINT('',#9018);
#2856=VERTEX_POINT('',#9020);
#2857=VERTEX_POINT('',#9024);
#2858=VERTEX_POINT('',#9026);
#2859=VERTEX_POINT('',#9028);
#2860=VERTEX_POINT('',#9030);
#2861=VERTEX_POINT('',#9032);
#2862=VERTEX_POINT('',#9034);
#2863=VERTEX_POINT('',#9038);
#2864=VERTEX_POINT('',#9040);
#2865=VERTEX_POINT('',#9044);
#2866=VERTEX_POINT('',#9045);
#2867=VERTEX_POINT('',#9047);
#2868=VERTEX_POINT('',#9049);
#2869=VERTEX_POINT('',#9051);
#2870=VERTEX_POINT('',#9053);
#2871=VERTEX_POINT('',#9055);
#2872=VERTEX_POINT('',#9057);
#2873=VERTEX_POINT('',#9059);
#2874=VERTEX_POINT('',#9061);
#2875=VERTEX_POINT('',#9063);
#2876=VERTEX_POINT('',#9065);
#2877=VERTEX_POINT('',#9069);
#2878=VERTEX_POINT('',#9070);
#2879=VERTEX_POINT('',#9075);
#2880=VERTEX_POINT('',#9076);
#2881=VERTEX_POINT('',#9081);
#2882=VERTEX_POINT('',#9082);
#2883=VERTEX_POINT('',#9087);
#2884=VERTEX_POINT('',#9088);
#2885=VERTEX_POINT('',#9093);
#2886=VERTEX_POINT('',#9094);
#2887=VERTEX_POINT('',#9105);
#2888=VERTEX_POINT('',#9106);
#2889=VERTEX_POINT('',#9111);
#2890=VERTEX_POINT('',#9115);
#2891=VERTEX_POINT('',#9116);
#2892=VERTEX_POINT('',#9121);
#2893=VERTEX_POINT('',#9122);
#2894=VERTEX_POINT('',#9127);
#2895=VERTEX_POINT('',#9131);
#2896=VERTEX_POINT('',#9135);
#2897=VERTEX_POINT('',#9144);
#2898=VERTEX_POINT('',#9145);
#2899=VERTEX_POINT('',#9147);
#2900=VERTEX_POINT('',#9149);
#2901=VERTEX_POINT('',#9151);
#2902=VERTEX_POINT('',#9153);
#2903=VERTEX_POINT('',#9155);
#2904=VERTEX_POINT('',#9157);
#2905=VERTEX_POINT('',#9159);
#2906=VERTEX_POINT('',#9161);
#2907=VERTEX_POINT('',#9163);
#2908=VERTEX_POINT('',#9165);
#2909=VERTEX_POINT('',#9167);
#2910=VERTEX_POINT('',#9169);
#2911=VERTEX_POINT('',#9171);
#2912=VERTEX_POINT('',#9175);
#2913=VERTEX_POINT('',#9176);
#2914=VERTEX_POINT('',#9181);
#2915=VERTEX_POINT('',#9182);
#2916=VERTEX_POINT('',#9187);
#2917=VERTEX_POINT('',#9188);
#2918=VERTEX_POINT('',#9193);
#2919=VERTEX_POINT('',#9194);
#2920=VERTEX_POINT('',#9199);
#2921=VERTEX_POINT('',#9200);
#2922=VERTEX_POINT('',#9210);
#2923=VERTEX_POINT('',#9214);
#2924=VERTEX_POINT('',#9215);
#2925=VERTEX_POINT('',#9220);
#2926=VERTEX_POINT('',#9224);
#2927=VERTEX_POINT('',#9228);
#2928=VERTEX_POINT('',#9229);
#2929=VERTEX_POINT('',#9234);
#2930=VERTEX_POINT('',#9235);
#2931=VERTEX_POINT('',#9243);
#2932=VERTEX_POINT('',#9250);
#2933=VERTEX_POINT('',#9253);
#2934=VERTEX_POINT('',#9255);
#2935=VERTEX_POINT('',#9259);
#2936=VERTEX_POINT('',#9260);
#2937=VERTEX_POINT('',#9262);
#2938=VERTEX_POINT('',#9264);
#2939=VERTEX_POINT('',#9266);
#2940=VERTEX_POINT('',#9270);
#2941=VERTEX_POINT('',#9271);
#2942=VERTEX_POINT('',#9273);
#2943=VERTEX_POINT('',#9275);
#2944=VERTEX_POINT('',#9279);
#2945=VERTEX_POINT('',#9280);
#2946=VERTEX_POINT('',#9283);
#2947=VERTEX_POINT('',#9285);
#2948=VERTEX_POINT('',#9289);
#2949=VERTEX_POINT('',#9290);
#2950=VERTEX_POINT('',#9295);
#2951=VERTEX_POINT('',#9296);
#2952=VERTEX_POINT('',#9298);
#2953=VERTEX_POINT('',#9300);
#2954=VERTEX_POINT('',#9305);
#2955=VERTEX_POINT('',#9307);
#2956=VERTEX_POINT('',#9311);
#2957=VERTEX_POINT('',#9312);
#2958=VERTEX_POINT('',#9314);
#2959=VERTEX_POINT('',#9316);
#2960=VERTEX_POINT('',#9318);
#2961=VERTEX_POINT('',#9322);
#2962=VERTEX_POINT('',#9323);
#2963=VERTEX_POINT('',#9326);
#2964=VERTEX_POINT('',#9328);
#2965=VERTEX_POINT('',#9335);
#2966=VERTEX_POINT('',#9336);
#2967=VERTEX_POINT('',#9339);
#2968=VERTEX_POINT('',#9348);
#2969=VERTEX_POINT('',#9349);
#2970=VERTEX_POINT('',#9351);
#2971=VERTEX_POINT('',#9353);
#2972=VERTEX_POINT('',#9355);
#2973=VERTEX_POINT('',#9357);
#2974=VERTEX_POINT('',#9359);
#2975=VERTEX_POINT('',#9361);
#2976=VERTEX_POINT('',#9364);
#2977=VERTEX_POINT('',#9366);
#2978=VERTEX_POINT('',#9368);
#2979=VERTEX_POINT('',#9370);
#2980=VERTEX_POINT('',#9373);
#2981=VERTEX_POINT('',#9374);
#2982=VERTEX_POINT('',#9376);
#2983=VERTEX_POINT('',#9378);
#2984=VERTEX_POINT('',#9381);
#2985=VERTEX_POINT('',#9382);
#2986=VERTEX_POINT('',#9384);
#2987=VERTEX_POINT('',#9386);
#2988=VERTEX_POINT('',#9389);
#2989=VERTEX_POINT('',#9390);
#2990=VERTEX_POINT('',#9392);
#2991=VERTEX_POINT('',#9394);
#2992=VERTEX_POINT('',#9398);
#2993=VERTEX_POINT('',#9399);
#2994=VERTEX_POINT('',#9401);
#2995=VERTEX_POINT('',#9403);
#2996=VERTEX_POINT('',#9407);
#2997=VERTEX_POINT('',#9409);
#2998=VERTEX_POINT('',#9413);
#2999=VERTEX_POINT('',#9417);
#3000=VERTEX_POINT('',#9423);
#3001=VERTEX_POINT('',#9425);
#3002=VERTEX_POINT('',#9427);
#3003=VERTEX_POINT('',#9429);
#3004=VERTEX_POINT('',#9431);
#3005=VERTEX_POINT('',#9433);
#3006=VERTEX_POINT('',#9435);
#3007=VERTEX_POINT('',#9437);
#3008=VERTEX_POINT('',#9441);
#3009=VERTEX_POINT('',#9442);
#3010=VERTEX_POINT('',#9444);
#3011=VERTEX_POINT('',#9446);
#3012=VERTEX_POINT('',#9448);
#3013=VERTEX_POINT('',#9450);
#3014=VERTEX_POINT('',#9452);
#3015=VERTEX_POINT('',#9456);
#3016=VERTEX_POINT('',#9458);
#3017=VERTEX_POINT('',#9460);
#3018=VERTEX_POINT('',#9462);
#3019=VERTEX_POINT('',#9464);
#3020=VERTEX_POINT('',#9468);
#3021=VERTEX_POINT('',#9469);
#3022=VERTEX_POINT('',#9474);
#3023=VERTEX_POINT('',#9475);
#3024=VERTEX_POINT('',#9480);
#3025=VERTEX_POINT('',#9481);
#3026=VERTEX_POINT('',#9486);
#3027=VERTEX_POINT('',#9487);
#3028=VERTEX_POINT('',#9492);
#3029=VERTEX_POINT('',#9493);
#3030=VERTEX_POINT('',#9498);
#3031=VERTEX_POINT('',#9499);
#3032=VERTEX_POINT('',#9505);
#3033=VERTEX_POINT('',#9507);
#3034=VERTEX_POINT('',#9511);
#3035=VERTEX_POINT('',#9512);
#3036=VERTEX_POINT('',#9520);
#3037=VERTEX_POINT('',#9522);
#3038=VERTEX_POINT('',#9524);
#3039=VERTEX_POINT('',#9527);
#3040=VERTEX_POINT('',#9529);
#3041=VERTEX_POINT('',#9531);
#3042=VERTEX_POINT('',#9535);
#3043=VERTEX_POINT('',#9536);
#3044=VERTEX_POINT('',#9538);
#3045=VERTEX_POINT('',#9540);
#3046=VERTEX_POINT('',#9542);
#3047=VERTEX_POINT('',#9544);
#3048=VERTEX_POINT('',#9546);
#3049=VERTEX_POINT('',#9548);
#3050=VERTEX_POINT('',#9552);
#3051=VERTEX_POINT('',#9554);
#3052=VERTEX_POINT('',#9558);
#3053=VERTEX_POINT('',#9559);
#3054=VERTEX_POINT('',#9561);
#3055=VERTEX_POINT('',#9563);
#3056=VERTEX_POINT('',#9567);
#3057=VERTEX_POINT('',#9569);
#3058=VERTEX_POINT('',#9573);
#3059=VERTEX_POINT('',#9575);
#3060=VERTEX_POINT('',#9582);
#3061=VERTEX_POINT('',#9583);
#3062=VERTEX_POINT('',#9585);
#3063=VERTEX_POINT('',#9587);
#3064=VERTEX_POINT('',#9590);
#3065=VERTEX_POINT('',#9591);
#3066=VERTEX_POINT('',#9593);
#3067=VERTEX_POINT('',#9595);
#3068=VERTEX_POINT('',#9599);
#3069=VERTEX_POINT('',#9601);
#3070=VERTEX_POINT('',#9604);
#3071=VERTEX_POINT('',#9608);
#3072=VERTEX_POINT('',#9612);
#3073=VERTEX_POINT('',#9614);
#3074=VERTEX_POINT('',#9616);
#3075=VERTEX_POINT('',#9618);
#3076=VERTEX_POINT('',#9620);
#3077=VERTEX_POINT('',#9622);
#3078=VERTEX_POINT('',#9624);
#3079=VERTEX_POINT('',#9626);
#3080=VERTEX_POINT('',#9628);
#3081=VERTEX_POINT('',#9630);
#3082=VERTEX_POINT('',#9632);
#3083=VERTEX_POINT('',#9634);
#3084=VERTEX_POINT('',#9636);
#3085=VERTEX_POINT('',#9638);
#3086=VERTEX_POINT('',#9640);
#3087=VERTEX_POINT('',#9642);
#3088=VERTEX_POINT('',#9646);
#3089=VERTEX_POINT('',#9650);
#3090=VERTEX_POINT('',#9654);
#3091=VERTEX_POINT('',#9658);
#3092=VERTEX_POINT('',#9662);
#3093=VERTEX_POINT('',#9666);
#3094=VERTEX_POINT('',#9670);
#3095=VERTEX_POINT('',#9674);
#3096=VERTEX_POINT('',#9678);
#3097=VERTEX_POINT('',#9682);
#3098=VERTEX_POINT('',#9686);
#3099=VERTEX_POINT('',#9690);
#3100=VERTEX_POINT('',#9694);
#3101=VERTEX_POINT('',#9698);
#3102=VERTEX_POINT('',#9702);
#3103=VERTEX_POINT('',#9706);
#3104=VERTEX_POINT('',#9708);
#3105=VERTEX_POINT('',#9712);
#3106=VERTEX_POINT('',#9716);
#3107=VERTEX_POINT('',#9721);
#3108=VERTEX_POINT('',#9723);
#3109=VERTEX_POINT('',#9729);
#3110=VERTEX_POINT('',#9730);
#3111=VERTEX_POINT('',#9732);
#3112=VERTEX_POINT('',#9734);
#3113=VERTEX_POINT('',#9737);
#3114=VERTEX_POINT('',#9739);
#3115=VERTEX_POINT('',#9742);
#3116=VERTEX_POINT('',#9746);
#3117=VERTEX_POINT('',#9749);
#3118=VERTEX_POINT('',#9751);
#3119=VERTEX_POINT('',#9753);
#3120=VERTEX_POINT('',#9755);
#3121=VERTEX_POINT('',#9758);
#3122=VERTEX_POINT('',#9759);
#3123=VERTEX_POINT('',#9761);
#3124=VERTEX_POINT('',#9763);
#3125=VERTEX_POINT('',#9767);
#3126=VERTEX_POINT('',#9773);
#3127=VERTEX_POINT('',#9774);
#3128=VERTEX_POINT('',#9776);
#3129=VERTEX_POINT('',#9778);
#3130=VERTEX_POINT('',#9788);
#3131=VERTEX_POINT('',#9790);
#3132=VERTEX_POINT('',#9796);
#3133=VERTEX_POINT('',#9800);
#3134=VERTEX_POINT('',#9801);
#3135=VERTEX_POINT('',#9803);
#3136=VERTEX_POINT('',#9805);
#3137=VERTEX_POINT('',#9809);
#3138=VERTEX_POINT('',#9813);
#3139=VERTEX_POINT('',#9815);
#3140=VERTEX_POINT('',#9817);
#3141=VERTEX_POINT('',#9820);
#3142=VERTEX_POINT('',#9822);
#3143=VERTEX_POINT('',#9824);
#3144=VERTEX_POINT('',#9826);
#3145=VERTEX_POINT('',#9828);
#3146=VERTEX_POINT('',#9831);
#3147=VERTEX_POINT('',#9835);
#3148=VERTEX_POINT('',#9839);
#3149=VERTEX_POINT('',#9845);
#3150=VERTEX_POINT('',#9849);
#3151=VERTEX_POINT('',#9851);
#3152=VERTEX_POINT('',#9855);
#3153=VERTEX_POINT('',#9857);
#3154=VERTEX_POINT('',#9859);
#3155=VERTEX_POINT('',#9861);
#3156=VERTEX_POINT('',#9863);
#3157=VERTEX_POINT('',#9868);
#3158=VERTEX_POINT('',#9872);
#3159=VERTEX_POINT('',#9879);
#3160=VERTEX_POINT('',#9883);
#3161=VERTEX_POINT('',#9885);
#3162=VERTEX_POINT('',#9894);
#3163=VERTEX_POINT('',#9899);
#3164=VERTEX_POINT('',#9901);
#3165=VERTEX_POINT('',#9903);
#3166=VERTEX_POINT('',#9905);
#3167=VERTEX_POINT('',#9907);
#3168=VERTEX_POINT('',#9909);
#3169=VERTEX_POINT('',#9911);
#3170=VERTEX_POINT('',#9913);
#3171=VERTEX_POINT('',#9915);
#3172=VERTEX_POINT('',#9917);
#3173=VERTEX_POINT('',#9919);
#3174=VERTEX_POINT('',#9921);
#3175=VERTEX_POINT('',#9925);
#3176=VERTEX_POINT('',#9927);
#3177=VERTEX_POINT('',#9929);
#3178=VERTEX_POINT('',#9930);
#3179=VERTEX_POINT('',#9939);
#3180=VERTEX_POINT('',#9941);
#3181=VERTEX_POINT('',#9943);
#3182=VERTEX_POINT('',#9944);
#3183=VERTEX_POINT('',#9949);
#3184=VERTEX_POINT('',#9957);
#3185=VERTEX_POINT('',#9961);
#3186=VERTEX_POINT('',#9965);
#3187=VERTEX_POINT('',#9969);
#3188=VERTEX_POINT('',#9973);
#3189=VERTEX_POINT('',#9977);
#3190=VERTEX_POINT('',#9981);
#3191=VERTEX_POINT('',#9985);
#3192=VERTEX_POINT('',#9989);
#3193=VERTEX_POINT('',#9993);
#3194=VERTEX_POINT('',#9997);
#3195=VERTEX_POINT('',#10001);
#3196=VERTEX_POINT('',#10007);
#3197=VERTEX_POINT('',#10008);
#3198=VERTEX_POINT('',#10010);
#3199=VERTEX_POINT('',#10012);
#3200=VERTEX_POINT('',#10016);
#3201=VERTEX_POINT('',#10017);
#3202=VERTEX_POINT('',#10022);
#3203=VERTEX_POINT('',#10023);
#3204=VERTEX_POINT('',#10025);
#3205=VERTEX_POINT('',#10027);
#3206=VERTEX_POINT('',#10031);
#3207=VERTEX_POINT('',#10032);
#3208=VERTEX_POINT('',#10037);
#3209=VERTEX_POINT('',#10038);
#3210=VERTEX_POINT('',#10043);
#3211=VERTEX_POINT('',#10044);
#3212=VERTEX_POINT('',#10049);
#3213=VERTEX_POINT('',#10050);
#3214=VERTEX_POINT('',#10062);
#3215=VERTEX_POINT('',#10068);
#3216=VERTEX_POINT('',#10072);
#3217=VERTEX_POINT('',#10083);
#3218=VERTEX_POINT('',#10123);
#3219=VERTEX_POINT('',#10129);
#3220=VERTEX_POINT('',#10135);
#3221=VERTEX_POINT('',#10141);
#3222=VERTEX_POINT('',#10147);
#3223=VERTEX_POINT('',#10157);
#3224=VERTEX_POINT('',#10158);
#3225=VERTEX_POINT('',#10160);
#3226=VERTEX_POINT('',#10162);
#3227=VERTEX_POINT('',#10166);
#3228=VERTEX_POINT('',#10167);
#3229=VERTEX_POINT('',#10169);
#3230=VERTEX_POINT('',#10171);
#3231=VERTEX_POINT('',#10175);
#3232=VERTEX_POINT('',#10176);
#3233=VERTEX_POINT('',#10178);
#3234=VERTEX_POINT('',#10182);
#3235=VERTEX_POINT('',#10186);
#3236=VERTEX_POINT('',#10195);
#3237=VERTEX_POINT('',#10208);
#3238=VERTEX_POINT('',#10212);
#3239=VERTEX_POINT('',#10213);
#3240=VERTEX_POINT('',#10222);
#3241=VERTEX_POINT('',#10226);
#3242=VERTEX_POINT('',#10232);
#3243=VERTEX_POINT('',#10233);
#3244=VERTEX_POINT('',#10241);
#3245=VERTEX_POINT('',#10247);
#3246=VERTEX_POINT('',#10255);
#3247=VERTEX_POINT('',#10277);
#3248=VERTEX_POINT('',#10278);
#3249=VERTEX_POINT('',#10301);
#3250=VERTEX_POINT('',#10322);
#3251=VERTEX_POINT('',#10330);
#3252=VERTEX_POINT('',#10340);
#3253=VERTEX_POINT('',#10351);
#3254=VERTEX_POINT('',#10352);
#3255=VERTEX_POINT('',#10359);
#3256=VERTEX_POINT('',#10365);
#3257=VERTEX_POINT('',#10369);
#3258=VERTEX_POINT('',#10370);
#3259=VERTEX_POINT('',#10372);
#3260=VERTEX_POINT('',#10374);
#3261=VERTEX_POINT('',#10388);
#3262=VERTEX_POINT('',#10389);
#3263=VERTEX_POINT('',#10391);
#3264=VERTEX_POINT('',#10393);
#3265=VERTEX_POINT('',#10395);
#3266=VERTEX_POINT('',#10397);
#3267=VERTEX_POINT('',#10404);
#3268=VERTEX_POINT('',#10408);
#3269=VERTEX_POINT('',#10409);
#3270=VERTEX_POINT('',#10414);
#3271=VERTEX_POINT('',#10416);
#3272=VERTEX_POINT('',#10420);
#3273=VERTEX_POINT('',#10422);
#3274=VERTEX_POINT('',#10426);
#3275=VERTEX_POINT('',#10430);
#3276=VERTEX_POINT('',#10432);
#3277=VERTEX_POINT('',#10440);
#3278=VERTEX_POINT('',#10442);
#3279=VERTEX_POINT('',#10446);
#3280=VERTEX_POINT('',#10447);
#3281=VERTEX_POINT('',#10449);
#3282=VERTEX_POINT('',#10451);
#3283=VERTEX_POINT('',#10453);
#3284=VERTEX_POINT('',#10455);
#3285=VERTEX_POINT('',#10458);
#3286=VERTEX_POINT('',#10460);
#3287=VERTEX_POINT('',#10462);
#3288=VERTEX_POINT('',#10466);
#3289=VERTEX_POINT('',#10470);
#3290=VERTEX_POINT('',#10471);
#3291=VERTEX_POINT('',#10473);
#3292=VERTEX_POINT('',#10475);
#3293=VERTEX_POINT('',#10477);
#3294=VERTEX_POINT('',#10479);
#3295=VERTEX_POINT('',#10481);
#3296=VERTEX_POINT('',#10484);
#3297=VERTEX_POINT('',#10486);
#3298=VERTEX_POINT('',#10490);
#3299=VERTEX_POINT('',#10492);
#3300=VERTEX_POINT('',#10494);
#3301=VERTEX_POINT('',#10496);
#3302=VERTEX_POINT('',#10498);
#3303=VERTEX_POINT('',#10500);
#3304=VERTEX_POINT('',#10502);
#3305=VERTEX_POINT('',#10504);
#3306=VERTEX_POINT('',#10509);
#3307=VERTEX_POINT('',#10511);
#3308=VERTEX_POINT('',#10515);
#3309=VERTEX_POINT('',#10520);
#3310=VERTEX_POINT('',#10521);
#3311=VERTEX_POINT('',#10523);
#3312=VERTEX_POINT('',#10525);
#3313=VERTEX_POINT('',#10527);
#3314=VERTEX_POINT('',#10531);
#3315=VERTEX_POINT('',#10547);
#3316=VERTEX_POINT('',#10555);
#3317=VERTEX_POINT('',#10562);
#3318=VERTEX_POINT('',#10569);
#3319=VERTEX_POINT('',#10579);
#3320=VERTEX_POINT('',#10583);
#3321=VERTEX_POINT('',#10608);
#3322=VERTEX_POINT('',#10615);
#3323=VERTEX_POINT('',#10616);
#3324=VERTEX_POINT('',#10621);
#3325=VERTEX_POINT('',#10625);
#3326=VERTEX_POINT('',#10629);
#3327=VERTEX_POINT('',#10633);
#3328=VERTEX_POINT('',#10635);
#3329=VERTEX_POINT('',#10639);
#3330=VERTEX_POINT('',#10640);
#3331=VERTEX_POINT('',#10645);
#3332=VERTEX_POINT('',#10649);
#3333=VERTEX_POINT('',#10653);
#3334=VERTEX_POINT('',#10657);
#3335=VERTEX_POINT('',#10658);
#3336=VERTEX_POINT('',#10663);
#3337=VERTEX_POINT('',#10667);
#3338=VERTEX_POINT('',#10671);
#3339=VERTEX_POINT('',#10675);
#3340=VERTEX_POINT('',#10677);
#3341=VERTEX_POINT('',#10681);
#3342=VERTEX_POINT('',#10682);
#3343=VERTEX_POINT('',#10687);
#3344=VERTEX_POINT('',#10691);
#3345=VERTEX_POINT('',#10695);
#3346=VERTEX_POINT('',#10699);
#3347=VERTEX_POINT('',#10703);
#3348=VERTEX_POINT('',#10707);
#3349=VERTEX_POINT('',#10711);
#3350=VERTEX_POINT('',#10721);
#3351=VERTEX_POINT('',#10723);
#3352=VERTEX_POINT('',#10730);
#3353=VERTEX_POINT('',#10731);
#3354=VERTEX_POINT('',#10733);
#3355=VERTEX_POINT('',#10735);
#3356=VERTEX_POINT('',#10739);
#3357=VERTEX_POINT('',#10744);
#3358=VERTEX_POINT('',#10749);
#3359=VERTEX_POINT('',#10754);
#3360=VERTEX_POINT('',#10756);
#3361=VERTEX_POINT('',#10760);
#3362=VERTEX_POINT('',#10762);
#3363=VERTEX_POINT('',#10769);
#3364=VERTEX_POINT('',#10772);
#3365=VERTEX_POINT('',#10776);
#3366=VERTEX_POINT('',#10786);
#3367=VERTEX_POINT('',#10787);
#3368=VERTEX_POINT('',#10789);
#3369=VERTEX_POINT('',#10791);
#3370=VERTEX_POINT('',#10795);
#3371=VERTEX_POINT('',#10796);
#3372=VERTEX_POINT('',#10798);
#3373=VERTEX_POINT('',#10800);
#3374=LINE('',#8957,#4258);
#3375=LINE('',#8960,#4259);
#3376=LINE('',#8962,#4260);
#3377=LINE('',#8964,#4261);
#3378=LINE('',#8966,#4262);
#3379=LINE('',#8968,#4263);
#3380=LINE('',#8970,#4264);
#3381=LINE('',#8972,#4265);
#3382=LINE('',#8975,#4266);
#3383=LINE('',#8977,#4267);
#3384=LINE('',#8979,#4268);
#3385=LINE('',#8981,#4269);
#3386=LINE('',#8983,#4270);
#3387=LINE('',#8985,#4271);
#3388=LINE('',#8987,#4272);
#3389=LINE('',#8989,#4273);
#3390=LINE('',#8991,#4274);
#3391=LINE('',#8993,#4275);
#3392=LINE('',#8996,#4276);
#3393=LINE('',#8998,#4277);
#3394=LINE('',#9000,#4278);
#3395=LINE('',#9002,#4279);
#3396=LINE('',#9004,#4280);
#3397=LINE('',#9005,#4281);
#3398=LINE('',#9007,#4282);
#3399=LINE('',#9009,#4283);
#3400=LINE('',#9011,#4284);
#3401=LINE('',#9013,#4285);
#3402=LINE('',#9015,#4286);
#3403=LINE('',#9017,#4287);
#3404=LINE('',#9019,#4288);
#3405=LINE('',#9021,#4289);
#3406=LINE('',#9023,#4290);
#3407=LINE('',#9025,#4291);
#3408=LINE('',#9027,#4292);
#3409=LINE('',#9029,#4293);
#3410=LINE('',#9031,#4294);
#3411=LINE('',#9033,#4295);
#3412=LINE('',#9035,#4296);
#3413=LINE('',#9037,#4297);
#3414=LINE('',#9039,#4298);
#3415=LINE('',#9041,#4299);
#3416=LINE('',#9043,#4300);
#3417=LINE('',#9046,#4301);
#3418=LINE('',#9048,#4302);
#3419=LINE('',#9050,#4303);
#3420=LINE('',#9052,#4304);
#3421=LINE('',#9054,#4305);
#3422=LINE('',#9056,#4306);
#3423=LINE('',#9058,#4307);
#3424=LINE('',#9060,#4308);
#3425=LINE('',#9062,#4309);
#3426=LINE('',#9064,#4310);
#3427=LINE('',#9066,#4311);
#3428=LINE('',#9068,#4312);
#3429=LINE('',#9071,#4313);
#3430=LINE('',#9072,#4314);
#3431=LINE('',#9074,#4315);
#3432=LINE('',#9077,#4316);
#3433=LINE('',#9078,#4317);
#3434=LINE('',#9080,#4318);
#3435=LINE('',#9083,#4319);
#3436=LINE('',#9084,#4320);
#3437=LINE('',#9086,#4321);
#3438=LINE('',#9089,#4322);
#3439=LINE('',#9090,#4323);
#3440=LINE('',#9092,#4324);
#3441=LINE('',#9095,#4325);
#3442=LINE('',#9096,#4326);
#3443=LINE('',#9098,#4327);
#3444=LINE('',#9099,#4328);
#3445=LINE('',#9107,#4329);
#3446=LINE('',#9108,#4330);
#3447=LINE('',#9110,#4331);
#3448=LINE('',#9112,#4332);
#3449=LINE('',#9114,#4333);
#3450=LINE('',#9117,#4334);
#3451=LINE('',#9118,#4335);
#3452=LINE('',#9120,#4336);
#3453=LINE('',#9123,#4337);
#3454=LINE('',#9124,#4338);
#3455=LINE('',#9126,#4339);
#3456=LINE('',#9128,#4340);
#3457=LINE('',#9130,#4341);
#3458=LINE('',#9132,#4342);
#3459=LINE('',#9134,#4343);
#3460=LINE('',#9136,#4344);
#3461=LINE('',#9137,#4345);
#3462=LINE('',#9139,#4346);
#3463=LINE('',#9141,#4347);
#3464=LINE('',#9143,#4348);
#3465=LINE('',#9146,#4349);
#3466=LINE('',#9148,#4350);
#3467=LINE('',#9150,#4351);
#3468=LINE('',#9152,#4352);
#3469=LINE('',#9154,#4353);
#3470=LINE('',#9156,#4354);
#3471=LINE('',#9158,#4355);
#3472=LINE('',#9160,#4356);
#3473=LINE('',#9162,#4357);
#3474=LINE('',#9164,#4358);
#3475=LINE('',#9166,#4359);
#3476=LINE('',#9168,#4360);
#3477=LINE('',#9170,#4361);
#3478=LINE('',#9172,#4362);
#3479=LINE('',#9174,#4363);
#3480=LINE('',#9177,#4364);
#3481=LINE('',#9178,#4365);
#3482=LINE('',#9180,#4366);
#3483=LINE('',#9183,#4367);
#3484=LINE('',#9184,#4368);
#3485=LINE('',#9186,#4369);
#3486=LINE('',#9189,#4370);
#3487=LINE('',#9190,#4371);
#3488=LINE('',#9192,#4372);
#3489=LINE('',#9195,#4373);
#3490=LINE('',#9196,#4374);
#3491=LINE('',#9198,#4375);
#3492=LINE('',#9201,#4376);
#3493=LINE('',#9202,#4377);
#3494=LINE('',#9204,#4378);
#3495=LINE('',#9205,#4379);
#3496=LINE('',#9207,#4380);
#3497=LINE('',#9209,#4381);
#3498=LINE('',#9211,#4382);
#3499=LINE('',#9213,#4383);
#3500=LINE('',#9216,#4384);
#3501=LINE('',#9217,#4385);
#3502=LINE('',#9219,#4386);
#3503=LINE('',#9221,#4387);
#3504=LINE('',#9223,#4388);
#3505=LINE('',#9225,#4389);
#3506=LINE('',#9227,#4390);
#3507=LINE('',#9230,#4391);
#3508=LINE('',#9231,#4392);
#3509=LINE('',#9233,#4393);
#3510=LINE('',#9236,#4394);
#3511=LINE('',#9237,#4395);
#3512=LINE('',#9244,#4396);
#3513=LINE('',#9246,#4397);
#3514=LINE('',#9247,#4398);
#3515=LINE('',#9249,#4399);
#3516=LINE('',#9251,#4400);
#3517=LINE('',#9252,#4401);
#3518=LINE('',#9254,#4402);
#3519=LINE('',#9256,#4403);
#3520=LINE('',#9258,#4404);
#3521=LINE('',#9261,#4405);
#3522=LINE('',#9263,#4406);
#3523=LINE('',#9265,#4407);
#3524=LINE('',#9267,#4408);
#3525=LINE('',#9269,#4409);
#3526=LINE('',#9272,#4410);
#3527=LINE('',#9274,#4411);
#3528=LINE('',#9276,#4412);
#3529=LINE('',#9278,#4413);
#3530=LINE('',#9281,#4414);
#3531=LINE('',#9282,#4415);
#3532=LINE('',#9284,#4416);
#3533=LINE('',#9286,#4417);
#3534=LINE('',#9288,#4418);
#3535=LINE('',#9291,#4419);
#3536=LINE('',#9292,#4420);
#3537=LINE('',#9294,#4421);
#3538=LINE('',#9297,#4422);
#3539=LINE('',#9299,#4423);
#3540=LINE('',#9301,#4424);
#3541=LINE('',#9303,#4425);
#3542=LINE('',#9304,#4426);
#3543=LINE('',#9306,#4427);
#3544=LINE('',#9308,#4428);
#3545=LINE('',#9310,#4429);
#3546=LINE('',#9313,#4430);
#3547=LINE('',#9315,#4431);
#3548=LINE('',#9317,#4432);
#3549=LINE('',#9319,#4433);
#3550=LINE('',#9321,#4434);
#3551=LINE('',#9324,#4435);
#3552=LINE('',#9325,#4436);
#3553=LINE('',#9327,#4437);
#3554=LINE('',#9329,#4438);
#3555=LINE('',#9331,#4439);
#3556=LINE('',#9332,#4440);
#3557=LINE('',#9334,#4441);
#3558=LINE('',#9337,#4442);
#3559=LINE('',#9338,#4443);
#3560=LINE('',#9340,#4444);
#3561=LINE('',#9342,#4445);
#3562=LINE('',#9343,#4446);
#3563=LINE('',#9344,#4447);
#3564=LINE('',#9345,#4448);
#3565=LINE('',#9347,#4449);
#3566=LINE('',#9350,#4450);
#3567=LINE('',#9352,#4451);
#3568=LINE('',#9354,#4452);
#3569=LINE('',#9356,#4453);
#3570=LINE('',#9358,#4454);
#3571=LINE('',#9360,#4455);
#3572=LINE('',#9362,#4456);
#3573=LINE('',#9363,#4457);
#3574=LINE('',#9365,#4458);
#3575=LINE('',#9367,#4459);
#3576=LINE('',#9369,#4460);
#3577=LINE('',#9371,#4461);
#3578=LINE('',#9372,#4462);
#3579=LINE('',#9375,#4463);
#3580=LINE('',#9377,#4464);
#3581=LINE('',#9379,#4465);
#3582=LINE('',#9380,#4466);
#3583=LINE('',#9383,#4467);
#3584=LINE('',#9385,#4468);
#3585=LINE('',#9387,#4469);
#3586=LINE('',#9388,#4470);
#3587=LINE('',#9391,#4471);
#3588=LINE('',#9393,#4472);
#3589=LINE('',#9395,#4473);
#3590=LINE('',#9397,#4474);
#3591=LINE('',#9400,#4475);
#3592=LINE('',#9402,#4476);
#3593=LINE('',#9404,#4477);
#3594=LINE('',#9406,#4478);
#3595=LINE('',#9408,#4479);
#3596=LINE('',#9410,#4480);
#3597=LINE('',#9412,#4481);
#3598=LINE('',#9414,#4482);
#3599=LINE('',#9416,#4483);
#3600=LINE('',#9418,#4484);
#3601=LINE('',#9420,#4485);
#3602=LINE('',#9426,#4486);
#3603=LINE('',#9428,#4487);
#3604=LINE('',#9430,#4488);
#3605=LINE('',#9432,#4489);
#3606=LINE('',#9434,#4490);
#3607=LINE('',#9436,#4491);
#3608=LINE('',#9438,#4492);
#3609=LINE('',#9440,#4493);
#3610=LINE('',#9443,#4494);
#3611=LINE('',#9445,#4495);
#3612=LINE('',#9447,#4496);
#3613=LINE('',#9449,#4497);
#3614=LINE('',#9451,#4498);
#3615=LINE('',#9453,#4499);
#3616=LINE('',#9455,#4500);
#3617=LINE('',#9457,#4501);
#3618=LINE('',#9459,#4502);
#3619=LINE('',#9461,#4503);
#3620=LINE('',#9463,#4504);
#3621=LINE('',#9465,#4505);
#3622=LINE('',#9467,#4506);
#3623=LINE('',#9470,#4507);
#3624=LINE('',#9471,#4508);
#3625=LINE('',#9473,#4509);
#3626=LINE('',#9476,#4510);
#3627=LINE('',#9477,#4511);
#3628=LINE('',#9479,#4512);
#3629=LINE('',#9482,#4513);
#3630=LINE('',#9483,#4514);
#3631=LINE('',#9485,#4515);
#3632=LINE('',#9488,#4516);
#3633=LINE('',#9489,#4517);
#3634=LINE('',#9491,#4518);
#3635=LINE('',#9494,#4519);
#3636=LINE('',#9495,#4520);
#3637=LINE('',#9497,#4521);
#3638=LINE('',#9500,#4522);
#3639=LINE('',#9501,#4523);
#3640=LINE('',#9502,#4524);
#3641=LINE('',#9506,#4525);
#3642=LINE('',#9510,#4526);
#3643=LINE('',#9516,#4527);
#3644=LINE('',#9517,#4528);
#3645=LINE('',#9519,#4529);
#3646=LINE('',#9521,#4530);
#3647=LINE('',#9523,#4531);
#3648=LINE('',#9525,#4532);
#3649=LINE('',#9526,#4533);
#3650=LINE('',#9528,#4534);
#3651=LINE('',#9530,#4535);
#3652=LINE('',#9532,#4536);
#3653=LINE('',#9534,#4537);
#3654=LINE('',#9537,#4538);
#3655=LINE('',#9539,#4539);
#3656=LINE('',#9541,#4540);
#3657=LINE('',#9543,#4541);
#3658=LINE('',#9545,#4542);
#3659=LINE('',#9547,#4543);
#3660=LINE('',#9549,#4544);
#3661=LINE('',#9551,#4545);
#3662=LINE('',#9553,#4546);
#3663=LINE('',#9555,#4547);
#3664=LINE('',#9557,#4548);
#3665=LINE('',#9560,#4549);
#3666=LINE('',#9562,#4550);
#3667=LINE('',#9564,#4551);
#3668=LINE('',#9566,#4552);
#3669=LINE('',#9568,#4553);
#3670=LINE('',#9570,#4554);
#3671=LINE('',#9572,#4555);
#3672=LINE('',#9574,#4556);
#3673=LINE('',#9576,#4557);
#3674=LINE('',#9578,#4558);
#3675=LINE('',#9579,#4559);
#3676=LINE('',#9581,#4560);
#3677=LINE('',#9584,#4561);
#3678=LINE('',#9586,#4562);
#3679=LINE('',#9588,#4563);
#3680=LINE('',#9589,#4564);
#3681=LINE('',#9592,#4565);
#3682=LINE('',#9594,#4566);
#3683=LINE('',#9596,#4567);
#3684=LINE('',#9598,#4568);
#3685=LINE('',#9600,#4569);
#3686=LINE('',#9602,#4570);
#3687=LINE('',#9603,#4571);
#3688=LINE('',#9605,#4572);
#3689=LINE('',#9607,#4573);
#3690=LINE('',#9609,#4574);
#3691=LINE('',#9611,#4575);
#3692=LINE('',#9613,#4576);
#3693=LINE('',#9615,#4577);
#3694=LINE('',#9617,#4578);
#3695=LINE('',#9619,#4579);
#3696=LINE('',#9621,#4580);
#3697=LINE('',#9623,#4581);
#3698=LINE('',#9625,#4582);
#3699=LINE('',#9627,#4583);
#3700=LINE('',#9629,#4584);
#3701=LINE('',#9631,#4585);
#3702=LINE('',#9633,#4586);
#3703=LINE('',#9635,#4587);
#3704=LINE('',#9637,#4588);
#3705=LINE('',#9639,#4589);
#3706=LINE('',#9641,#4590);
#3707=LINE('',#9643,#4591);
#3708=LINE('',#9645,#4592);
#3709=LINE('',#9647,#4593);
#3710=LINE('',#9649,#4594);
#3711=LINE('',#9651,#4595);
#3712=LINE('',#9653,#4596);
#3713=LINE('',#9655,#4597);
#3714=LINE('',#9657,#4598);
#3715=LINE('',#9659,#4599);
#3716=LINE('',#9661,#4600);
#3717=LINE('',#9663,#4601);
#3718=LINE('',#9665,#4602);
#3719=LINE('',#9667,#4603);
#3720=LINE('',#9669,#4604);
#3721=LINE('',#9671,#4605);
#3722=LINE('',#9673,#4606);
#3723=LINE('',#9675,#4607);
#3724=LINE('',#9677,#4608);
#3725=LINE('',#9679,#4609);
#3726=LINE('',#9681,#4610);
#3727=LINE('',#9683,#4611);
#3728=LINE('',#9685,#4612);
#3729=LINE('',#9687,#4613);
#3730=LINE('',#9689,#4614);
#3731=LINE('',#9691,#4615);
#3732=LINE('',#9693,#4616);
#3733=LINE('',#9695,#4617);
#3734=LINE('',#9697,#4618);
#3735=LINE('',#9699,#4619);
#3736=LINE('',#9701,#4620);
#3737=LINE('',#9703,#4621);
#3738=LINE('',#9705,#4622);
#3739=LINE('',#9707,#4623);
#3740=LINE('',#9709,#4624);
#3741=LINE('',#9711,#4625);
#3742=LINE('',#9713,#4626);
#3743=LINE('',#9714,#4627);
#3744=LINE('',#9715,#4628);
#3745=LINE('',#9717,#4629);
#3746=LINE('',#9719,#4630);
#3747=LINE('',#9720,#4631);
#3748=LINE('',#9722,#4632);
#3749=LINE('',#9724,#4633);
#3750=LINE('',#9725,#4634);
#3751=LINE('',#9728,#4635);
#3752=LINE('',#9731,#4636);
#3753=LINE('',#9733,#4637);
#3754=LINE('',#9735,#4638);
#3755=LINE('',#9736,#4639);
#3756=LINE('',#9738,#4640);
#3757=LINE('',#9740,#4641);
#3758=LINE('',#9744,#4642);
#3759=LINE('',#9745,#4643);
#3760=LINE('',#9747,#4644);
#3761=LINE('',#9748,#4645);
#3762=LINE('',#9750,#4646);
#3763=LINE('',#9752,#4647);
#3764=LINE('',#9754,#4648);
#3765=LINE('',#9756,#4649);
#3766=LINE('',#9757,#4650);
#3767=LINE('',#9760,#4651);
#3768=LINE('',#9762,#4652);
#3769=LINE('',#9764,#4653);
#3770=LINE('',#9766,#4654);
#3771=LINE('',#9768,#4655);
#3772=LINE('',#9770,#4656);
#3773=LINE('',#9772,#4657);
#3774=LINE('',#9775,#4658);
#3775=LINE('',#9777,#4659);
#3776=LINE('',#9779,#4660);
#3777=LINE('',#9781,#4661);
#3778=LINE('',#9783,#4662);
#3779=LINE('',#9785,#4663);
#3780=LINE('',#9787,#4664);
#3781=LINE('',#9789,#4665);
#3782=LINE('',#9791,#4666);
#3783=LINE('',#9792,#4667);
#3784=LINE('',#9793,#4668);
#3785=LINE('',#9795,#4669);
#3786=LINE('',#9797,#4670);
#3787=LINE('',#9799,#4671);
#3788=LINE('',#9802,#4672);
#3789=LINE('',#9804,#4673);
#3790=LINE('',#9806,#4674);
#3791=LINE('',#9808,#4675);
#3792=LINE('',#9810,#4676);
#3793=LINE('',#9814,#4677);
#3794=LINE('',#9816,#4678);
#3795=LINE('',#9818,#4679);
#3796=LINE('',#9819,#4680);
#3797=LINE('',#9821,#4681);
#3798=LINE('',#9823,#4682);
#3799=LINE('',#9825,#4683);
#3800=LINE('',#9827,#4684);
#3801=LINE('',#9829,#4685);
#3802=LINE('',#9830,#4686);
#3803=LINE('',#9832,#4687);
#3804=LINE('',#9834,#4688);
#3805=LINE('',#9836,#4689);
#3806=LINE('',#9838,#4690);
#3807=LINE('',#9840,#4691);
#3808=LINE('',#9842,#4692);
#3809=LINE('',#9844,#4693);
#3810=LINE('',#9846,#4694);
#3811=LINE('',#9848,#4695);
#3812=LINE('',#9850,#4696);
#3813=LINE('',#9852,#4697);
#3814=LINE('',#9858,#4698);
#3815=LINE('',#9860,#4699);
#3816=LINE('',#9862,#4700);
#3817=LINE('',#9864,#4701);
#3818=LINE('',#9867,#4702);
#3819=LINE('',#9869,#4703);
#3820=LINE('',#9871,#4704);
#3821=LINE('',#9873,#4705);
#3822=LINE('',#9875,#4706);
#3823=LINE('',#9878,#4707);
#3824=LINE('',#9880,#4708);
#3825=LINE('',#9882,#4709);
#3826=LINE('',#9884,#4710);
#3827=LINE('',#9886,#4711);
#3828=LINE('',#9888,#4712);
#3829=LINE('',#9890,#4713);
#3830=LINE('',#9893,#4714);
#3831=LINE('',#9895,#4715);
#3832=LINE('',#9897,#4716);
#3833=LINE('',#9898,#4717);
#3834=LINE('',#9900,#4718);
#3835=LINE('',#9902,#4719);
#3836=LINE('',#9904,#4720);
#3837=LINE('',#9906,#4721);
#3838=LINE('',#9908,#4722);
#3839=LINE('',#9910,#4723);
#3840=LINE('',#9912,#4724);
#3841=LINE('',#9914,#4725);
#3842=LINE('',#9916,#4726);
#3843=LINE('',#9918,#4727);
#3844=LINE('',#9920,#4728);
#3845=LINE('',#9922,#4729);
#3846=LINE('',#9928,#4730);
#3847=LINE('',#9931,#4731);
#3848=LINE('',#9932,#4732);
#3849=LINE('',#9934,#4733);
#3850=LINE('',#9936,#4734);
#3851=LINE('',#9942,#4735);
#3852=LINE('',#9945,#4736);
#3853=LINE('',#9946,#4737);
#3854=LINE('',#9948,#4738);
#3855=LINE('',#9950,#4739);
#3856=LINE('',#9952,#4740);
#3857=LINE('',#9954,#4741);
#3858=LINE('',#9956,#4742);
#3859=LINE('',#9958,#4743);
#3860=LINE('',#9960,#4744);
#3861=LINE('',#9962,#4745);
#3862=LINE('',#9964,#4746);
#3863=LINE('',#9966,#4747);
#3864=LINE('',#9968,#4748);
#3865=LINE('',#9970,#4749);
#3866=LINE('',#9972,#4750);
#3867=LINE('',#9974,#4751);
#3868=LINE('',#9976,#4752);
#3869=LINE('',#9978,#4753);
#3870=LINE('',#9980,#4754);
#3871=LINE('',#9982,#4755);
#3872=LINE('',#9984,#4756);
#3873=LINE('',#9986,#4757);
#3874=LINE('',#9988,#4758);
#3875=LINE('',#9990,#4759);
#3876=LINE('',#9992,#4760);
#3877=LINE('',#9994,#4761);
#3878=LINE('',#9996,#4762);
#3879=LINE('',#9998,#4763);
#3880=LINE('',#10000,#4764);
#3881=LINE('',#10002,#4765);
#3882=LINE('',#10004,#4766);
#3883=LINE('',#10006,#4767);
#3884=LINE('',#10009,#4768);
#3885=LINE('',#10011,#4769);
#3886=LINE('',#10013,#4770);
#3887=LINE('',#10015,#4771);
#3888=LINE('',#10018,#4772);
#3889=LINE('',#10019,#4773);
#3890=LINE('',#10021,#4774);
#3891=LINE('',#10024,#4775);
#3892=LINE('',#10026,#4776);
#3893=LINE('',#10028,#4777);
#3894=LINE('',#10030,#4778);
#3895=LINE('',#10033,#4779);
#3896=LINE('',#10034,#4780);
#3897=LINE('',#10036,#4781);
#3898=LINE('',#10039,#4782);
#3899=LINE('',#10040,#4783);
#3900=LINE('',#10042,#4784);
#3901=LINE('',#10045,#4785);
#3902=LINE('',#10046,#4786);
#3903=LINE('',#10048,#4787);
#3904=LINE('',#10051,#4788);
#3905=LINE('',#10052,#4789);
#3906=LINE('',#10054,#4790);
#3907=LINE('',#10055,#4791);
#3908=LINE('',#10057,#4792);
#3909=LINE('',#10059,#4793);
#3910=LINE('',#10061,#4794);
#3911=LINE('',#10063,#4795);
#3912=LINE('',#10065,#4796);
#3913=LINE('',#10067,#4797);
#3914=LINE('',#10069,#4798);
#3915=LINE('',#10071,#4799);
#3916=LINE('',#10073,#4800);
#3917=LINE('',#10075,#4801);
#3918=LINE('',#10077,#4802);
#3919=LINE('',#10078,#4803);
#3920=LINE('',#10080,#4804);
#3921=LINE('',#10082,#4805);
#3922=LINE('',#10084,#4806);
#3923=LINE('',#10086,#4807);
#3924=LINE('',#10088,#4808);
#3925=LINE('',#10090,#4809);
#3926=LINE('',#10092,#4810);
#3927=LINE('',#10094,#4811);
#3928=LINE('',#10096,#4812);
#3929=LINE('',#10098,#4813);
#3930=LINE('',#10100,#4814);
#3931=LINE('',#10102,#4815);
#3932=LINE('',#10104,#4816);
#3933=LINE('',#10106,#4817);
#3934=LINE('',#10108,#4818);
#3935=LINE('',#10110,#4819);
#3936=LINE('',#10112,#4820);
#3937=LINE('',#10114,#4821);
#3938=LINE('',#10116,#4822);
#3939=LINE('',#10118,#4823);
#3940=LINE('',#10120,#4824);
#3941=LINE('',#10122,#4825);
#3942=LINE('',#10124,#4826);
#3943=LINE('',#10126,#4827);
#3944=LINE('',#10128,#4828);
#3945=LINE('',#10130,#4829);
#3946=LINE('',#10132,#4830);
#3947=LINE('',#10134,#4831);
#3948=LINE('',#10136,#4832);
#3949=LINE('',#10138,#4833);
#3950=LINE('',#10140,#4834);
#3951=LINE('',#10142,#4835);
#3952=LINE('',#10144,#4836);
#3953=LINE('',#10146,#4837);
#3954=LINE('',#10148,#4838);
#3955=LINE('',#10150,#4839);
#3956=LINE('',#10152,#4840);
#3957=LINE('',#10153,#4841);
#3958=LINE('',#10156,#4842);
#3959=LINE('',#10159,#4843);
#3960=LINE('',#10161,#4844);
#3961=LINE('',#10163,#4845);
#3962=LINE('',#10165,#4846);
#3963=LINE('',#10168,#4847);
#3964=LINE('',#10170,#4848);
#3965=LINE('',#10172,#4849);
#3966=LINE('',#10174,#4850);
#3967=LINE('',#10177,#4851);
#3968=LINE('',#10179,#4852);
#3969=LINE('',#10181,#4853);
#3970=LINE('',#10183,#4854);
#3971=LINE('',#10185,#4855);
#3972=LINE('',#10187,#4856);
#3973=LINE('',#10189,#4857);
#3974=LINE('',#10190,#4858);
#3975=LINE('',#10192,#4859);
#3976=LINE('',#10194,#4860);
#3977=LINE('',#10196,#4861);
#3978=LINE('',#10198,#4862);
#3979=LINE('',#10200,#4863);
#3980=LINE('',#10201,#4864);
#3981=LINE('',#10203,#4865);
#3982=LINE('',#10205,#4866);
#3983=LINE('',#10207,#4867);
#3984=LINE('',#10209,#4868);
#3985=LINE('',#10211,#4869);
#3986=LINE('',#10214,#4870);
#3987=LINE('',#10215,#4871);
#3988=LINE('',#10217,#4872);
#3989=LINE('',#10219,#4873);
#3990=LINE('',#10221,#4874);
#3991=LINE('',#10223,#4875);
#3992=LINE('',#10225,#4876);
#3993=LINE('',#10227,#4877);
#3994=LINE('',#10229,#4878);
#3995=LINE('',#10231,#4879);
#3996=LINE('',#10234,#4880);
#3997=LINE('',#10235,#4881);
#3998=LINE('',#10237,#4882);
#3999=LINE('',#10238,#4883);
#4000=LINE('',#10240,#4884);
#4001=LINE('',#10242,#4885);
#4002=LINE('',#10244,#4886);
#4003=LINE('',#10246,#4887);
#4004=LINE('',#10248,#4888);
#4005=LINE('',#10250,#4889);
#4006=LINE('',#10252,#4890);
#4007=LINE('',#10254,#4891);
#4008=LINE('',#10256,#4892);
#4009=LINE('',#10258,#4893);
#4010=LINE('',#10260,#4894);
#4011=LINE('',#10262,#4895);
#4012=LINE('',#10264,#4896);
#4013=LINE('',#10266,#4897);
#4014=LINE('',#10268,#4898);
#4015=LINE('',#10270,#4899);
#4016=LINE('',#10272,#4900);
#4017=LINE('',#10274,#4901);
#4018=LINE('',#10276,#4902);
#4019=LINE('',#10279,#4903);
#4020=LINE('',#10280,#4904);
#4021=LINE('',#10282,#4905);
#4022=LINE('',#10284,#4906);
#4023=LINE('',#10286,#4907);
#4024=LINE('',#10288,#4908);
#4025=LINE('',#10290,#4909);
#4026=LINE('',#10292,#4910);
#4027=LINE('',#10294,#4911);
#4028=LINE('',#10296,#4912);
#4029=LINE('',#10298,#4913);
#4030=LINE('',#10300,#4914);
#4031=LINE('',#10302,#4915);
#4032=LINE('',#10304,#4916);
#4033=LINE('',#10305,#4917);
#4034=LINE('',#10307,#4918);
#4035=LINE('',#10310,#4919);
#4036=LINE('',#10312,#4920);
#4037=LINE('',#10314,#4921);
#4038=LINE('',#10316,#4922);
#4039=LINE('',#10318,#4923);
#4040=LINE('',#10321,#4924);
#4041=LINE('',#10323,#4925);
#4042=LINE('',#10325,#4926);
#4043=LINE('',#10327,#4927);
#4044=LINE('',#10329,#4928);
#4045=LINE('',#10331,#4929);
#4046=LINE('',#10333,#4930);
#4047=LINE('',#10335,#4931);
#4048=LINE('',#10337,#4932);
#4049=LINE('',#10339,#4933);
#4050=LINE('',#10341,#4934);
#4051=LINE('',#10343,#4935);
#4052=LINE('',#10345,#4936);
#4053=LINE('',#10347,#4937);
#4054=LINE('',#10350,#4938);
#4055=LINE('',#10353,#4939);
#4056=LINE('',#10354,#4940);
#4057=LINE('',#10356,#4941);
#4058=LINE('',#10358,#4942);
#4059=LINE('',#10360,#4943);
#4060=LINE('',#10362,#4944);
#4061=LINE('',#10363,#4945);
#4062=LINE('',#10364,#4946);
#4063=LINE('',#10366,#4947);
#4064=LINE('',#10368,#4948);
#4065=LINE('',#10371,#4949);
#4066=LINE('',#10373,#4950);
#4067=LINE('',#10375,#4951);
#4068=LINE('',#10377,#4952);
#4069=LINE('',#10378,#4953);
#4070=LINE('',#10379,#4954);
#4071=LINE('',#10380,#4955);
#4072=LINE('',#10382,#4956);
#4073=LINE('',#10384,#4957);
#4074=LINE('',#10387,#4958);
#4075=LINE('',#10390,#4959);
#4076=LINE('',#10392,#4960);
#4077=LINE('',#10394,#4961);
#4078=LINE('',#10396,#4962);
#4079=LINE('',#10398,#4963);
#4080=LINE('',#10400,#4964);
#4081=LINE('',#10401,#4965);
#4082=LINE('',#10403,#4966);
#4083=LINE('',#10405,#4967);
#4084=LINE('',#10407,#4968);
#4085=LINE('',#10410,#4969);
#4086=LINE('',#10411,#4970);
#4087=LINE('',#10413,#4971);
#4088=LINE('',#10415,#4972);
#4089=LINE('',#10417,#4973);
#4090=LINE('',#10419,#4974);
#4091=LINE('',#10421,#4975);
#4092=LINE('',#10423,#4976);
#4093=LINE('',#10425,#4977);
#4094=LINE('',#10427,#4978);
#4095=LINE('',#10429,#4979);
#4096=LINE('',#10431,#4980);
#4097=LINE('',#10433,#4981);
#4098=LINE('',#10435,#4982);
#4099=LINE('',#10436,#4983);
#4100=LINE('',#10439,#4984);
#4101=LINE('',#10441,#4985);
#4102=LINE('',#10443,#4986);
#4103=LINE('',#10445,#4987);
#4104=LINE('',#10448,#4988);
#4105=LINE('',#10450,#4989);
#4106=LINE('',#10452,#4990);
#4107=LINE('',#10454,#4991);
#4108=LINE('',#10456,#4992);
#4109=LINE('',#10457,#4993);
#4110=LINE('',#10459,#4994);
#4111=LINE('',#10461,#4995);
#4112=LINE('',#10463,#4996);
#4113=LINE('',#10465,#4997);
#4114=LINE('',#10467,#4998);
#4115=LINE('',#10469,#4999);
#4116=LINE('',#10472,#5000);
#4117=LINE('',#10474,#5001);
#4118=LINE('',#10476,#5002);
#4119=LINE('',#10478,#5003);
#4120=LINE('',#10480,#5004);
#4121=LINE('',#10482,#5005);
#4122=LINE('',#10483,#5006);
#4123=LINE('',#10485,#5007);
#4124=LINE('',#10487,#5008);
#4125=LINE('',#10489,#5009);
#4126=LINE('',#10491,#5010);
#4127=LINE('',#10493,#5011);
#4128=LINE('',#10495,#5012);
#4129=LINE('',#10497,#5013);
#4130=LINE('',#10499,#5014);
#4131=LINE('',#10501,#5015);
#4132=LINE('',#10503,#5016);
#4133=LINE('',#10505,#5017);
#4134=LINE('',#10507,#5018);
#4135=LINE('',#10508,#5019);
#4136=LINE('',#10510,#5020);
#4137=LINE('',#10512,#5021);
#4138=LINE('',#10514,#5022);
#4139=LINE('',#10516,#5023);
#4140=LINE('',#10517,#5024);
#4141=LINE('',#10519,#5025);
#4142=LINE('',#10522,#5026);
#4143=LINE('',#10524,#5027);
#4144=LINE('',#10526,#5028);
#4145=LINE('',#10528,#5029);
#4146=LINE('',#10529,#5030);
#4147=LINE('',#10530,#5031);
#4148=LINE('',#10532,#5032);
#4149=LINE('',#10534,#5033);
#4150=LINE('',#10535,#5034);
#4151=LINE('',#10538,#5035);
#4152=LINE('',#10539,#5036);
#4153=LINE('',#10542,#5037);
#4154=LINE('',#10543,#5038);
#4155=LINE('',#10546,#5039);
#4156=LINE('',#10548,#5040);
#4157=LINE('',#10550,#5041);
#4158=LINE('',#10551,#5042);
#4159=LINE('',#10554,#5043);
#4160=LINE('',#10556,#5044);
#4161=LINE('',#10558,#5045);
#4162=LINE('',#10561,#5046);
#4163=LINE('',#10563,#5047);
#4164=LINE('',#10565,#5048);
#4165=LINE('',#10568,#5049);
#4166=LINE('',#10570,#5050);
#4167=LINE('',#10572,#5051);
#4168=LINE('',#10576,#5052);
#4169=LINE('',#10578,#5053);
#4170=LINE('',#10580,#5054);
#4171=LINE('',#10582,#5055);
#4172=LINE('',#10584,#5056);
#4173=LINE('',#10586,#5057);
#4174=LINE('',#10589,#5058);
#4175=LINE('',#10591,#5059);
#4176=LINE('',#10596,#5060);
#4177=LINE('',#10597,#5061);
#4178=LINE('',#10599,#5062);
#4179=LINE('',#10600,#5063);
#4180=LINE('',#10602,#5064);
#4181=LINE('',#10604,#5065);
#4182=LINE('',#10607,#5066);
#4183=LINE('',#10609,#5067);
#4184=LINE('',#10611,#5068);
#4185=LINE('',#10614,#5069);
#4186=LINE('',#10617,#5070);
#4187=LINE('',#10618,#5071);
#4188=LINE('',#10620,#5072);
#4189=LINE('',#10622,#5073);
#4190=LINE('',#10624,#5074);
#4191=LINE('',#10626,#5075);
#4192=LINE('',#10630,#5076);
#4193=LINE('',#10632,#5077);
#4194=LINE('',#10634,#5078);
#4195=LINE('',#10636,#5079);
#4196=LINE('',#10638,#5080);
#4197=LINE('',#10641,#5081);
#4198=LINE('',#10642,#5082);
#4199=LINE('',#10644,#5083);
#4200=LINE('',#10646,#5084);
#4201=LINE('',#10648,#5085);
#4202=LINE('',#10650,#5086);
#4203=LINE('',#10654,#5087);
#4204=LINE('',#10656,#5088);
#4205=LINE('',#10659,#5089);
#4206=LINE('',#10660,#5090);
#4207=LINE('',#10662,#5091);
#4208=LINE('',#10664,#5092);
#4209=LINE('',#10666,#5093);
#4210=LINE('',#10668,#5094);
#4211=LINE('',#10672,#5095);
#4212=LINE('',#10674,#5096);
#4213=LINE('',#10676,#5097);
#4214=LINE('',#10678,#5098);
#4215=LINE('',#10680,#5099);
#4216=LINE('',#10683,#5100);
#4217=LINE('',#10684,#5101);
#4218=LINE('',#10686,#5102);
#4219=LINE('',#10688,#5103);
#4220=LINE('',#10690,#5104);
#4221=LINE('',#10692,#5105);
#4222=LINE('',#10696,#5106);
#4223=LINE('',#10720,#5107);
#4224=LINE('',#10722,#5108);
#4225=LINE('',#10724,#5109);
#4226=LINE('',#10726,#5110);
#4227=LINE('',#10729,#5111);
#4228=LINE('',#10732,#5112);
#4229=LINE('',#10734,#5113);
#4230=LINE('',#10736,#5114);
#4231=LINE('',#10738,#5115);
#4232=LINE('',#10740,#5116);
#4233=LINE('',#10741,#5117);
#4234=LINE('',#10743,#5118);
#4235=LINE('',#10745,#5119);
#4236=LINE('',#10746,#5120);
#4237=LINE('',#10751,#5121);
#4238=LINE('',#10753,#5122);
#4239=LINE('',#10755,#5123);
#4240=LINE('',#10757,#5124);
#4241=LINE('',#10759,#5125);
#4242=LINE('',#10761,#5126);
#4243=LINE('',#10763,#5127);
#4244=LINE('',#10765,#5128);
#4245=LINE('',#10766,#5129);
#4246=LINE('',#10785,#5130);
#4247=LINE('',#10788,#5131);
#4248=LINE('',#10790,#5132);
#4249=LINE('',#10792,#5133);
#4250=LINE('',#10794,#5134);
#4251=LINE('',#10797,#5135);
#4252=LINE('',#10799,#5136);
#4253=LINE('',#10801,#5137);
#4254=LINE('',#10803,#5138);
#4255=LINE('',#10804,#5139);
#4256=LINE('',#10806,#5140);
#4257=LINE('',#10808,#5141);
#4258=VECTOR('',#7221,1000.);
#4259=VECTOR('',#7222,1000.);
#4260=VECTOR('',#7223,1000.);
#4261=VECTOR('',#7224,1000.);
#4262=VECTOR('',#7227,1000.);
#4263=VECTOR('',#7228,1000.);
#4264=VECTOR('',#7229,1000.);
#4265=VECTOR('',#7232,1000.);
#4266=VECTOR('',#7233,1000.);
#4267=VECTOR('',#7234,1000.);
#4268=VECTOR('',#7235,1000.);
#4269=VECTOR('',#7236,1000.);
#4270=VECTOR('',#7237,1000.);
#4271=VECTOR('',#7238,1000.);
#4272=VECTOR('',#7239,1000.);
#4273=VECTOR('',#7240,1000.);
#4274=VECTOR('',#7241,1000.);
#4275=VECTOR('',#7244,1000.);
#4276=VECTOR('',#7245,1000.);
#4277=VECTOR('',#7246,1000.);
#4278=VECTOR('',#7247,1000.);
#4279=VECTOR('',#7248,1000.);
#4280=VECTOR('',#7251,1000.);
#4281=VECTOR('',#7252,1000.);
#4282=VECTOR('',#7255,1000.);
#4283=VECTOR('',#7256,1000.);
#4284=VECTOR('',#7257,1000.);
#4285=VECTOR('',#7258,1000.);
#4286=VECTOR('',#7259,1000.);
#4287=VECTOR('',#7262,1000.);
#4288=VECTOR('',#7263,1000.);
#4289=VECTOR('',#7264,1000.);
#4290=VECTOR('',#7267,1000.);
#4291=VECTOR('',#7268,1000.);
#4292=VECTOR('',#7269,1000.);
#4293=VECTOR('',#7270,1000.);
#4294=VECTOR('',#7271,1000.);
#4295=VECTOR('',#7272,1000.);
#4296=VECTOR('',#7273,1000.);
#4297=VECTOR('',#7276,1000.);
#4298=VECTOR('',#7277,1000.);
#4299=VECTOR('',#7278,1000.);
#4300=VECTOR('',#7281,1000.);
#4301=VECTOR('',#7282,1000.);
#4302=VECTOR('',#7283,1000.);
#4303=VECTOR('',#7284,1000.);
#4304=VECTOR('',#7285,1000.);
#4305=VECTOR('',#7286,1000.);
#4306=VECTOR('',#7287,1000.);
#4307=VECTOR('',#7288,1000.);
#4308=VECTOR('',#7289,1000.);
#4309=VECTOR('',#7290,1000.);
#4310=VECTOR('',#7291,1000.);
#4311=VECTOR('',#7292,1000.);
#4312=VECTOR('',#7295,1000.);
#4313=VECTOR('',#7296,1000.);
#4314=VECTOR('',#7297,1000.);
#4315=VECTOR('',#7300,1000.);
#4316=VECTOR('',#7301,1000.);
#4317=VECTOR('',#7302,1000.);
#4318=VECTOR('',#7305,1000.);
#4319=VECTOR('',#7306,1000.);
#4320=VECTOR('',#7307,1000.);
#4321=VECTOR('',#7310,1000.);
#4322=VECTOR('',#7311,1000.);
#4323=VECTOR('',#7312,1000.);
#4324=VECTOR('',#7315,1000.);
#4325=VECTOR('',#7316,1000.);
#4326=VECTOR('',#7317,1000.);
#4327=VECTOR('',#7320,1000.);
#4328=VECTOR('',#7321,1000.);
#4329=VECTOR('',#7324,1000.);
#4330=VECTOR('',#7325,1000.);
#4331=VECTOR('',#7328,1000.);
#4332=VECTOR('',#7329,1000.);
#4333=VECTOR('',#7332,1000.);
#4334=VECTOR('',#7333,1000.);
#4335=VECTOR('',#7334,1000.);
#4336=VECTOR('',#7337,1000.);
#4337=VECTOR('',#7338,1000.);
#4338=VECTOR('',#7339,1000.);
#4339=VECTOR('',#7342,1000.);
#4340=VECTOR('',#7343,1000.);
#4341=VECTOR('',#7346,1000.);
#4342=VECTOR('',#7347,1000.);
#4343=VECTOR('',#7350,1000.);
#4344=VECTOR('',#7351,1000.);
#4345=VECTOR('',#7352,1000.);
#4346=VECTOR('',#7355,1000.);
#4347=VECTOR('',#7358,1000.);
#4348=VECTOR('',#7361,1000.);
#4349=VECTOR('',#7362,1000.);
#4350=VECTOR('',#7363,1000.);
#4351=VECTOR('',#7364,1000.);
#4352=VECTOR('',#7365,1000.);
#4353=VECTOR('',#7366,1000.);
#4354=VECTOR('',#7367,1000.);
#4355=VECTOR('',#7368,1000.);
#4356=VECTOR('',#7369,1000.);
#4357=VECTOR('',#7370,1000.);
#4358=VECTOR('',#7371,1000.);
#4359=VECTOR('',#7372,1000.);
#4360=VECTOR('',#7373,1000.);
#4361=VECTOR('',#7374,1000.);
#4362=VECTOR('',#7375,1000.);
#4363=VECTOR('',#7378,1000.);
#4364=VECTOR('',#7379,1000.);
#4365=VECTOR('',#7380,1000.);
#4366=VECTOR('',#7383,1000.);
#4367=VECTOR('',#7384,1000.);
#4368=VECTOR('',#7385,1000.);
#4369=VECTOR('',#7388,1000.);
#4370=VECTOR('',#7389,1000.);
#4371=VECTOR('',#7390,1000.);
#4372=VECTOR('',#7393,1000.);
#4373=VECTOR('',#7394,1000.);
#4374=VECTOR('',#7395,1000.);
#4375=VECTOR('',#7398,1000.);
#4376=VECTOR('',#7399,1000.);
#4377=VECTOR('',#7400,1000.);
#4378=VECTOR('',#7403,1000.);
#4379=VECTOR('',#7404,1000.);
#4380=VECTOR('',#7407,1000.);
#4381=VECTOR('',#7410,1000.);
#4382=VECTOR('',#7411,1000.);
#4383=VECTOR('',#7414,1000.);
#4384=VECTOR('',#7415,1000.);
#4385=VECTOR('',#7416,1000.);
#4386=VECTOR('',#7419,1000.);
#4387=VECTOR('',#7420,1000.);
#4388=VECTOR('',#7423,1000.);
#4389=VECTOR('',#7424,1000.);
#4390=VECTOR('',#7427,1000.);
#4391=VECTOR('',#7428,1000.);
#4392=VECTOR('',#7429,1000.);
#4393=VECTOR('',#7432,1000.);
#4394=VECTOR('',#7433,1000.);
#4395=VECTOR('',#7434,1000.);
#4396=VECTOR('',#7437,1000.);
#4397=VECTOR('',#7440,1000.);
#4398=VECTOR('',#7441,1000.);
#4399=VECTOR('',#7444,1000.);
#4400=VECTOR('',#7445,1000.);
#4401=VECTOR('',#7446,1000.);
#4402=VECTOR('',#7447,1000.);
#4403=VECTOR('',#7448,1000.);
#4404=VECTOR('',#7451,1000.);
#4405=VECTOR('',#7452,1000.);
#4406=VECTOR('',#7453,1000.);
#4407=VECTOR('',#7454,1000.);
#4408=VECTOR('',#7455,1000.);
#4409=VECTOR('',#7458,1000.);
#4410=VECTOR('',#7459,1000.);
#4411=VECTOR('',#7460,1000.);
#4412=VECTOR('',#7461,1000.);
#4413=VECTOR('',#7464,1000.);
#4414=VECTOR('',#7465,1000.);
#4415=VECTOR('',#7466,1000.);
#4416=VECTOR('',#7467,1000.);
#4417=VECTOR('',#7468,1000.);
#4418=VECTOR('',#7471,1000.);
#4419=VECTOR('',#7472,1000.);
#4420=VECTOR('',#7473,1000.);
#4421=VECTOR('',#7476,1000.);
#4422=VECTOR('',#7477,1000.);
#4423=VECTOR('',#7478,1000.);
#4424=VECTOR('',#7479,1000.);
#4425=VECTOR('',#7482,1000.);
#4426=VECTOR('',#7483,1000.);
#4427=VECTOR('',#7484,1000.);
#4428=VECTOR('',#7485,1000.);
#4429=VECTOR('',#7488,1000.);
#4430=VECTOR('',#7489,1000.);
#4431=VECTOR('',#7490,1000.);
#4432=VECTOR('',#7491,1000.);
#4433=VECTOR('',#7492,1000.);
#4434=VECTOR('',#7495,1000.);
#4435=VECTOR('',#7496,1000.);
#4436=VECTOR('',#7497,1000.);
#4437=VECTOR('',#7498,1000.);
#4438=VECTOR('',#7499,1000.);
#4439=VECTOR('',#7502,1000.);
#4440=VECTOR('',#7503,1000.);
#4441=VECTOR('',#7506,1000.);
#4442=VECTOR('',#7507,1000.);
#4443=VECTOR('',#7508,1000.);
#4444=VECTOR('',#7509,1000.);
#4445=VECTOR('',#7512,1000.);
#4446=VECTOR('',#7513,1000.);
#4447=VECTOR('',#7514,1000.);
#4448=VECTOR('',#7515,1000.);
#4449=VECTOR('',#7518,1000.);
#4450=VECTOR('',#7519,1000.);
#4451=VECTOR('',#7520,1000.);
#4452=VECTOR('',#7521,1000.);
#4453=VECTOR('',#7522,1000.);
#4454=VECTOR('',#7523,1000.);
#4455=VECTOR('',#7524,1000.);
#4456=VECTOR('',#7525,1000.);
#4457=VECTOR('',#7526,1000.);
#4458=VECTOR('',#7527,1000.);
#4459=VECTOR('',#7528,1000.);
#4460=VECTOR('',#7529,1000.);
#4461=VECTOR('',#7530,1000.);
#4462=VECTOR('',#7531,1000.);
#4463=VECTOR('',#7532,1000.);
#4464=VECTOR('',#7533,1000.);
#4465=VECTOR('',#7534,1000.);
#4466=VECTOR('',#7535,1000.);
#4467=VECTOR('',#7536,1000.);
#4468=VECTOR('',#7537,1000.);
#4469=VECTOR('',#7538,1000.);
#4470=VECTOR('',#7539,1000.);
#4471=VECTOR('',#7540,1000.);
#4472=VECTOR('',#7541,1000.);
#4473=VECTOR('',#7542,1000.);
#4474=VECTOR('',#7545,1000.);
#4475=VECTOR('',#7546,1000.);
#4476=VECTOR('',#7547,1000.);
#4477=VECTOR('',#7548,1000.);
#4478=VECTOR('',#7551,1000.);
#4479=VECTOR('',#7552,1000.);
#4480=VECTOR('',#7553,1000.);
#4481=VECTOR('',#7556,1000.);
#4482=VECTOR('',#7557,1000.);
#4483=VECTOR('',#7560,1000.);
#4484=VECTOR('',#7561,1000.);
#4485=VECTOR('',#7564,1000.);
#4486=VECTOR('',#7571,1000.);
#4487=VECTOR('',#7572,1000.);
#4488=VECTOR('',#7573,1000.);
#4489=VECTOR('',#7574,1000.);
#4490=VECTOR('',#7575,1000.);
#4491=VECTOR('',#7576,1000.);
#4492=VECTOR('',#7577,1000.);
#4493=VECTOR('',#7580,1000.);
#4494=VECTOR('',#7581,1000.);
#4495=VECTOR('',#7582,1000.);
#4496=VECTOR('',#7583,1000.);
#4497=VECTOR('',#7584,1000.);
#4498=VECTOR('',#7585,1000.);
#4499=VECTOR('',#7586,1000.);
#4500=VECTOR('',#7589,1000.);
#4501=VECTOR('',#7590,1000.);
#4502=VECTOR('',#7591,1000.);
#4503=VECTOR('',#7592,1000.);
#4504=VECTOR('',#7593,1000.);
#4505=VECTOR('',#7594,1000.);
#4506=VECTOR('',#7597,1000.);
#4507=VECTOR('',#7598,1000.);
#4508=VECTOR('',#7599,1000.);
#4509=VECTOR('',#7602,1000.);
#4510=VECTOR('',#7603,1000.);
#4511=VECTOR('',#7604,1000.);
#4512=VECTOR('',#7607,1000.);
#4513=VECTOR('',#7608,1000.);
#4514=VECTOR('',#7609,1000.);
#4515=VECTOR('',#7612,1000.);
#4516=VECTOR('',#7613,1000.);
#4517=VECTOR('',#7614,1000.);
#4518=VECTOR('',#7617,1000.);
#4519=VECTOR('',#7618,1000.);
#4520=VECTOR('',#7619,1000.);
#4521=VECTOR('',#7622,1000.);
#4522=VECTOR('',#7623,1000.);
#4523=VECTOR('',#7624,1000.);
#4524=VECTOR('',#7625,1000.);
#4525=VECTOR('',#7630,1000.);
#4526=VECTOR('',#7635,1000.);
#4527=VECTOR('',#7642,1000.);
#4528=VECTOR('',#7643,1000.);
#4529=VECTOR('',#7646,1000.);
#4530=VECTOR('',#7647,1000.);
#4531=VECTOR('',#7648,1000.);
#4532=VECTOR('',#7649,1000.);
#4533=VECTOR('',#7650,1000.);
#4534=VECTOR('',#7651,1000.);
#4535=VECTOR('',#7652,1000.);
#4536=VECTOR('',#7653,1000.);
#4537=VECTOR('',#7656,1000.);
#4538=VECTOR('',#7657,1000.);
#4539=VECTOR('',#7658,1000.);
#4540=VECTOR('',#7659,1000.);
#4541=VECTOR('',#7660,1000.);
#4542=VECTOR('',#7661,1000.);
#4543=VECTOR('',#7662,1000.);
#4544=VECTOR('',#7663,1000.);
#4545=VECTOR('',#7666,1000.);
#4546=VECTOR('',#7667,1000.);
#4547=VECTOR('',#7668,1000.);
#4548=VECTOR('',#7671,1000.);
#4549=VECTOR('',#7672,1000.);
#4550=VECTOR('',#7673,1000.);
#4551=VECTOR('',#7674,1000.);
#4552=VECTOR('',#7677,1000.);
#4553=VECTOR('',#7678,1000.);
#4554=VECTOR('',#7679,1000.);
#4555=VECTOR('',#7682,1000.);
#4556=VECTOR('',#7683,1000.);
#4557=VECTOR('',#7684,1000.);
#4558=VECTOR('',#7687,1000.);
#4559=VECTOR('',#7688,1000.);
#4560=VECTOR('',#7691,1000.);
#4561=VECTOR('',#7692,1000.);
#4562=VECTOR('',#7693,1000.);
#4563=VECTOR('',#7694,1000.);
#4564=VECTOR('',#7695,1000.);
#4565=VECTOR('',#7696,1000.);
#4566=VECTOR('',#7697,1000.);
#4567=VECTOR('',#7698,1000.);
#4568=VECTOR('',#7701,1000.);
#4569=VECTOR('',#7702,1000.);
#4570=VECTOR('',#7703,1000.);
#4571=VECTOR('',#7704,1000.);
#4572=VECTOR('',#7705,1000.);
#4573=VECTOR('',#7708,1000.);
#4574=VECTOR('',#7709,1000.);
#4575=VECTOR('',#7712,1000.);
#4576=VECTOR('',#7713,1000.);
#4577=VECTOR('',#7714,1000.);
#4578=VECTOR('',#7715,1000.);
#4579=VECTOR('',#7716,1000.);
#4580=VECTOR('',#7717,1000.);
#4581=VECTOR('',#7718,1000.);
#4582=VECTOR('',#7719,1000.);
#4583=VECTOR('',#7720,1000.);
#4584=VECTOR('',#7721,1000.);
#4585=VECTOR('',#7722,1000.);
#4586=VECTOR('',#7723,1000.);
#4587=VECTOR('',#7724,1000.);
#4588=VECTOR('',#7725,1000.);
#4589=VECTOR('',#7726,1000.);
#4590=VECTOR('',#7727,1000.);
#4591=VECTOR('',#7728,1000.);
#4592=VECTOR('',#7731,1000.);
#4593=VECTOR('',#7732,1000.);
#4594=VECTOR('',#7735,1000.);
#4595=VECTOR('',#7736,1000.);
#4596=VECTOR('',#7739,1000.);
#4597=VECTOR('',#7740,1000.);
#4598=VECTOR('',#7743,1000.);
#4599=VECTOR('',#7744,1000.);
#4600=VECTOR('',#7747,1000.);
#4601=VECTOR('',#7748,1000.);
#4602=VECTOR('',#7751,1000.);
#4603=VECTOR('',#7752,1000.);
#4604=VECTOR('',#7755,1000.);
#4605=VECTOR('',#7756,1000.);
#4606=VECTOR('',#7759,1000.);
#4607=VECTOR('',#7760,1000.);
#4608=VECTOR('',#7763,1000.);
#4609=VECTOR('',#7764,1000.);
#4610=VECTOR('',#7767,1000.);
#4611=VECTOR('',#7768,1000.);
#4612=VECTOR('',#7771,1000.);
#4613=VECTOR('',#7772,1000.);
#4614=VECTOR('',#7775,1000.);
#4615=VECTOR('',#7776,1000.);
#4616=VECTOR('',#7779,1000.);
#4617=VECTOR('',#7780,1000.);
#4618=VECTOR('',#7783,1000.);
#4619=VECTOR('',#7784,1000.);
#4620=VECTOR('',#7787,1000.);
#4621=VECTOR('',#7788,1000.);
#4622=VECTOR('',#7791,1000.);
#4623=VECTOR('',#7792,1000.);
#4624=VECTOR('',#7793,1000.);
#4625=VECTOR('',#7796,1000.);
#4626=VECTOR('',#7797,1000.);
#4627=VECTOR('',#7798,1000.);
#4628=VECTOR('',#7799,1000.);
#4629=VECTOR('',#7800,1000.);
#4630=VECTOR('',#7803,1000.);
#4631=VECTOR('',#7804,1000.);
#4632=VECTOR('',#7805,1000.);
#4633=VECTOR('',#7806,1000.);
#4634=VECTOR('',#7807,1000.);
#4635=VECTOR('',#7812,1000.);
#4636=VECTOR('',#7813,1000.);
#4637=VECTOR('',#7814,1000.);
#4638=VECTOR('',#7815,1000.);
#4639=VECTOR('',#7816,1000.);
#4640=VECTOR('',#7817,1000.);
#4641=VECTOR('',#7818,1000.);
#4642=VECTOR('',#7823,1000.);
#4643=VECTOR('',#7824,1000.);
#4644=VECTOR('',#7825,1000.);
#4645=VECTOR('',#7826,1000.);
#4646=VECTOR('',#7827,1000.);
#4647=VECTOR('',#7828,1000.);
#4648=VECTOR('',#7829,1000.);
#4649=VECTOR('',#7830,1000.);
#4650=VECTOR('',#7831,1000.);
#4651=VECTOR('',#7832,1000.);
#4652=VECTOR('',#7833,1000.);
#4653=VECTOR('',#7834,1000.);
#4654=VECTOR('',#7837,1000.);
#4655=VECTOR('',#7838,1000.);
#4656=VECTOR('',#7841,1000.);
#4657=VECTOR('',#7844,1000.);
#4658=VECTOR('',#7845,1000.);
#4659=VECTOR('',#7846,1000.);
#4660=VECTOR('',#7847,1000.);
#4661=VECTOR('',#7850,1000.);
#4662=VECTOR('',#7853,1000.);
#4663=VECTOR('',#7856,1000.);
#4664=VECTOR('',#7859,1000.);
#4665=VECTOR('',#7860,1000.);
#4666=VECTOR('',#7861,1000.);
#4667=VECTOR('',#7862,1000.);
#4668=VECTOR('',#7863,1000.);
#4669=VECTOR('',#7866,1000.);
#4670=VECTOR('',#7867,1000.);
#4671=VECTOR('',#7870,1000.);
#4672=VECTOR('',#7871,1000.);
#4673=VECTOR('',#7872,1000.);
#4674=VECTOR('',#7873,1000.);
#4675=VECTOR('',#7876,1000.);
#4676=VECTOR('',#7877,1000.);
#4677=VECTOR('',#7882,1000.);
#4678=VECTOR('',#7883,1000.);
#4679=VECTOR('',#7884,1000.);
#4680=VECTOR('',#7885,1000.);
#4681=VECTOR('',#7886,1000.);
#4682=VECTOR('',#7887,1000.);
#4683=VECTOR('',#7888,1000.);
#4684=VECTOR('',#7889,1000.);
#4685=VECTOR('',#7890,1000.);
#4686=VECTOR('',#7891,1000.);
#4687=VECTOR('',#7892,1000.);
#4688=VECTOR('',#7895,1000.);
#4689=VECTOR('',#7896,1000.);
#4690=VECTOR('',#7899,1000.);
#4691=VECTOR('',#7900,1000.);
#4692=VECTOR('',#7903,1000.);
#4693=VECTOR('',#7906,1000.);
#4694=VECTOR('',#7907,1000.);
#4695=VECTOR('',#7910,1000.);
#4696=VECTOR('',#7911,1000.);
#4697=VECTOR('',#7912,1000.);
#4698=VECTOR('',#7919,1000.);
#4699=VECTOR('',#7920,1000.);
#4700=VECTOR('',#7921,1000.);
#4701=VECTOR('',#7922,1000.);
#4702=VECTOR('',#7927,1000.);
#4703=VECTOR('',#7928,1000.);
#4704=VECTOR('',#7931,1000.);
#4705=VECTOR('',#7932,1000.);
#4706=VECTOR('',#7935,1000.);
#4707=VECTOR('',#7940,1000.);
#4708=VECTOR('',#7941,1000.);
#4709=VECTOR('',#7944,1000.);
#4710=VECTOR('',#7945,1000.);
#4711=VECTOR('',#7946,1000.);
#4712=VECTOR('',#7949,1000.);
#4713=VECTOR('',#7952,1000.);
#4714=VECTOR('',#7957,1000.);
#4715=VECTOR('',#7958,1000.);
#4716=VECTOR('',#7961,1000.);
#4717=VECTOR('',#7962,1000.);
#4718=VECTOR('',#7963,1000.);
#4719=VECTOR('',#7964,1000.);
#4720=VECTOR('',#7965,1000.);
#4721=VECTOR('',#7966,1000.);
#4722=VECTOR('',#7967,1000.);
#4723=VECTOR('',#7968,1000.);
#4724=VECTOR('',#7969,1000.);
#4725=VECTOR('',#7970,1000.);
#4726=VECTOR('',#7971,1000.);
#4727=VECTOR('',#7972,1000.);
#4728=VECTOR('',#7973,1000.);
#4729=VECTOR('',#7974,1000.);
#4730=VECTOR('',#7981,1000.);
#4731=VECTOR('',#7982,1000.);
#4732=VECTOR('',#7983,1000.);
#4733=VECTOR('',#7986,1000.);
#4734=VECTOR('',#7989,1000.);
#4735=VECTOR('',#7996,1000.);
#4736=VECTOR('',#7997,1000.);
#4737=VECTOR('',#7998,1000.);
#4738=VECTOR('',#8001,1000.);
#4739=VECTOR('',#8002,1000.);
#4740=VECTOR('',#8005,1000.);
#4741=VECTOR('',#8008,1000.);
#4742=VECTOR('',#8011,1000.);
#4743=VECTOR('',#8012,1000.);
#4744=VECTOR('',#8015,1000.);
#4745=VECTOR('',#8016,1000.);
#4746=VECTOR('',#8019,1000.);
#4747=VECTOR('',#8020,1000.);
#4748=VECTOR('',#8023,1000.);
#4749=VECTOR('',#8024,1000.);
#4750=VECTOR('',#8027,1000.);
#4751=VECTOR('',#8028,1000.);
#4752=VECTOR('',#8031,1000.);
#4753=VECTOR('',#8032,1000.);
#4754=VECTOR('',#8035,1000.);
#4755=VECTOR('',#8036,1000.);
#4756=VECTOR('',#8039,1000.);
#4757=VECTOR('',#8040,1000.);
#4758=VECTOR('',#8043,1000.);
#4759=VECTOR('',#8044,1000.);
#4760=VECTOR('',#8047,1000.);
#4761=VECTOR('',#8048,1000.);
#4762=VECTOR('',#8051,1000.);
#4763=VECTOR('',#8052,1000.);
#4764=VECTOR('',#8055,1000.);
#4765=VECTOR('',#8056,1000.);
#4766=VECTOR('',#8059,1000.);
#4767=VECTOR('',#8062,1000.);
#4768=VECTOR('',#8063,1000.);
#4769=VECTOR('',#8064,1000.);
#4770=VECTOR('',#8065,1000.);
#4771=VECTOR('',#8068,1000.);
#4772=VECTOR('',#8069,1000.);
#4773=VECTOR('',#8070,1000.);
#4774=VECTOR('',#8073,1000.);
#4775=VECTOR('',#8074,1000.);
#4776=VECTOR('',#8075,1000.);
#4777=VECTOR('',#8076,1000.);
#4778=VECTOR('',#8079,1000.);
#4779=VECTOR('',#8080,1000.);
#4780=VECTOR('',#8081,1000.);
#4781=VECTOR('',#8084,1000.);
#4782=VECTOR('',#8085,1000.);
#4783=VECTOR('',#8086,1000.);
#4784=VECTOR('',#8089,1000.);
#4785=VECTOR('',#8090,1000.);
#4786=VECTOR('',#8091,1000.);
#4787=VECTOR('',#8094,1000.);
#4788=VECTOR('',#8095,1000.);
#4789=VECTOR('',#8096,1000.);
#4790=VECTOR('',#8099,1000.);
#4791=VECTOR('',#8100,1000.);
#4792=VECTOR('',#8103,1000.);
#4793=VECTOR('',#8106,1000.);
#4794=VECTOR('',#8109,1000.);
#4795=VECTOR('',#8110,1000.);
#4796=VECTOR('',#8113,1000.);
#4797=VECTOR('',#8116,1000.);
#4798=VECTOR('',#8117,1000.);
#4799=VECTOR('',#8120,1000.);
#4800=VECTOR('',#8121,1000.);
#4801=VECTOR('',#8124,1000.);
#4802=VECTOR('',#8127,1000.);
#4803=VECTOR('',#8128,1000.);
#4804=VECTOR('',#8131,1000.);
#4805=VECTOR('',#8134,1000.);
#4806=VECTOR('',#8135,1000.);
#4807=VECTOR('',#8138,1000.);
#4808=VECTOR('',#8141,1000.);
#4809=VECTOR('',#8144,1000.);
#4810=VECTOR('',#8147,1000.);
#4811=VECTOR('',#8150,1000.);
#4812=VECTOR('',#8153,1000.);
#4813=VECTOR('',#8156,1000.);
#4814=VECTOR('',#8159,1000.);
#4815=VECTOR('',#8162,1000.);
#4816=VECTOR('',#8165,1000.);
#4817=VECTOR('',#8168,1000.);
#4818=VECTOR('',#8171,1000.);
#4819=VECTOR('',#8174,1000.);
#4820=VECTOR('',#8177,1000.);
#4821=VECTOR('',#8180,1000.);
#4822=VECTOR('',#8183,1000.);
#4823=VECTOR('',#8186,1000.);
#4824=VECTOR('',#8189,1000.);
#4825=VECTOR('',#8192,1000.);
#4826=VECTOR('',#8193,1000.);
#4827=VECTOR('',#8196,1000.);
#4828=VECTOR('',#8199,1000.);
#4829=VECTOR('',#8200,1000.);
#4830=VECTOR('',#8203,1000.);
#4831=VECTOR('',#8206,1000.);
#4832=VECTOR('',#8207,1000.);
#4833=VECTOR('',#8210,1000.);
#4834=VECTOR('',#8213,1000.);
#4835=VECTOR('',#8214,1000.);
#4836=VECTOR('',#8217,1000.);
#4837=VECTOR('',#8220,1000.);
#4838=VECTOR('',#8221,1000.);
#4839=VECTOR('',#8224,1000.);
#4840=VECTOR('',#8227,1000.);
#4841=VECTOR('',#8228,1000.);
#4842=VECTOR('',#8233,1000.);
#4843=VECTOR('',#8234,1000.);
#4844=VECTOR('',#8235,1000.);
#4845=VECTOR('',#8236,1000.);
#4846=VECTOR('',#8239,1000.);
#4847=VECTOR('',#8240,1000.);
#4848=VECTOR('',#8241,1000.);
#4849=VECTOR('',#8242,1000.);
#4850=VECTOR('',#8245,1000.);
#4851=VECTOR('',#8246,1000.);
#4852=VECTOR('',#8247,1000.);
#4853=VECTOR('',#8250,1000.);
#4854=VECTOR('',#8251,1000.);
#4855=VECTOR('',#8254,1000.);
#4856=VECTOR('',#8255,1000.);
#4857=VECTOR('',#8258,1000.);
#4858=VECTOR('',#8259,1000.);
#4859=VECTOR('',#8262,1000.);
#4860=VECTOR('',#8265,1000.);
#4861=VECTOR('',#8266,1000.);
#4862=VECTOR('',#8269,1000.);
#4863=VECTOR('',#8272,1000.);
#4864=VECTOR('',#8273,1000.);
#4865=VECTOR('',#8276,1000.);
#4866=VECTOR('',#8279,1000.);
#4867=VECTOR('',#8282,1000.);
#4868=VECTOR('',#8283,1000.);
#4869=VECTOR('',#8286,1000.);
#4870=VECTOR('',#8287,1000.);
#4871=VECTOR('',#8288,1000.);
#4872=VECTOR('',#8291,1000.);
#4873=VECTOR('',#8294,1000.);
#4874=VECTOR('',#8297,1000.);
#4875=VECTOR('',#8298,1000.);
#4876=VECTOR('',#8301,1000.);
#4877=VECTOR('',#8302,1000.);
#4878=VECTOR('',#8305,1000.);
#4879=VECTOR('',#8308,1000.);
#4880=VECTOR('',#8309,1000.);
#4881=VECTOR('',#8310,1000.);
#4882=VECTOR('',#8313,1000.);
#4883=VECTOR('',#8314,1000.);
#4884=VECTOR('',#8317,1000.);
#4885=VECTOR('',#8318,1000.);
#4886=VECTOR('',#8321,1000.);
#4887=VECTOR('',#8324,1000.);
#4888=VECTOR('',#8325,1000.);
#4889=VECTOR('',#8328,1000.);
#4890=VECTOR('',#8331,1000.);
#4891=VECTOR('',#8334,1000.);
#4892=VECTOR('',#8335,1000.);
#4893=VECTOR('',#8338,1000.);
#4894=VECTOR('',#8341,1000.);
#4895=VECTOR('',#8344,1000.);
#4896=VECTOR('',#8347,1000.);
#4897=VECTOR('',#8350,1000.);
#4898=VECTOR('',#8353,1000.);
#4899=VECTOR('',#8356,1000.);
#4900=VECTOR('',#8359,1000.);
#4901=VECTOR('',#8362,1000.);
#4902=VECTOR('',#8365,1000.);
#4903=VECTOR('',#8366,1000.);
#4904=VECTOR('',#8367,1000.);
#4905=VECTOR('',#8370,1000.);
#4906=VECTOR('',#8373,1000.);
#4907=VECTOR('',#8376,1000.);
#4908=VECTOR('',#8379,1000.);
#4909=VECTOR('',#8382,1000.);
#4910=VECTOR('',#8385,1000.);
#4911=VECTOR('',#8388,1000.);
#4912=VECTOR('',#8391,1000.);
#4913=VECTOR('',#8394,1000.);
#4914=VECTOR('',#8397,1000.);
#4915=VECTOR('',#8398,1000.);
#4916=VECTOR('',#8401,1000.);
#4917=VECTOR('',#8402,1000.);
#4918=VECTOR('',#8405,1000.);
#4919=VECTOR('',#8410,1000.);
#4920=VECTOR('',#8413,1000.);
#4921=VECTOR('',#8416,1000.);
#4922=VECTOR('',#8419,1000.);
#4923=VECTOR('',#8422,1000.);
#4924=VECTOR('',#8427,1000.);
#4925=VECTOR('',#8428,1000.);
#4926=VECTOR('',#8431,1000.);
#4927=VECTOR('',#8434,1000.);
#4928=VECTOR('',#8437,1000.);
#4929=VECTOR('',#8438,1000.);
#4930=VECTOR('',#8441,1000.);
#4931=VECTOR('',#8444,1000.);
#4932=VECTOR('',#8447,1000.);
#4933=VECTOR('',#8450,1000.);
#4934=VECTOR('',#8451,1000.);
#4935=VECTOR('',#8454,1000.);
#4936=VECTOR('',#8457,1000.);
#4937=VECTOR('',#8460,1000.);
#4938=VECTOR('',#8465,1000.);
#4939=VECTOR('',#8466,1000.);
#4940=VECTOR('',#8467,1000.);
#4941=VECTOR('',#8470,1000.);
#4942=VECTOR('',#8473,1000.);
#4943=VECTOR('',#8474,1000.);
#4944=VECTOR('',#8477,1000.);
#4945=VECTOR('',#8478,1000.);
#4946=VECTOR('',#8479,1000.);
#4947=VECTOR('',#8480,1000.);
#4948=VECTOR('',#8483,1000.);
#4949=VECTOR('',#8484,1000.);
#4950=VECTOR('',#8485,1000.);
#4951=VECTOR('',#8486,1000.);
#4952=VECTOR('',#8489,1000.);
#4953=VECTOR('',#8490,1000.);
#4954=VECTOR('',#8491,1000.);
#4955=VECTOR('',#8492,1000.);
#4956=VECTOR('',#8495,1000.);
#4957=VECTOR('',#8498,1000.);
#4958=VECTOR('',#8503,1000.);
#4959=VECTOR('',#8504,1000.);
#4960=VECTOR('',#8505,1000.);
#4961=VECTOR('',#8506,1000.);
#4962=VECTOR('',#8507,1000.);
#4963=VECTOR('',#8508,1000.);
#4964=VECTOR('',#8511,1000.);
#4965=VECTOR('',#8512,1000.);
#4966=VECTOR('',#8515,1000.);
#4967=VECTOR('',#8516,1000.);
#4968=VECTOR('',#8519,1000.);
#4969=VECTOR('',#8520,1000.);
#4970=VECTOR('',#8521,1000.);
#4971=VECTOR('',#8524,1000.);
#4972=VECTOR('',#8525,1000.);
#4973=VECTOR('',#8526,1000.);
#4974=VECTOR('',#8529,1000.);
#4975=VECTOR('',#8530,1000.);
#4976=VECTOR('',#8531,1000.);
#4977=VECTOR('',#8534,1000.);
#4978=VECTOR('',#8535,1000.);
#4979=VECTOR('',#8538,1000.);
#4980=VECTOR('',#8539,1000.);
#4981=VECTOR('',#8540,1000.);
#4982=VECTOR('',#8543,1000.);
#4983=VECTOR('',#8544,1000.);
#4984=VECTOR('',#8549,1000.);
#4985=VECTOR('',#8550,1000.);
#4986=VECTOR('',#8551,1000.);
#4987=VECTOR('',#8554,1000.);
#4988=VECTOR('',#8555,1000.);
#4989=VECTOR('',#8556,1000.);
#4990=VECTOR('',#8557,1000.);
#4991=VECTOR('',#8558,1000.);
#4992=VECTOR('',#8559,1000.);
#4993=VECTOR('',#8560,1000.);
#4994=VECTOR('',#8561,1000.);
#4995=VECTOR('',#8562,1000.);
#4996=VECTOR('',#8563,1000.);
#4997=VECTOR('',#8566,1000.);
#4998=VECTOR('',#8567,1000.);
#4999=VECTOR('',#8570,1000.);
#5000=VECTOR('',#8571,1000.);
#5001=VECTOR('',#8572,1000.);
#5002=VECTOR('',#8573,1000.);
#5003=VECTOR('',#8574,1000.);
#5004=VECTOR('',#8575,1000.);
#5005=VECTOR('',#8576,1000.);
#5006=VECTOR('',#8577,1000.);
#5007=VECTOR('',#8578,1000.);
#5008=VECTOR('',#8579,1000.);
#5009=VECTOR('',#8582,1000.);
#5010=VECTOR('',#8583,1000.);
#5011=VECTOR('',#8584,1000.);
#5012=VECTOR('',#8585,1000.);
#5013=VECTOR('',#8586,1000.);
#5014=VECTOR('',#8587,1000.);
#5015=VECTOR('',#8588,1000.);
#5016=VECTOR('',#8589,1000.);
#5017=VECTOR('',#8590,1000.);
#5018=VECTOR('',#8593,1000.);
#5019=VECTOR('',#8594,1000.);
#5020=VECTOR('',#8595,1000.);
#5021=VECTOR('',#8596,1000.);
#5022=VECTOR('',#8599,1000.);
#5023=VECTOR('',#8600,1000.);
#5024=VECTOR('',#8601,1000.);
#5025=VECTOR('',#8604,1000.);
#5026=VECTOR('',#8605,1000.);
#5027=VECTOR('',#8606,1000.);
#5028=VECTOR('',#8607,1000.);
#5029=VECTOR('',#8608,1000.);
#5030=VECTOR('',#8609,1000.);
#5031=VECTOR('',#8610,1000.);
#5032=VECTOR('',#8611,1000.);
#5033=VECTOR('',#8614,1000.);
#5034=VECTOR('',#8615,1000.);
#5035=VECTOR('',#8620,1000.);
#5036=VECTOR('',#8621,1000.);
#5037=VECTOR('',#8626,1000.);
#5038=VECTOR('',#8627,1000.);
#5039=VECTOR('',#8632,1000.);
#5040=VECTOR('',#8633,1000.);
#5041=VECTOR('',#8636,1000.);
#5042=VECTOR('',#8637,1000.);
#5043=VECTOR('',#8642,1000.);
#5044=VECTOR('',#8643,1000.);
#5045=VECTOR('',#8646,1000.);
#5046=VECTOR('',#8651,1000.);
#5047=VECTOR('',#8652,1000.);
#5048=VECTOR('',#8655,1000.);
#5049=VECTOR('',#8660,1000.);
#5050=VECTOR('',#8661,1000.);
#5051=VECTOR('',#8664,1000.);
#5052=VECTOR('',#8671,1000.);
#5053=VECTOR('',#8674,1000.);
#5054=VECTOR('',#8675,1000.);
#5055=VECTOR('',#8678,1000.);
#5056=VECTOR('',#8679,1000.);
#5057=VECTOR('',#8682,1000.);
#5058=VECTOR('',#8687,1000.);
#5059=VECTOR('',#8690,1000.);
#5060=VECTOR('',#8699,1000.);
#5061=VECTOR('',#8700,1000.);
#5062=VECTOR('',#8703,1000.);
#5063=VECTOR('',#8704,1000.);
#5064=VECTOR('',#8707,1000.);
#5065=VECTOR('',#8710,1000.);
#5066=VECTOR('',#8715,1000.);
#5067=VECTOR('',#8716,1000.);
#5068=VECTOR('',#8719,1000.);
#5069=VECTOR('',#8724,1000.);
#5070=VECTOR('',#8725,1000.);
#5071=VECTOR('',#8726,1000.);
#5072=VECTOR('',#8729,1000.);
#5073=VECTOR('',#8730,1000.);
#5074=VECTOR('',#8733,1000.);
#5075=VECTOR('',#8734,1000.);
#5076=VECTOR('',#8739,1000.);
#5077=VECTOR('',#8742,1000.);
#5078=VECTOR('',#8743,1000.);
#5079=VECTOR('',#8744,1000.);
#5080=VECTOR('',#8747,1000.);
#5081=VECTOR('',#8748,1000.);
#5082=VECTOR('',#8749,1000.);
#5083=VECTOR('',#8752,1000.);
#5084=VECTOR('',#8753,1000.);
#5085=VECTOR('',#8756,1000.);
#5086=VECTOR('',#8757,1000.);
#5087=VECTOR('',#8762,1000.);
#5088=VECTOR('',#8765,1000.);
#5089=VECTOR('',#8766,1000.);
#5090=VECTOR('',#8767,1000.);
#5091=VECTOR('',#8770,1000.);
#5092=VECTOR('',#8771,1000.);
#5093=VECTOR('',#8774,1000.);
#5094=VECTOR('',#8775,1000.);
#5095=VECTOR('',#8780,1000.);
#5096=VECTOR('',#8783,1000.);
#5097=VECTOR('',#8784,1000.);
#5098=VECTOR('',#8785,1000.);
#5099=VECTOR('',#8788,1000.);
#5100=VECTOR('',#8789,1000.);
#5101=VECTOR('',#8790,1000.);
#5102=VECTOR('',#8793,1000.);
#5103=VECTOR('',#8794,1000.);
#5104=VECTOR('',#8797,1000.);
#5105=VECTOR('',#8798,1000.);
#5106=VECTOR('',#8803,1000.);
#5107=VECTOR('',#8842,1000.);
#5108=VECTOR('',#8843,1000.);
#5109=VECTOR('',#8844,1000.);
#5110=VECTOR('',#8847,1000.);
#5111=VECTOR('',#8852,1000.);
#5112=VECTOR('',#8853,1000.);
#5113=VECTOR('',#8854,1000.);
#5114=VECTOR('',#8855,1000.);
#5115=VECTOR('',#8858,1000.);
#5116=VECTOR('',#8859,1000.);
#5117=VECTOR('',#8860,1000.);
#5118=VECTOR('',#8863,1000.);
#5119=VECTOR('',#8864,1000.);
#5120=VECTOR('',#8865,1000.);
#5121=VECTOR('',#8872,1000.);
#5122=VECTOR('',#8875,1000.);
#5123=VECTOR('',#8876,1000.);
#5124=VECTOR('',#8877,1000.);
#5125=VECTOR('',#8880,1000.);
#5126=VECTOR('',#8881,1000.);
#5127=VECTOR('',#8882,1000.);
#5128=VECTOR('',#8885,1000.);
#5129=VECTOR('',#8886,1000.);
#5130=VECTOR('',#8917,1000.);
#5131=VECTOR('',#8918,1000.);
#5132=VECTOR('',#8919,1000.);
#5133=VECTOR('',#8920,1000.);
#5134=VECTOR('',#8923,1000.);
#5135=VECTOR('',#8924,1000.);
#5136=VECTOR('',#8925,1000.);
#5137=VECTOR('',#8926,1000.);
#5138=VECTOR('',#8929,1000.);
#5139=VECTOR('',#8930,1000.);
#5140=VECTOR('',#8933,1000.);
#5141=VECTOR('',#8936,1000.);
#5142=EDGE_LOOP('',(#94,#95,#96,#97));
#5143=EDGE_LOOP('',(#98,#99,#100,#101));
#5144=EDGE_LOOP('',(#102,#103,#104,#105,#106,#107,#108,#109,#110,#111));
#5145=EDGE_LOOP('',(#112,#113,#114,#115,#116));
#5146=EDGE_LOOP('',(#117,#118,#119,#120));
#5147=EDGE_LOOP('',(#121,#122,#123,#124,#125));
#5148=EDGE_LOOP('',(#126,#127,#128,#129));
#5149=EDGE_LOOP('',(#130,#131,#132,#133,#134,#135,#136,#137));
#5150=EDGE_LOOP('',(#138,#139,#140,#141));
#5151=EDGE_LOOP('',(#142,#143,#144,#145,#146,#147,#148,#149,#150,#151,#152,
#153));
#5152=EDGE_LOOP('',(#154,#155,#156,#157));
#5153=EDGE_LOOP('',(#158,#159,#160,#161));
#5154=EDGE_LOOP('',(#162,#163,#164,#165));
#5155=EDGE_LOOP('',(#166,#167,#168,#169));
#5156=EDGE_LOOP('',(#170,#171,#172,#173));
#5157=EDGE_LOOP('',(#174,#175,#176,#177));
#5158=EDGE_LOOP('',(#178,#179,#180,#181));
#5159=EDGE_LOOP('',(#182,#183,#184));
#5160=EDGE_LOOP('',(#185,#186,#187,#188));
#5161=EDGE_LOOP('',(#189,#190,#191,#192));
#5162=EDGE_LOOP('',(#193,#194,#195));
#5163=EDGE_LOOP('',(#196,#197,#198));
#5164=EDGE_LOOP('',(#199,#200,#201,#202));
#5165=EDGE_LOOP('',(#203,#204,#205));
#5166=EDGE_LOOP('',(#206,#207,#208));
#5167=EDGE_LOOP('',(#209,#210,#211,#212,#213,#214,#215,#216,#217,#218,#219,
#220,#221,#222,#223));
#5168=EDGE_LOOP('',(#224,#225,#226,#227));
#5169=EDGE_LOOP('',(#228,#229,#230,#231));
#5170=EDGE_LOOP('',(#232,#233,#234,#235));
#5171=EDGE_LOOP('',(#236,#237,#238,#239));
#5172=EDGE_LOOP('',(#240,#241,#242,#243));
#5173=EDGE_LOOP('',(#244,#245,#246,#247));
#5174=EDGE_LOOP('',(#248,#249,#250));
#5175=EDGE_LOOP('',(#251,#252,#253));
#5176=EDGE_LOOP('',(#254,#255,#256,#257));
#5177=EDGE_LOOP('',(#258,#259,#260));
#5178=EDGE_LOOP('',(#261,#262,#263));
#5179=EDGE_LOOP('',(#264,#265,#266,#267));
#5180=EDGE_LOOP('',(#268,#269,#270,#271));
#5181=EDGE_LOOP('',(#272,#273,#274));
#5182=EDGE_LOOP('',(#275,#276,#277,#278));
#5183=EDGE_LOOP('',(#279,#280,#281,#282,#283,#284,#285,#286,#287,#288,#289,
#290,#291,#292));
#5184=EDGE_LOOP('',(#293,#294,#295,#296,#297));
#5185=EDGE_LOOP('',(#298,#299,#300,#301));
#5186=EDGE_LOOP('',(#302,#303,#304,#305,#306,#307));
#5187=EDGE_LOOP('',(#308,#309,#310,#311));
#5188=EDGE_LOOP('',(#312,#313,#314,#315));
#5189=EDGE_LOOP('',(#316,#317,#318,#319,#320,#321));
#5190=EDGE_LOOP('',(#322,#323,#324,#325,#326));
#5191=EDGE_LOOP('',(#327,#328,#329,#330,#331,#332));
#5192=EDGE_LOOP('',(#333,#334,#335,#336));
#5193=EDGE_LOOP('',(#337,#338,#339,#340,#341));
#5194=EDGE_LOOP('',(#342,#343,#344,#345,#346,#347,#348,#349));
#5195=EDGE_LOOP('',(#350,#351,#352,#353,#354,#355,#356,#357,#358,#359,#360,
#361,#362));
#5196=EDGE_LOOP('',(#363,#364,#365,#366));
#5197=EDGE_LOOP('',(#367,#368,#369,#370));
#5198=EDGE_LOOP('',(#371,#372,#373,#374));
#5199=EDGE_LOOP('',(#375,#376,#377,#378));
#5200=EDGE_LOOP('',(#379,#380,#381,#382));
#5201=EDGE_LOOP('',(#383,#384,#385,#386));
#5202=EDGE_LOOP('',(#387,#388,#389,#390));
#5203=EDGE_LOOP('',(#391,#392,#393,#394));
#5204=EDGE_LOOP('',(#395));
#5205=EDGE_LOOP('',(#396));
#5206=EDGE_LOOP('',(#397,#398,#399,#400,#401,#402,#403,#404));
#5207=EDGE_LOOP('',(#405,#406,#407,#408,#409,#410,#411));
#5208=EDGE_LOOP('',(#412,#413,#414,#415,#416,#417,#418));
#5209=EDGE_LOOP('',(#419,#420,#421,#422));
#5210=EDGE_LOOP('',(#423,#424,#425,#426));
#5211=EDGE_LOOP('',(#427,#428,#429,#430));
#5212=EDGE_LOOP('',(#431,#432,#433,#434));
#5213=EDGE_LOOP('',(#435,#436,#437,#438));
#5214=EDGE_LOOP('',(#439,#440,#441,#442,#443,#444,#445,#446));
#5215=EDGE_LOOP('',(#447,#448,#449,#450));
#5216=EDGE_LOOP('',(#451,#452,#453,#454));
#5217=EDGE_LOOP('',(#455,#456,#457,#458));
#5218=EDGE_LOOP('',(#459,#460,#461,#462,#463,#464,#465,#466,#467,#468,#469,
#470,#471,#472,#473,#474,#475,#476,#477));
#5219=EDGE_LOOP('',(#478,#479,#480,#481,#482,#483,#484,#485));
#5220=EDGE_LOOP('',(#486,#487,#488,#489));
#5221=EDGE_LOOP('',(#490,#491,#492,#493));
#5222=EDGE_LOOP('',(#494,#495,#496,#497));
#5223=EDGE_LOOP('',(#498,#499,#500,#501));
#5224=EDGE_LOOP('',(#502,#503,#504,#505));
#5225=EDGE_LOOP('',(#506,#507,#508,#509));
#5226=EDGE_LOOP('',(#510,#511,#512,#513));
#5227=EDGE_LOOP('',(#514,#515,#516,#517,#518,#519,#520));
#5228=EDGE_LOOP('',(#521,#522,#523,#524));
#5229=EDGE_LOOP('',(#525,#526,#527,#528,#529,#530,#531,#532,#533,#534,#535,
#536,#537,#538,#539,#540,#541,#542));
#5230=EDGE_LOOP('',(#543,#544,#545,#546));
#5231=EDGE_LOOP('',(#547,#548,#549,#550));
#5232=EDGE_LOOP('',(#551,#552,#553,#554));
#5233=EDGE_LOOP('',(#555,#556,#557,#558));
#5234=EDGE_LOOP('',(#559,#560,#561,#562));
#5235=EDGE_LOOP('',(#563,#564,#565,#566));
#5236=EDGE_LOOP('',(#567,#568,#569,#570));
#5237=EDGE_LOOP('',(#571,#572,#573,#574));
#5238=EDGE_LOOP('',(#575,#576,#577,#578));
#5239=EDGE_LOOP('',(#579,#580,#581,#582));
#5240=EDGE_LOOP('',(#583,#584,#585,#586));
#5241=EDGE_LOOP('',(#587,#588,#589,#590));
#5242=EDGE_LOOP('',(#591,#592,#593,#594));
#5243=EDGE_LOOP('',(#595,#596,#597,#598));
#5244=EDGE_LOOP('',(#599,#600,#601,#602));
#5245=EDGE_LOOP('',(#603,#604,#605,#606));
#5246=EDGE_LOOP('',(#607,#608,#609,#610,#611,#612));
#5247=EDGE_LOOP('',(#613,#614,#615,#616));
#5248=EDGE_LOOP('',(#617,#618,#619,#620,#621,#622,#623,#624,#625));
#5249=EDGE_LOOP('',(#626,#627,#628,#629));
#5250=EDGE_LOOP('',(#630,#631,#632,#633));
#5251=EDGE_LOOP('',(#634,#635,#636,#637,#638,#639,#640,#641,#642,#643,#644,
#645,#646,#647,#648,#649,#650,#651,#652,#653,#654,#655,#656,#657));
#5252=EDGE_LOOP('',(#658));
#5253=EDGE_LOOP('',(#659,#660,#661,#662));
#5254=EDGE_LOOP('',(#663,#664,#665,#666,#667,#668,#669,#670,#671,#672,#673,
#674,#675));
#5255=EDGE_LOOP('',(#676,#677,#678,#679));
#5256=EDGE_LOOP('',(#680,#681,#682,#683));
#5257=EDGE_LOOP('',(#684,#685,#686,#687));
#5258=EDGE_LOOP('',(#688,#689,#690,#691));
#5259=EDGE_LOOP('',(#692,#693,#694,#695,#696));
#5260=EDGE_LOOP('',(#697,#698,#699,#700));
#5261=EDGE_LOOP('',(#701,#702,#703,#704));
#5262=EDGE_LOOP('',(#705,#706,#707,#708,#709,#710,#711,#712));
#5263=EDGE_LOOP('',(#713,#714,#715));
#5264=EDGE_LOOP('',(#716,#717,#718,#719));
#5265=EDGE_LOOP('',(#720,#721,#722,#723));
#5266=EDGE_LOOP('',(#724));
#5267=EDGE_LOOP('',(#725,#726,#727,#728,#729,#730,#731,#732,#733,#734,#735,
#736,#737,#738,#739,#740,#741,#742,#743,#744,#745,#746,#747));
#5268=EDGE_LOOP('',(#748,#749,#750,#751));
#5269=EDGE_LOOP('',(#752,#753,#754,#755));
#5270=EDGE_LOOP('',(#756,#757,#758,#759));
#5271=EDGE_LOOP('',(#760,#761,#762,#763));
#5272=EDGE_LOOP('',(#764,#765,#766,#767));
#5273=EDGE_LOOP('',(#768,#769,#770,#771));
#5274=EDGE_LOOP('',(#772));
#5275=EDGE_LOOP('',(#773));
#5276=EDGE_LOOP('',(#774,#775,#776,#777,#778,#779));
#5277=EDGE_LOOP('',(#780,#781,#782,#783));
#5278=EDGE_LOOP('',(#784,#785,#786));
#5279=EDGE_LOOP('',(#787,#788,#789,#790));
#5280=EDGE_LOOP('',(#791,#792,#793,#794));
#5281=EDGE_LOOP('',(#795,#796,#797));
#5282=EDGE_LOOP('',(#798,#799,#800,#801));
#5283=EDGE_LOOP('',(#802,#803,#804,#805));
#5284=EDGE_LOOP('',(#806,#807,#808));
#5285=EDGE_LOOP('',(#809,#810,#811,#812));
#5286=EDGE_LOOP('',(#813,#814,#815));
#5287=EDGE_LOOP('',(#816,#817,#818,#819));
#5288=EDGE_LOOP('',(#820,#821,#822,#823,#824,#825,#826,#827,#828,#829,#830,
#831,#832,#833,#834,#835,#836,#837,#838,#839));
#5289=EDGE_LOOP('',(#840));
#5290=EDGE_LOOP('',(#841));
#5291=EDGE_LOOP('',(#842,#843,#844,#845,#846));
#5292=EDGE_LOOP('',(#847,#848,#849,#850));
#5293=EDGE_LOOP('',(#851,#852,#853,#854));
#5294=EDGE_LOOP('',(#855));
#5295=EDGE_LOOP('',(#856));
#5296=EDGE_LOOP('',(#857,#858,#859,#860,#861,#862,#863));
#5297=EDGE_LOOP('',(#864,#865,#866,#867,#868,#869));
#5298=EDGE_LOOP('',(#870,#871,#872,#873));
#5299=EDGE_LOOP('',(#874,#875,#876,#877));
#5300=EDGE_LOOP('',(#878,#879,#880,#881));
#5301=EDGE_LOOP('',(#882,#883,#884,#885));
#5302=EDGE_LOOP('',(#886,#887,#888,#889));
#5303=EDGE_LOOP('',(#890,#891,#892,#893));
#5304=EDGE_LOOP('',(#894,#895,#896,#897));
#5305=EDGE_LOOP('',(#898,#899,#900,#901));
#5306=EDGE_LOOP('',(#902,#903,#904,#905));
#5307=EDGE_LOOP('',(#906,#907,#908,#909));
#5308=EDGE_LOOP('',(#910,#911,#912,#913));
#5309=EDGE_LOOP('',(#914,#915,#916,#917));
#5310=EDGE_LOOP('',(#918,#919,#920,#921));
#5311=EDGE_LOOP('',(#922,#923,#924,#925));
#5312=EDGE_LOOP('',(#926,#927,#928,#929));
#5313=EDGE_LOOP('',(#930,#931,#932,#933));
#5314=EDGE_LOOP('',(#934,#935,#936,#937));
#5315=EDGE_LOOP('',(#938,#939,#940,#941));
#5316=EDGE_LOOP('',(#942,#943,#944,#945));
#5317=EDGE_LOOP('',(#946,#947,#948,#949));
#5318=EDGE_LOOP('',(#950,#951,#952,#953));
#5319=EDGE_LOOP('',(#954,#955,#956,#957));
#5320=EDGE_LOOP('',(#958,#959,#960));
#5321=EDGE_LOOP('',(#961,#962,#963));
#5322=EDGE_LOOP('',(#964,#965,#966));
#5323=EDGE_LOOP('',(#967,#968,#969));
#5324=EDGE_LOOP('',(#970,#971,#972));
#5325=EDGE_LOOP('',(#973,#974,#975));
#5326=EDGE_LOOP('',(#976,#977,#978));
#5327=EDGE_LOOP('',(#979,#980,#981));
#5328=EDGE_LOOP('',(#982,#983,#984,#985));
#5329=EDGE_LOOP('',(#986,#987,#988));
#5330=EDGE_LOOP('',(#989,#990,#991));
#5331=EDGE_LOOP('',(#992,#993,#994));
#5332=EDGE_LOOP('',(#995,#996,#997));
#5333=EDGE_LOOP('',(#998,#999,#1000));
#5334=EDGE_LOOP('',(#1001,#1002,#1003,#1004));
#5335=EDGE_LOOP('',(#1005,#1006,#1007));
#5336=EDGE_LOOP('',(#1008,#1009,#1010));
#5337=EDGE_LOOP('',(#1011,#1012,#1013));
#5338=EDGE_LOOP('',(#1014,#1015,#1016));
#5339=EDGE_LOOP('',(#1017,#1018,#1019));
#5340=EDGE_LOOP('',(#1020,#1021,#1022));
#5341=EDGE_LOOP('',(#1023,#1024,#1025,#1026));
#5342=EDGE_LOOP('',(#1027,#1028,#1029,#1030));
#5343=EDGE_LOOP('',(#1031,#1032,#1033,#1034));
#5344=EDGE_LOOP('',(#1035,#1036,#1037));
#5345=EDGE_LOOP('',(#1038,#1039,#1040));
#5346=EDGE_LOOP('',(#1041,#1042,#1043));
#5347=EDGE_LOOP('',(#1044,#1045,#1046));
#5348=EDGE_LOOP('',(#1047,#1048,#1049));
#5349=EDGE_LOOP('',(#1050,#1051,#1052));
#5350=EDGE_LOOP('',(#1053,#1054,#1055));
#5351=EDGE_LOOP('',(#1056,#1057,#1058));
#5352=EDGE_LOOP('',(#1059,#1060,#1061));
#5353=EDGE_LOOP('',(#1062,#1063,#1064));
#5354=EDGE_LOOP('',(#1065,#1066,#1067));
#5355=EDGE_LOOP('',(#1068,#1069,#1070));
#5356=EDGE_LOOP('',(#1071,#1072,#1073));
#5357=EDGE_LOOP('',(#1074,#1075,#1076));
#5358=EDGE_LOOP('',(#1077,#1078,#1079));
#5359=EDGE_LOOP('',(#1080,#1081,#1082));
#5360=EDGE_LOOP('',(#1083,#1084,#1085));
#5361=EDGE_LOOP('',(#1086,#1087,#1088,#1089));
#5362=EDGE_LOOP('',(#1090,#1091,#1092,#1093));
#5363=EDGE_LOOP('',(#1094,#1095,#1096));
#5364=EDGE_LOOP('',(#1097,#1098,#1099));
#5365=EDGE_LOOP('',(#1100,#1101,#1102));
#5366=EDGE_LOOP('',(#1103,#1104,#1105));
#5367=EDGE_LOOP('',(#1106,#1107,#1108));
#5368=EDGE_LOOP('',(#1109,#1110,#1111));
#5369=EDGE_LOOP('',(#1112,#1113,#1114));
#5370=EDGE_LOOP('',(#1115,#1116,#1117));
#5371=EDGE_LOOP('',(#1118,#1119,#1120));
#5372=EDGE_LOOP('',(#1121,#1122,#1123));
#5373=EDGE_LOOP('',(#1124,#1125,#1126));
#5374=EDGE_LOOP('',(#1127,#1128,#1129));
#5375=EDGE_LOOP('',(#1130,#1131,#1132));
#5376=EDGE_LOOP('',(#1133,#1134,#1135));
#5377=EDGE_LOOP('',(#1136,#1137,#1138));
#5378=EDGE_LOOP('',(#1139,#1140,#1141));
#5379=EDGE_LOOP('',(#1142,#1143,#1144));
#5380=EDGE_LOOP('',(#1145,#1146,#1147,#1148));
#5381=EDGE_LOOP('',(#1149,#1150,#1151,#1152));
#5382=EDGE_LOOP('',(#1153,#1154,#1155,#1156));
#5383=EDGE_LOOP('',(#1157,#1158,#1159,#1160));
#5384=EDGE_LOOP('',(#1161,#1162,#1163));
#5385=EDGE_LOOP('',(#1164,#1165,#1166));
#5386=EDGE_LOOP('',(#1167,#1168,#1169));
#5387=EDGE_LOOP('',(#1170,#1171,#1172));
#5388=EDGE_LOOP('',(#1173,#1174,#1175));
#5389=EDGE_LOOP('',(#1176,#1177,#1178));
#5390=EDGE_LOOP('',(#1179,#1180,#1181));
#5391=EDGE_LOOP('',(#1182,#1183,#1184));
#5392=EDGE_LOOP('',(#1185,#1186,#1187));
#5393=EDGE_LOOP('',(#1188,#1189,#1190));
#5394=EDGE_LOOP('',(#1191,#1192,#1193));
#5395=EDGE_LOOP('',(#1194,#1195,#1196));
#5396=EDGE_LOOP('',(#1197,#1198,#1199));
#5397=EDGE_LOOP('',(#1200,#1201,#1202,#1203));
#5398=EDGE_LOOP('',(#1204,#1205,#1206));
#5399=EDGE_LOOP('',(#1207,#1208,#1209));
#5400=EDGE_LOOP('',(#1210,#1211,#1212));
#5401=EDGE_LOOP('',(#1213,#1214,#1215));
#5402=EDGE_LOOP('',(#1216,#1217,#1218,#1219));
#5403=EDGE_LOOP('',(#1220,#1221,#1222,#1223));
#5404=EDGE_LOOP('',(#1224,#1225,#1226,#1227));
#5405=EDGE_LOOP('',(#1228,#1229,#1230));
#5406=EDGE_LOOP('',(#1231,#1232,#1233));
#5407=EDGE_LOOP('',(#1234,#1235,#1236));
#5408=EDGE_LOOP('',(#1237,#1238,#1239));
#5409=EDGE_LOOP('',(#1240,#1241,#1242));
#5410=EDGE_LOOP('',(#1243,#1244,#1245));
#5411=EDGE_LOOP('',(#1246,#1247,#1248,#1249));
#5412=EDGE_LOOP('',(#1250,#1251,#1252,#1253));
#5413=EDGE_LOOP('',(#1254,#1255,#1256,#1257));
#5414=EDGE_LOOP('',(#1258,#1259,#1260,#1261));
#5415=EDGE_LOOP('',(#1262,#1263,#1264,#1265));
#5416=EDGE_LOOP('',(#1266,#1267,#1268,#1269));
#5417=EDGE_LOOP('',(#1270,#1271,#1272));
#5418=EDGE_LOOP('',(#1273,#1274,#1275));
#5419=EDGE_LOOP('',(#1276,#1277,#1278));
#5420=EDGE_LOOP('',(#1279,#1280,#1281));
#5421=EDGE_LOOP('',(#1282,#1283,#1284));
#5422=EDGE_LOOP('',(#1285,#1286,#1287));
#5423=EDGE_LOOP('',(#1288,#1289,#1290));
#5424=EDGE_LOOP('',(#1291,#1292,#1293));
#5425=EDGE_LOOP('',(#1294,#1295,#1296,#1297,#1298));
#5426=EDGE_LOOP('',(#1299,#1300,#1301));
#5427=EDGE_LOOP('',(#1302,#1303,#1304));
#5428=EDGE_LOOP('',(#1305,#1306,#1307));
#5429=EDGE_LOOP('',(#1308,#1309,#1310,#1311,#1312,#1313));
#5430=EDGE_LOOP('',(#1314,#1315,#1316,#1317));
#5431=EDGE_LOOP('',(#1318,#1319,#1320,#1321,#1322,#1323));
#5432=EDGE_LOOP('',(#1324,#1325,#1326,#1327,#1328,#1329,#1330,#1331,#1332,
#1333));
#5433=EDGE_LOOP('',(#1334,#1335,#1336,#1337));
#5434=EDGE_LOOP('',(#1338,#1339,#1340,#1341,#1342,#1343));
#5435=EDGE_LOOP('',(#1344,#1345,#1346,#1347,#1348,#1349));
#5436=EDGE_LOOP('',(#1350,#1351,#1352,#1353,#1354,#1355));
#5437=EDGE_LOOP('',(#1356,#1357,#1358,#1359));
#5438=EDGE_LOOP('',(#1360,#1361,#1362,#1363,#1364,#1365));
#5439=EDGE_LOOP('',(#1366,#1367,#1368,#1369));
#5440=EDGE_LOOP('',(#1370,#1371,#1372,#1373));
#5441=EDGE_LOOP('',(#1374,#1375,#1376,#1377,#1378));
#5442=EDGE_LOOP('',(#1379,#1380,#1381,#1382));
#5443=EDGE_LOOP('',(#1383,#1384,#1385,#1386,#1387,#1388,#1389,#1390,#1391,
#1392,#1393,#1394,#1395));
#5444=EDGE_LOOP('',(#1396,#1397,#1398,#1399));
#5445=EDGE_LOOP('',(#1400,#1401,#1402,#1403,#1404,#1405,#1406,#1407,#1408,
#1409));
#5446=EDGE_LOOP('',(#1410,#1411,#1412,#1413));
#5447=EDGE_LOOP('',(#1414,#1415,#1416,#1417,#1418));
#5448=EDGE_LOOP('',(#1419,#1420,#1421,#1422));
#5449=EDGE_LOOP('',(#1423,#1424,#1425,#1426,#1427,#1428,#1429,#1430,#1431,
#1432,#1433,#1434,#1435,#1436));
#5450=EDGE_LOOP('',(#1437,#1438,#1439,#1440));
#5451=EDGE_LOOP('',(#1441,#1442,#1443,#1444,#1445,#1446,#1447,#1448,#1449,
#1450,#1451,#1452));
#5452=EDGE_LOOP('',(#1453,#1454,#1455,#1456,#1457,#1458,#1459,#1460,#1461,
#1462,#1463,#1464,#1465,#1466));
#5453=EDGE_LOOP('',(#1467,#1468,#1469,#1470,#1471,#1472,#1473,#1474));
#5454=EDGE_LOOP('',(#1475,#1476,#1477,#1478,#1479,#1480,#1481,#1482));
#5455=EDGE_LOOP('',(#1483,#1484,#1485,#1486,#1487,#1488,#1489,#1490,#1491,
#1492,#1493,#1494));
#5456=EDGE_LOOP('',(#1495,#1496,#1497,#1498));
#5457=EDGE_LOOP('',(#1499,#1500,#1501,#1502));
#5458=EDGE_LOOP('',(#1503,#1504,#1505,#1506));
#5459=EDGE_LOOP('',(#1507,#1508,#1509,#1510));
#5460=EDGE_LOOP('',(#1511,#1512,#1513,#1514));
#5461=EDGE_LOOP('',(#1515,#1516,#1517,#1518));
#5462=EDGE_LOOP('',(#1519,#1520,#1521,#1522,#1523));
#5463=EDGE_LOOP('',(#1524,#1525,#1526,#1527));
#5464=EDGE_LOOP('',(#1528,#1529,#1530,#1531));
#5465=EDGE_LOOP('',(#1532,#1533,#1534,#1535,#1536));
#5466=EDGE_LOOP('',(#1537,#1538,#1539,#1540,#1541,#1542,#1543,#1544));
#5467=EDGE_LOOP('',(#1545,#1546,#1547,#1548));
#5468=EDGE_LOOP('',(#1549,#1550,#1551,#1552,#1553));
#5469=EDGE_LOOP('',(#1554,#1555,#1556,#1557));
#5470=EDGE_LOOP('',(#1558,#1559,#1560,#1561));
#5471=EDGE_LOOP('',(#1562,#1563,#1564,#1565,#1566));
#5472=EDGE_LOOP('',(#1567,#1568,#1569,#1570));
#5473=EDGE_LOOP('',(#1571,#1572,#1573,#1574));
#5474=EDGE_LOOP('',(#1575,#1576,#1577,#1578));
#5475=EDGE_LOOP('',(#1579,#1580,#1581,#1582,#1583));
#5476=EDGE_LOOP('',(#1584,#1585,#1586,#1587));
#5477=EDGE_LOOP('',(#1588,#1589,#1590,#1591));
#5478=EDGE_LOOP('',(#1592,#1593,#1594,#1595));
#5479=EDGE_LOOP('',(#1596));
#5480=EDGE_LOOP('',(#1597));
#5481=EDGE_LOOP('',(#1598,#1599,#1600,#1601));
#5482=EDGE_LOOP('',(#1602,#1603,#1604,#1605));
#5483=EDGE_LOOP('',(#1606,#1607,#1608,#1609));
#5484=EDGE_LOOP('',(#1610,#1611,#1612,#1613));
#5485=EDGE_LOOP('',(#1614,#1615,#1616));
#5486=EDGE_LOOP('',(#1617,#1618,#1619,#1620,#1621,#1622,#1623,#1624));
#5487=EDGE_LOOP('',(#1625,#1626,#1627,#1628));
#5488=EDGE_LOOP('',(#1629,#1630,#1631,#1632));
#5489=EDGE_LOOP('',(#1633,#1634,#1635,#1636));
#5490=EDGE_LOOP('',(#1637,#1638,#1639,#1640));
#5491=EDGE_LOOP('',(#1641,#1642,#1643,#1644));
#5492=EDGE_LOOP('',(#1645,#1646,#1647,#1648,#1649));
#5493=EDGE_LOOP('',(#1650,#1651,#1652,#1653));
#5494=EDGE_LOOP('',(#1654,#1655,#1656,#1657));
#5495=EDGE_LOOP('',(#1658,#1659,#1660,#1661));
#5496=EDGE_LOOP('',(#1662,#1663,#1664,#1665));
#5497=EDGE_LOOP('',(#1666));
#5498=EDGE_LOOP('',(#1667,#1668,#1669,#1670));
#5499=EDGE_LOOP('',(#1671,#1672,#1673,#1674));
#5500=EDGE_LOOP('',(#1675,#1676,#1677,#1678,#1679));
#5501=EDGE_LOOP('',(#1680,#1681,#1682,#1683));
#5502=EDGE_LOOP('',(#1684,#1685,#1686,#1687,#1688));
#5503=EDGE_LOOP('',(#1689));
#5504=EDGE_LOOP('',(#1690,#1691,#1692,#1693));
#5505=EDGE_LOOP('',(#1694,#1695,#1696,#1697));
#5506=EDGE_LOOP('',(#1698,#1699,#1700,#1701));
#5507=EDGE_LOOP('',(#1702,#1703,#1704,#1705));
#5508=EDGE_LOOP('',(#1706));
#5509=EDGE_LOOP('',(#1707,#1708,#1709,#1710));
#5510=EDGE_LOOP('',(#1711,#1712,#1713,#1714));
#5511=EDGE_LOOP('',(#1715,#1716,#1717,#1718,#1719));
#5512=EDGE_LOOP('',(#1720,#1721,#1722,#1723));
#5513=EDGE_LOOP('',(#1724,#1725,#1726,#1727,#1728));
#5514=EDGE_LOOP('',(#1729));
#5515=EDGE_LOOP('',(#1730,#1731,#1732,#1733));
#5516=EDGE_LOOP('',(#1734));
#5517=EDGE_LOOP('',(#1735));
#5518=EDGE_LOOP('',(#1736));
#5519=EDGE_LOOP('',(#1737));
#5520=EDGE_LOOP('',(#1738));
#5521=EDGE_LOOP('',(#1739));
#5522=EDGE_LOOP('',(#1740));
#5523=EDGE_LOOP('',(#1741));
#5524=EDGE_LOOP('',(#1742));
#5525=EDGE_LOOP('',(#1743));
#5526=EDGE_LOOP('',(#1744));
#5527=EDGE_LOOP('',(#1745));
#5528=EDGE_LOOP('',(#1746,#1747,#1748,#1749));
#5529=EDGE_LOOP('',(#1750,#1751,#1752,#1753));
#5530=EDGE_LOOP('',(#1754,#1755,#1756,#1757));
#5531=EDGE_LOOP('',(#1758,#1759,#1760,#1761));
#5532=EDGE_LOOP('',(#1762,#1763,#1764,#1765,#1766,#1767,#1768,#1769));
#5533=EDGE_LOOP('',(#1770,#1771,#1772,#1773));
#5534=EDGE_LOOP('',(#1774,#1775,#1776,#1777,#1778,#1779,#1780,#1781,#1782,
#1783,#1784,#1785,#1786,#1787));
#5535=EDGE_LOOP('',(#1788,#1789,#1790,#1791));
#5536=EDGE_LOOP('',(#1792,#1793,#1794,#1795));
#5537=EDGE_LOOP('',(#1796,#1797,#1798,#1799));
#5538=EDGE_LOOP('',(#1800,#1801,#1802,#1803,#1804,#1805,#1806,#1807,#1808,
#1809,#1810,#1811,#1812));
#5539=EDGE_LOOP('',(#1813,#1814,#1815,#1816,#1817,#1818,#1819,#1820,#1821,
#1822,#1823,#1824,#1825,#1826,#1827));
#5540=EDGE_LOOP('',(#1828));
#5541=EDGE_LOOP('',(#1829,#1830,#1831,#1832));
#5542=EDGE_LOOP('',(#1833,#1834,#1835,#1836));
#5543=EDGE_LOOP('',(#1837,#1838,#1839,#1840,#1841,#1842,#1843,#1844,#1845,
#1846,#1847,#1848));
#5544=EDGE_LOOP('',(#1849,#1850,#1851,#1852));
#5545=EDGE_LOOP('',(#1853,#1854,#1855,#1856,#1857,#1858,#1859,#1860,#1861,
#1862,#1863,#1864,#1865,#1866));
#5546=EDGE_LOOP('',(#1867));
#5547=EDGE_LOOP('',(#1868,#1869,#1870,#1871));
#5548=EDGE_LOOP('',(#1872));
#5549=EDGE_LOOP('',(#1873));
#5550=EDGE_LOOP('',(#1874));
#5551=EDGE_LOOP('',(#1875));
#5552=EDGE_LOOP('',(#1876));
#5553=EDGE_LOOP('',(#1877));
#5554=EDGE_LOOP('',(#1878,#1879,#1880,#1881));
#5555=EDGE_LOOP('',(#1882,#1883,#1884,#1885));
#5556=EDGE_LOOP('',(#1886));
#5557=EDGE_LOOP('',(#1887));
#5558=EDGE_LOOP('',(#1888));
#5559=EDGE_LOOP('',(#1889));
#5560=EDGE_LOOP('',(#1890));
#5561=EDGE_LOOP('',(#1891));
#5562=EDGE_LOOP('',(#1892));
#5563=EDGE_LOOP('',(#1893));
#5564=EDGE_LOOP('',(#1894,#1895,#1896,#1897));
#5565=EDGE_LOOP('',(#1898,#1899,#1900,#1901));
#5566=EDGE_LOOP('',(#1902,#1903,#1904,#1905));
#5567=EDGE_LOOP('',(#1906,#1907,#1908,#1909));
#5568=EDGE_LOOP('',(#1910,#1911,#1912,#1913));
#5569=EDGE_LOOP('',(#1914,#1915,#1916,#1917));
#5570=FACE_BOUND('',#5142,.T.);
#5571=FACE_BOUND('',#5143,.T.);
#5572=FACE_BOUND('',#5144,.T.);
#5573=FACE_BOUND('',#5145,.T.);
#5574=FACE_BOUND('',#5146,.T.);
#5575=FACE_BOUND('',#5147,.T.);
#5576=FACE_BOUND('',#5148,.T.);
#5577=FACE_BOUND('',#5149,.T.);
#5578=FACE_BOUND('',#5150,.T.);
#5579=FACE_BOUND('',#5151,.T.);
#5580=FACE_BOUND('',#5152,.T.);
#5581=FACE_BOUND('',#5153,.T.);
#5582=FACE_BOUND('',#5154,.T.);
#5583=FACE_BOUND('',#5155,.T.);
#5584=FACE_BOUND('',#5156,.T.);
#5585=FACE_BOUND('',#5157,.T.);
#5586=FACE_BOUND('',#5158,.T.);
#5587=FACE_BOUND('',#5159,.T.);
#5588=FACE_BOUND('',#5160,.T.);
#5589=FACE_BOUND('',#5161,.T.);
#5590=FACE_BOUND('',#5162,.T.);
#5591=FACE_BOUND('',#5163,.T.);
#5592=FACE_BOUND('',#5164,.T.);
#5593=FACE_BOUND('',#5165,.T.);
#5594=FACE_BOUND('',#5166,.T.);
#5595=FACE_BOUND('',#5167,.T.);
#5596=FACE_BOUND('',#5168,.T.);
#5597=FACE_BOUND('',#5169,.T.);
#5598=FACE_BOUND('',#5170,.T.);
#5599=FACE_BOUND('',#5171,.T.);
#5600=FACE_BOUND('',#5172,.T.);
#5601=FACE_BOUND('',#5173,.T.);
#5602=FACE_BOUND('',#5174,.T.);
#5603=FACE_BOUND('',#5175,.T.);
#5604=FACE_BOUND('',#5176,.T.);
#5605=FACE_BOUND('',#5177,.T.);
#5606=FACE_BOUND('',#5178,.T.);
#5607=FACE_BOUND('',#5179,.T.);
#5608=FACE_BOUND('',#5180,.T.);
#5609=FACE_BOUND('',#5181,.T.);
#5610=FACE_BOUND('',#5182,.T.);
#5611=FACE_BOUND('',#5183,.T.);
#5612=FACE_BOUND('',#5184,.T.);
#5613=FACE_BOUND('',#5185,.T.);
#5614=FACE_BOUND('',#5186,.T.);
#5615=FACE_BOUND('',#5187,.T.);
#5616=FACE_BOUND('',#5188,.T.);
#5617=FACE_BOUND('',#5189,.T.);
#5618=FACE_BOUND('',#5190,.T.);
#5619=FACE_BOUND('',#5191,.T.);
#5620=FACE_BOUND('',#5192,.T.);
#5621=FACE_BOUND('',#5193,.T.);
#5622=FACE_BOUND('',#5194,.T.);
#5623=FACE_BOUND('',#5195,.T.);
#5624=FACE_BOUND('',#5196,.T.);
#5625=FACE_BOUND('',#5197,.T.);
#5626=FACE_BOUND('',#5198,.T.);
#5627=FACE_BOUND('',#5199,.T.);
#5628=FACE_BOUND('',#5200,.T.);
#5629=FACE_BOUND('',#5201,.T.);
#5630=FACE_BOUND('',#5202,.T.);
#5631=FACE_BOUND('',#5203,.T.);
#5632=FACE_BOUND('',#5204,.T.);
#5633=FACE_BOUND('',#5205,.T.);
#5634=FACE_BOUND('',#5206,.T.);
#5635=FACE_BOUND('',#5207,.T.);
#5636=FACE_BOUND('',#5208,.T.);
#5637=FACE_BOUND('',#5209,.T.);
#5638=FACE_BOUND('',#5210,.T.);
#5639=FACE_BOUND('',#5211,.T.);
#5640=FACE_BOUND('',#5212,.T.);
#5641=FACE_BOUND('',#5213,.T.);
#5642=FACE_BOUND('',#5214,.T.);
#5643=FACE_BOUND('',#5215,.T.);
#5644=FACE_BOUND('',#5216,.T.);
#5645=FACE_BOUND('',#5217,.T.);
#5646=FACE_BOUND('',#5218,.T.);
#5647=FACE_BOUND('',#5219,.T.);
#5648=FACE_BOUND('',#5220,.T.);
#5649=FACE_BOUND('',#5221,.T.);
#5650=FACE_BOUND('',#5222,.T.);
#5651=FACE_BOUND('',#5223,.T.);
#5652=FACE_BOUND('',#5224,.T.);
#5653=FACE_BOUND('',#5225,.T.);
#5654=FACE_BOUND('',#5226,.T.);
#5655=FACE_BOUND('',#5227,.T.);
#5656=FACE_BOUND('',#5228,.T.);
#5657=FACE_BOUND('',#5229,.T.);
#5658=FACE_BOUND('',#5230,.T.);
#5659=FACE_BOUND('',#5231,.T.);
#5660=FACE_BOUND('',#5232,.T.);
#5661=FACE_BOUND('',#5233,.T.);
#5662=FACE_BOUND('',#5234,.T.);
#5663=FACE_BOUND('',#5235,.T.);
#5664=FACE_BOUND('',#5236,.T.);
#5665=FACE_BOUND('',#5237,.T.);
#5666=FACE_BOUND('',#5238,.T.);
#5667=FACE_BOUND('',#5239,.T.);
#5668=FACE_BOUND('',#5240,.T.);
#5669=FACE_BOUND('',#5241,.T.);
#5670=FACE_BOUND('',#5242,.T.);
#5671=FACE_BOUND('',#5243,.T.);
#5672=FACE_BOUND('',#5244,.T.);
#5673=FACE_BOUND('',#5245,.T.);
#5674=FACE_BOUND('',#5246,.T.);
#5675=FACE_BOUND('',#5247,.T.);
#5676=FACE_BOUND('',#5248,.T.);
#5677=FACE_BOUND('',#5249,.T.);
#5678=FACE_BOUND('',#5250,.T.);
#5679=FACE_BOUND('',#5251,.T.);
#5680=FACE_BOUND('',#5252,.T.);
#5681=FACE_BOUND('',#5253,.T.);
#5682=FACE_BOUND('',#5254,.T.);
#5683=FACE_BOUND('',#5255,.T.);
#5684=FACE_BOUND('',#5256,.T.);
#5685=FACE_BOUND('',#5257,.T.);
#5686=FACE_BOUND('',#5258,.T.);
#5687=FACE_BOUND('',#5259,.T.);
#5688=FACE_BOUND('',#5260,.T.);
#5689=FACE_BOUND('',#5261,.T.);
#5690=FACE_BOUND('',#5262,.T.);
#5691=FACE_BOUND('',#5263,.T.);
#5692=FACE_BOUND('',#5264,.T.);
#5693=FACE_BOUND('',#5265,.T.);
#5694=FACE_BOUND('',#5266,.T.);
#5695=FACE_BOUND('',#5267,.T.);
#5696=FACE_BOUND('',#5268,.T.);
#5697=FACE_BOUND('',#5269,.T.);
#5698=FACE_BOUND('',#5270,.T.);
#5699=FACE_BOUND('',#5271,.T.);
#5700=FACE_BOUND('',#5272,.T.);
#5701=FACE_BOUND('',#5273,.T.);
#5702=FACE_BOUND('',#5274,.T.);
#5703=FACE_BOUND('',#5275,.T.);
#5704=FACE_BOUND('',#5276,.T.);
#5705=FACE_BOUND('',#5277,.T.);
#5706=FACE_BOUND('',#5278,.T.);
#5707=FACE_BOUND('',#5279,.T.);
#5708=FACE_BOUND('',#5280,.T.);
#5709=FACE_BOUND('',#5281,.T.);
#5710=FACE_BOUND('',#5282,.T.);
#5711=FACE_BOUND('',#5283,.T.);
#5712=FACE_BOUND('',#5284,.T.);
#5713=FACE_BOUND('',#5285,.T.);
#5714=FACE_BOUND('',#5286,.T.);
#5715=FACE_BOUND('',#5287,.T.);
#5716=FACE_BOUND('',#5288,.T.);
#5717=FACE_BOUND('',#5289,.T.);
#5718=FACE_BOUND('',#5290,.T.);
#5719=FACE_BOUND('',#5291,.T.);
#5720=FACE_BOUND('',#5292,.T.);
#5721=FACE_BOUND('',#5293,.T.);
#5722=FACE_BOUND('',#5294,.T.);
#5723=FACE_BOUND('',#5295,.T.);
#5724=FACE_BOUND('',#5296,.T.);
#5725=FACE_BOUND('',#5297,.T.);
#5726=FACE_BOUND('',#5298,.T.);
#5727=FACE_BOUND('',#5299,.T.);
#5728=FACE_BOUND('',#5300,.T.);
#5729=FACE_BOUND('',#5301,.T.);
#5730=FACE_BOUND('',#5302,.T.);
#5731=FACE_BOUND('',#5303,.T.);
#5732=FACE_BOUND('',#5304,.T.);
#5733=FACE_BOUND('',#5305,.T.);
#5734=FACE_BOUND('',#5306,.T.);
#5735=FACE_BOUND('',#5307,.T.);
#5736=FACE_BOUND('',#5308,.T.);
#5737=FACE_BOUND('',#5309,.T.);
#5738=FACE_BOUND('',#5310,.T.);
#5739=FACE_BOUND('',#5311,.T.);
#5740=FACE_BOUND('',#5312,.T.);
#5741=FACE_BOUND('',#5313,.T.);
#5742=FACE_BOUND('',#5314,.T.);
#5743=FACE_BOUND('',#5315,.T.);
#5744=FACE_BOUND('',#5316,.T.);
#5745=FACE_BOUND('',#5317,.T.);
#5746=FACE_BOUND('',#5318,.T.);
#5747=FACE_BOUND('',#5319,.T.);
#5748=FACE_BOUND('',#5320,.T.);
#5749=FACE_BOUND('',#5321,.T.);
#5750=FACE_BOUND('',#5322,.T.);
#5751=FACE_BOUND('',#5323,.T.);
#5752=FACE_BOUND('',#5324,.T.);
#5753=FACE_BOUND('',#5325,.T.);
#5754=FACE_BOUND('',#5326,.T.);
#5755=FACE_BOUND('',#5327,.T.);
#5756=FACE_BOUND('',#5328,.T.);
#5757=FACE_BOUND('',#5329,.T.);
#5758=FACE_BOUND('',#5330,.T.);
#5759=FACE_BOUND('',#5331,.T.);
#5760=FACE_BOUND('',#5332,.T.);
#5761=FACE_BOUND('',#5333,.T.);
#5762=FACE_BOUND('',#5334,.T.);
#5763=FACE_BOUND('',#5335,.T.);
#5764=FACE_BOUND('',#5336,.T.);
#5765=FACE_BOUND('',#5337,.T.);
#5766=FACE_BOUND('',#5338,.T.);
#5767=FACE_BOUND('',#5339,.T.);
#5768=FACE_BOUND('',#5340,.T.);
#5769=FACE_BOUND('',#5341,.T.);
#5770=FACE_BOUND('',#5342,.T.);
#5771=FACE_BOUND('',#5343,.T.);
#5772=FACE_BOUND('',#5344,.T.);
#5773=FACE_BOUND('',#5345,.T.);
#5774=FACE_BOUND('',#5346,.T.);
#5775=FACE_BOUND('',#5347,.T.);
#5776=FACE_BOUND('',#5348,.T.);
#5777=FACE_BOUND('',#5349,.T.);
#5778=FACE_BOUND('',#5350,.T.);
#5779=FACE_BOUND('',#5351,.T.);
#5780=FACE_BOUND('',#5352,.T.);
#5781=FACE_BOUND('',#5353,.T.);
#5782=FACE_BOUND('',#5354,.T.);
#5783=FACE_BOUND('',#5355,.T.);
#5784=FACE_BOUND('',#5356,.T.);
#5785=FACE_BOUND('',#5357,.T.);
#5786=FACE_BOUND('',#5358,.T.);
#5787=FACE_BOUND('',#5359,.T.);
#5788=FACE_BOUND('',#5360,.T.);
#5789=FACE_BOUND('',#5361,.T.);
#5790=FACE_BOUND('',#5362,.T.);
#5791=FACE_BOUND('',#5363,.T.);
#5792=FACE_BOUND('',#5364,.T.);
#5793=FACE_BOUND('',#5365,.T.);
#5794=FACE_BOUND('',#5366,.T.);
#5795=FACE_BOUND('',#5367,.T.);
#5796=FACE_BOUND('',#5368,.T.);
#5797=FACE_BOUND('',#5369,.T.);
#5798=FACE_BOUND('',#5370,.T.);
#5799=FACE_BOUND('',#5371,.T.);
#5800=FACE_BOUND('',#5372,.T.);
#5801=FACE_BOUND('',#5373,.T.);
#5802=FACE_BOUND('',#5374,.T.);
#5803=FACE_BOUND('',#5375,.T.);
#5804=FACE_BOUND('',#5376,.T.);
#5805=FACE_BOUND('',#5377,.T.);
#5806=FACE_BOUND('',#5378,.T.);
#5807=FACE_BOUND('',#5379,.T.);
#5808=FACE_BOUND('',#5380,.T.);
#5809=FACE_BOUND('',#5381,.T.);
#5810=FACE_BOUND('',#5382,.T.);
#5811=FACE_BOUND('',#5383,.T.);
#5812=FACE_BOUND('',#5384,.T.);
#5813=FACE_BOUND('',#5385,.T.);
#5814=FACE_BOUND('',#5386,.T.);
#5815=FACE_BOUND('',#5387,.T.);
#5816=FACE_BOUND('',#5388,.T.);
#5817=FACE_BOUND('',#5389,.T.);
#5818=FACE_BOUND('',#5390,.T.);
#5819=FACE_BOUND('',#5391,.T.);
#5820=FACE_BOUND('',#5392,.T.);
#5821=FACE_BOUND('',#5393,.T.);
#5822=FACE_BOUND('',#5394,.T.);
#5823=FACE_BOUND('',#5395,.T.);
#5824=FACE_BOUND('',#5396,.T.);
#5825=FACE_BOUND('',#5397,.T.);
#5826=FACE_BOUND('',#5398,.T.);
#5827=FACE_BOUND('',#5399,.T.);
#5828=FACE_BOUND('',#5400,.T.);
#5829=FACE_BOUND('',#5401,.T.);
#5830=FACE_BOUND('',#5402,.T.);
#5831=FACE_BOUND('',#5403,.T.);
#5832=FACE_BOUND('',#5404,.T.);
#5833=FACE_BOUND('',#5405,.T.);
#5834=FACE_BOUND('',#5406,.T.);
#5835=FACE_BOUND('',#5407,.T.);
#5836=FACE_BOUND('',#5408,.T.);
#5837=FACE_BOUND('',#5409,.T.);
#5838=FACE_BOUND('',#5410,.T.);
#5839=FACE_BOUND('',#5411,.T.);
#5840=FACE_BOUND('',#5412,.T.);
#5841=FACE_BOUND('',#5413,.T.);
#5842=FACE_BOUND('',#5414,.T.);
#5843=FACE_BOUND('',#5415,.T.);
#5844=FACE_BOUND('',#5416,.T.);
#5845=FACE_BOUND('',#5417,.T.);
#5846=FACE_BOUND('',#5418,.T.);
#5847=FACE_BOUND('',#5419,.T.);
#5848=FACE_BOUND('',#5420,.T.);
#5849=FACE_BOUND('',#5421,.T.);
#5850=FACE_BOUND('',#5422,.T.);
#5851=FACE_BOUND('',#5423,.T.);
#5852=FACE_BOUND('',#5424,.T.);
#5853=FACE_BOUND('',#5425,.T.);
#5854=FACE_BOUND('',#5426,.T.);
#5855=FACE_BOUND('',#5427,.T.);
#5856=FACE_BOUND('',#5428,.T.);
#5857=FACE_BOUND('',#5429,.T.);
#5858=FACE_BOUND('',#5430,.T.);
#5859=FACE_BOUND('',#5431,.T.);
#5860=FACE_BOUND('',#5432,.T.);
#5861=FACE_BOUND('',#5433,.T.);
#5862=FACE_BOUND('',#5434,.T.);
#5863=FACE_BOUND('',#5435,.T.);
#5864=FACE_BOUND('',#5436,.T.);
#5865=FACE_BOUND('',#5437,.T.);
#5866=FACE_BOUND('',#5438,.T.);
#5867=FACE_BOUND('',#5439,.T.);
#5868=FACE_BOUND('',#5440,.T.);
#5869=FACE_BOUND('',#5441,.T.);
#5870=FACE_BOUND('',#5442,.T.);
#5871=FACE_BOUND('',#5443,.T.);
#5872=FACE_BOUND('',#5444,.T.);
#5873=FACE_BOUND('',#5445,.T.);
#5874=FACE_BOUND('',#5446,.T.);
#5875=FACE_BOUND('',#5447,.T.);
#5876=FACE_BOUND('',#5448,.T.);
#5877=FACE_BOUND('',#5449,.T.);
#5878=FACE_BOUND('',#5450,.T.);
#5879=FACE_BOUND('',#5451,.T.);
#5880=FACE_BOUND('',#5452,.T.);
#5881=FACE_BOUND('',#5453,.T.);
#5882=FACE_BOUND('',#5454,.T.);
#5883=FACE_BOUND('',#5455,.T.);
#5884=FACE_BOUND('',#5456,.T.);
#5885=FACE_BOUND('',#5457,.T.);
#5886=FACE_BOUND('',#5458,.T.);
#5887=FACE_BOUND('',#5459,.T.);
#5888=FACE_BOUND('',#5460,.T.);
#5889=FACE_BOUND('',#5461,.T.);
#5890=FACE_BOUND('',#5462,.T.);
#5891=FACE_BOUND('',#5463,.T.);
#5892=FACE_BOUND('',#5464,.T.);
#5893=FACE_BOUND('',#5465,.T.);
#5894=FACE_BOUND('',#5466,.T.);
#5895=FACE_BOUND('',#5467,.T.);
#5896=FACE_BOUND('',#5468,.T.);
#5897=FACE_BOUND('',#5469,.T.);
#5898=FACE_BOUND('',#5470,.T.);
#5899=FACE_BOUND('',#5471,.T.);
#5900=FACE_BOUND('',#5472,.T.);
#5901=FACE_BOUND('',#5473,.T.);
#5902=FACE_BOUND('',#5474,.T.);
#5903=FACE_BOUND('',#5475,.T.);
#5904=FACE_BOUND('',#5476,.T.);
#5905=FACE_BOUND('',#5477,.T.);
#5906=FACE_BOUND('',#5478,.T.);
#5907=FACE_BOUND('',#5479,.T.);
#5908=FACE_BOUND('',#5480,.T.);
#5909=FACE_BOUND('',#5481,.T.);
#5910=FACE_BOUND('',#5482,.T.);
#5911=FACE_BOUND('',#5483,.T.);
#5912=FACE_BOUND('',#5484,.T.);
#5913=FACE_BOUND('',#5485,.T.);
#5914=FACE_BOUND('',#5486,.T.);
#5915=FACE_BOUND('',#5487,.T.);
#5916=FACE_BOUND('',#5488,.T.);
#5917=FACE_BOUND('',#5489,.T.);
#5918=FACE_BOUND('',#5490,.T.);
#5919=FACE_BOUND('',#5491,.T.);
#5920=FACE_BOUND('',#5492,.T.);
#5921=FACE_BOUND('',#5493,.T.);
#5922=FACE_BOUND('',#5494,.T.);
#5923=FACE_BOUND('',#5495,.T.);
#5924=FACE_BOUND('',#5496,.T.);
#5925=FACE_BOUND('',#5497,.T.);
#5926=FACE_BOUND('',#5498,.T.);
#5927=FACE_BOUND('',#5499,.T.);
#5928=FACE_BOUND('',#5500,.T.);
#5929=FACE_BOUND('',#5501,.T.);
#5930=FACE_BOUND('',#5502,.T.);
#5931=FACE_BOUND('',#5503,.T.);
#5932=FACE_BOUND('',#5504,.T.);
#5933=FACE_BOUND('',#5505,.T.);
#5934=FACE_BOUND('',#5506,.T.);
#5935=FACE_BOUND('',#5507,.T.);
#5936=FACE_BOUND('',#5508,.T.);
#5937=FACE_BOUND('',#5509,.T.);
#5938=FACE_BOUND('',#5510,.T.);
#5939=FACE_BOUND('',#5511,.T.);
#5940=FACE_BOUND('',#5512,.T.);
#5941=FACE_BOUND('',#5513,.T.);
#5942=FACE_BOUND('',#5514,.T.);
#5943=FACE_BOUND('',#5515,.T.);
#5944=FACE_BOUND('',#5516,.T.);
#5945=FACE_BOUND('',#5517,.T.);
#5946=FACE_BOUND('',#5518,.T.);
#5947=FACE_BOUND('',#5519,.T.);
#5948=FACE_BOUND('',#5520,.T.);
#5949=FACE_BOUND('',#5521,.T.);
#5950=FACE_BOUND('',#5522,.T.);
#5951=FACE_BOUND('',#5523,.T.);
#5952=FACE_BOUND('',#5524,.T.);
#5953=FACE_BOUND('',#5525,.T.);
#5954=FACE_BOUND('',#5526,.T.);
#5955=FACE_BOUND('',#5527,.T.);
#5956=FACE_BOUND('',#5528,.T.);
#5957=FACE_BOUND('',#5529,.T.);
#5958=FACE_BOUND('',#5530,.T.);
#5959=FACE_BOUND('',#5531,.T.);
#5960=FACE_BOUND('',#5532,.T.);
#5961=FACE_BOUND('',#5533,.T.);
#5962=FACE_BOUND('',#5534,.T.);
#5963=FACE_BOUND('',#5535,.T.);
#5964=FACE_BOUND('',#5536,.T.);
#5965=FACE_BOUND('',#5537,.T.);
#5966=FACE_BOUND('',#5538,.T.);
#5967=FACE_BOUND('',#5539,.T.);
#5968=FACE_BOUND('',#5540,.T.);
#5969=FACE_BOUND('',#5541,.T.);
#5970=FACE_BOUND('',#5542,.T.);
#5971=FACE_BOUND('',#5543,.T.);
#5972=FACE_BOUND('',#5544,.T.);
#5973=FACE_BOUND('',#5545,.T.);
#5974=FACE_BOUND('',#5546,.T.);
#5975=FACE_BOUND('',#5547,.T.);
#5976=FACE_BOUND('',#5548,.T.);
#5977=FACE_BOUND('',#5549,.T.);
#5978=FACE_BOUND('',#5550,.T.);
#5979=FACE_BOUND('',#5551,.T.);
#5980=FACE_BOUND('',#5552,.T.);
#5981=FACE_BOUND('',#5553,.T.);
#5982=FACE_BOUND('',#5554,.T.);
#5983=FACE_BOUND('',#5555,.T.);
#5984=FACE_BOUND('',#5556,.T.);
#5985=FACE_BOUND('',#5557,.T.);
#5986=FACE_BOUND('',#5558,.T.);
#5987=FACE_BOUND('',#5559,.T.);
#5988=FACE_BOUND('',#5560,.T.);
#5989=FACE_BOUND('',#5561,.T.);
#5990=FACE_BOUND('',#5562,.T.);
#5991=FACE_BOUND('',#5563,.T.);
#5992=FACE_BOUND('',#5564,.T.);
#5993=FACE_BOUND('',#5565,.T.);
#5994=FACE_BOUND('',#5566,.T.);
#5995=FACE_BOUND('',#5567,.T.);
#5996=FACE_BOUND('',#5568,.T.);
#5997=FACE_BOUND('',#5569,.T.);
#5998=PLANE('',#6783);
#5999=PLANE('',#6784);
#6000=PLANE('',#6785);
#6001=PLANE('',#6786);
#6002=PLANE('',#6787);
#6003=PLANE('',#6788);
#6004=PLANE('',#6789);
#6005=PLANE('',#6790);
#6006=PLANE('',#6791);
#6007=PLANE('',#6792);
#6008=PLANE('',#6793);
#6009=PLANE('',#6794);
#6010=PLANE('',#6795);
#6011=PLANE('',#6796);
#6012=PLANE('',#6797);
#6013=PLANE('',#6798);
#6014=PLANE('',#6799);
#6015=PLANE('',#6800);
#6016=PLANE('',#6801);
#6017=PLANE('',#6802);
#6018=PLANE('',#6803);
#6019=PLANE('',#6804);
#6020=PLANE('',#6805);
#6021=PLANE('',#6806);
#6022=PLANE('',#6807);
#6023=PLANE('',#6808);
#6024=PLANE('',#6809);
#6025=PLANE('',#6810);
#6026=PLANE('',#6811);
#6027=PLANE('',#6812);
#6028=PLANE('',#6813);
#6029=PLANE('',#6814);
#6030=PLANE('',#6815);
#6031=PLANE('',#6816);
#6032=PLANE('',#6817);
#6033=PLANE('',#6818);
#6034=PLANE('',#6819);
#6035=PLANE('',#6820);
#6036=PLANE('',#6821);
#6037=PLANE('',#6822);
#6038=PLANE('',#6823);
#6039=PLANE('',#6824);
#6040=PLANE('',#6825);
#6041=PLANE('',#6826);
#6042=PLANE('',#6827);
#6043=PLANE('',#6828);
#6044=PLANE('',#6829);
#6045=PLANE('',#6830);
#6046=PLANE('',#6831);
#6047=PLANE('',#6832);
#6048=PLANE('',#6833);
#6049=PLANE('',#6834);
#6050=PLANE('',#6835);
#6051=PLANE('',#6836);
#6052=PLANE('',#6837);
#6053=PLANE('',#6838);
#6054=PLANE('',#6839);
#6055=PLANE('',#6840);
#6056=PLANE('',#6841);
#6057=PLANE('',#6842);
#6058=PLANE('',#6845);
#6059=PLANE('',#6846);
#6060=PLANE('',#6847);
#6061=PLANE('',#6848);
#6062=PLANE('',#6849);
#6063=PLANE('',#6850);
#6064=PLANE('',#6851);
#6065=PLANE('',#6852);
#6066=PLANE('',#6859);
#6067=PLANE('',#6860);
#6068=PLANE('',#6861);
#6069=PLANE('',#6862);
#6070=PLANE('',#6863);
#6071=PLANE('',#6864);
#6072=PLANE('',#6865);
#6073=PLANE('',#6866);
#6074=PLANE('',#6867);
#6075=PLANE('',#6868);
#6076=PLANE('',#6869);
#6077=PLANE('',#6870);
#6078=PLANE('',#6871);
#6079=PLANE('',#6872);
#6080=PLANE('',#6873);
#6081=PLANE('',#6874);
#6082=PLANE('',#6875);
#6083=PLANE('',#6876);
#6084=PLANE('',#6877);
#6085=PLANE('',#6878);
#6086=PLANE('',#6879);
#6087=PLANE('',#6880);
#6088=PLANE('',#6881);
#6089=PLANE('',#6882);
#6090=PLANE('',#6883);
#6091=PLANE('',#6884);
#6092=PLANE('',#6885);
#6093=PLANE('',#6886);
#6094=PLANE('',#6887);
#6095=PLANE('',#6888);
#6096=PLANE('',#6889);
#6097=PLANE('',#6890);
#6098=PLANE('',#6892);
#6099=PLANE('',#6893);
#6100=PLANE('',#6894);
#6101=PLANE('',#6895);
#6102=PLANE('',#6896);
#6103=PLANE('',#6897);
#6104=PLANE('',#6898);
#6105=PLANE('',#6899);
#6106=PLANE('',#6900);
#6107=PLANE('',#6901);
#6108=PLANE('',#6902);
#6109=PLANE('',#6903);
#6110=PLANE('',#6905);
#6111=PLANE('',#6906);
#6112=PLANE('',#6907);
#6113=PLANE('',#6908);
#6114=PLANE('',#6909);
#6115=PLANE('',#6910);
#6116=PLANE('',#6913);
#6117=PLANE('',#6914);
#6118=PLANE('',#6915);
#6119=PLANE('',#6916);
#6120=PLANE('',#6917);
#6121=PLANE('',#6918);
#6122=PLANE('',#6919);
#6123=PLANE('',#6920);
#6124=PLANE('',#6921);
#6125=PLANE('',#6922);
#6126=PLANE('',#6923);
#6127=PLANE('',#6924);
#6128=PLANE('',#6925);
#6129=PLANE('',#6928);
#6130=PLANE('',#6929);
#6131=PLANE('',#6930);
#6132=PLANE('',#6933);
#6133=PLANE('',#6934);
#6134=PLANE('',#6935);
#6135=PLANE('',#6936);
#6136=PLANE('',#6937);
#6137=PLANE('',#6938);
#6138=PLANE('',#6939);
#6139=PLANE('',#6940);
#6140=PLANE('',#6941);
#6141=PLANE('',#6942);
#6142=PLANE('',#6943);
#6143=PLANE('',#6944);
#6144=PLANE('',#6945);
#6145=PLANE('',#6946);
#6146=PLANE('',#6947);
#6147=PLANE('',#6948);
#6148=PLANE('',#6949);
#6149=PLANE('',#6950);
#6150=PLANE('',#6951);
#6151=PLANE('',#6952);
#6152=PLANE('',#6953);
#6153=PLANE('',#6954);
#6154=PLANE('',#6955);
#6155=PLANE('',#6956);
#6156=PLANE('',#6957);
#6157=PLANE('',#6958);
#6158=PLANE('',#6959);
#6159=PLANE('',#6960);
#6160=PLANE('',#6961);
#6161=PLANE('',#6962);
#6162=PLANE('',#6963);
#6163=PLANE('',#6964);
#6164=PLANE('',#6965);
#6165=PLANE('',#6966);
#6166=PLANE('',#6967);
#6167=PLANE('',#6968);
#6168=PLANE('',#6969);
#6169=PLANE('',#6970);
#6170=PLANE('',#6971);
#6171=PLANE('',#6972);
#6172=PLANE('',#6973);
#6173=PLANE('',#6974);
#6174=PLANE('',#6975);
#6175=PLANE('',#6976);
#6176=PLANE('',#6977);
#6177=PLANE('',#6978);
#6178=PLANE('',#6979);
#6179=PLANE('',#6980);
#6180=PLANE('',#6981);
#6181=PLANE('',#6982);
#6182=PLANE('',#6983);
#6183=PLANE('',#6984);
#6184=PLANE('',#6985);
#6185=PLANE('',#6986);
#6186=PLANE('',#6987);
#6187=PLANE('',#6988);
#6188=PLANE('',#6989);
#6189=PLANE('',#6990);
#6190=PLANE('',#6991);
#6191=PLANE('',#6992);
#6192=PLANE('',#6993);
#6193=PLANE('',#6994);
#6194=PLANE('',#6995);
#6195=PLANE('',#6996);
#6196=PLANE('',#6997);
#6197=PLANE('',#6998);
#6198=PLANE('',#6999);
#6199=PLANE('',#7000);
#6200=PLANE('',#7001);
#6201=PLANE('',#7002);
#6202=PLANE('',#7003);
#6203=PLANE('',#7004);
#6204=PLANE('',#7005);
#6205=PLANE('',#7006);
#6206=PLANE('',#7007);
#6207=PLANE('',#7008);
#6208=PLANE('',#7009);
#6209=PLANE('',#7010);
#6210=PLANE('',#7011);
#6211=PLANE('',#7012);
#6212=PLANE('',#7013);
#6213=PLANE('',#7014);
#6214=PLANE('',#7015);
#6215=PLANE('',#7016);
#6216=PLANE('',#7017);
#6217=PLANE('',#7018);
#6218=PLANE('',#7019);
#6219=PLANE('',#7020);
#6220=PLANE('',#7021);
#6221=PLANE('',#7022);
#6222=PLANE('',#7023);
#6223=PLANE('',#7024);
#6224=PLANE('',#7025);
#6225=PLANE('',#7026);
#6226=PLANE('',#7027);
#6227=PLANE('',#7028);
#6228=PLANE('',#7029);
#6229=PLANE('',#7030);
#6230=PLANE('',#7031);
#6231=PLANE('',#7032);
#6232=PLANE('',#7033);
#6233=PLANE('',#7034);
#6234=PLANE('',#7035);
#6235=PLANE('',#7036);
#6236=PLANE('',#7037);
#6237=PLANE('',#7038);
#6238=PLANE('',#7039);
#6239=PLANE('',#7040);
#6240=PLANE('',#7041);
#6241=PLANE('',#7042);
#6242=PLANE('',#7043);
#6243=PLANE('',#7044);
#6244=PLANE('',#7045);
#6245=PLANE('',#7046);
#6246=PLANE('',#7047);
#6247=PLANE('',#7048);
#6248=PLANE('',#7049);
#6249=PLANE('',#7050);
#6250=PLANE('',#7051);
#6251=PLANE('',#7052);
#6252=PLANE('',#7053);
#6253=PLANE('',#7054);
#6254=PLANE('',#7055);
#6255=PLANE('',#7056);
#6256=PLANE('',#7057);
#6257=PLANE('',#7058);
#6258=PLANE('',#7059);
#6259=PLANE('',#7060);
#6260=PLANE('',#7061);
#6261=PLANE('',#7062);
#6262=PLANE('',#7063);
#6263=PLANE('',#7064);
#6264=PLANE('',#7065);
#6265=PLANE('',#7066);
#6266=PLANE('',#7067);
#6267=PLANE('',#7068);
#6268=PLANE('',#7069);
#6269=PLANE('',#7070);
#6270=PLANE('',#7071);
#6271=PLANE('',#7072);
#6272=PLANE('',#7073);
#6273=PLANE('',#7074);
#6274=PLANE('',#7075);
#6275=PLANE('',#7076);
#6276=PLANE('',#7077);
#6277=PLANE('',#7078);
#6278=PLANE('',#7079);
#6279=PLANE('',#7080);
#6280=PLANE('',#7081);
#6281=PLANE('',#7082);
#6282=PLANE('',#7083);
#6283=PLANE('',#7084);
#6284=PLANE('',#7085);
#6285=PLANE('',#7086);
#6286=PLANE('',#7087);
#6287=PLANE('',#7088);
#6288=PLANE('',#7089);
#6289=PLANE('',#7090);
#6290=PLANE('',#7091);
#6291=PLANE('',#7092);
#6292=PLANE('',#7093);
#6293=PLANE('',#7094);
#6294=PLANE('',#7095);
#6295=PLANE('',#7096);
#6296=PLANE('',#7097);
#6297=PLANE('',#7098);
#6298=PLANE('',#7099);
#6299=PLANE('',#7100);
#6300=PLANE('',#7101);
#6301=PLANE('',#7102);
#6302=PLANE('',#7103);
#6303=PLANE('',#7104);
#6304=PLANE('',#7105);
#6305=PLANE('',#7106);
#6306=PLANE('',#7107);
#6307=PLANE('',#7108);
#6308=PLANE('',#7109);
#6309=PLANE('',#7110);
#6310=PLANE('',#7111);
#6311=PLANE('',#7112);
#6312=PLANE('',#7113);
#6313=PLANE('',#7114);
#6314=PLANE('',#7116);
#6315=PLANE('',#7117);
#6316=PLANE('',#7118);
#6317=PLANE('',#7119);
#6318=PLANE('',#7120);
#6319=PLANE('',#7121);
#6320=PLANE('',#7122);
#6321=PLANE('',#7123);
#6322=PLANE('',#7124);
#6323=PLANE('',#7125);
#6324=PLANE('',#7126);
#6325=PLANE('',#7127);
#6326=PLANE('',#7128);
#6327=PLANE('',#7129);
#6328=PLANE('',#7130);
#6329=PLANE('',#7131);
#6330=PLANE('',#7132);
#6331=PLANE('',#7134);
#6332=PLANE('',#7135);
#6333=PLANE('',#7136);
#6334=PLANE('',#7137);
#6335=PLANE('',#7138);
#6336=PLANE('',#7140);
#6337=PLANE('',#7141);
#6338=PLANE('',#7142);
#6339=PLANE('',#7143);
#6340=PLANE('',#7145);
#6341=PLANE('',#7146);
#6342=PLANE('',#7147);
#6343=PLANE('',#7148);
#6344=PLANE('',#7149);
#6345=PLANE('',#7153);
#6346=PLANE('',#7156);
#6347=PLANE('',#7159);
#6348=PLANE('',#7162);
#6349=PLANE('',#7163);
#6350=PLANE('',#7164);
#6351=PLANE('',#7165);
#6352=PLANE('',#7166);
#6353=PLANE('',#7167);
#6354=PLANE('',#7168);
#6355=PLANE('',#7169);
#6356=PLANE('',#7170);
#6357=PLANE('',#7171);
#6358=PLANE('',#7172);
#6359=PLANE('',#7173);
#6360=PLANE('',#7174);
#6361=PLANE('',#7175);
#6362=PLANE('',#7177);
#6363=PLANE('',#7178);
#6364=PLANE('',#7179);
#6365=PLANE('',#7180);
#6366=PLANE('',#7181);
#6367=PLANE('',#7185);
#6368=PLANE('',#7188);
#6369=PLANE('',#7189);
#6370=PLANE('',#7190);
#6371=PLANE('',#7195);
#6372=PLANE('',#7196);
#6373=PLANE('',#7197);
#6374=PLANE('',#7198);
#6375=PLANE('',#7199);
#6376=PLANE('',#7200);
#6377=ADVANCED_FACE('',(#5570),#5998,.T.);
#6378=ADVANCED_FACE('',(#5571),#5999,.T.);
#6379=ADVANCED_FACE('',(#5572),#6000,.T.);
#6380=ADVANCED_FACE('',(#5573),#6001,.T.);
#6381=ADVANCED_FACE('',(#5574),#6002,.T.);
#6382=ADVANCED_FACE('',(#5575),#6003,.T.);
#6383=ADVANCED_FACE('',(#5576),#6004,.T.);
#6384=ADVANCED_FACE('',(#5577),#6005,.T.);
#6385=ADVANCED_FACE('',(#5578),#6006,.T.);
#6386=ADVANCED_FACE('',(#5579),#6007,.T.);
#6387=ADVANCED_FACE('',(#5580),#6008,.T.);
#6388=ADVANCED_FACE('',(#5581),#6009,.T.);
#6389=ADVANCED_FACE('',(#5582),#6010,.T.);
#6390=ADVANCED_FACE('',(#5583),#6011,.T.);
#6391=ADVANCED_FACE('',(#5584),#6012,.T.);
#6392=ADVANCED_FACE('',(#5585),#6013,.T.);
#6393=ADVANCED_FACE('',(#5586),#6014,.T.);
#6394=ADVANCED_FACE('',(#5587),#6015,.T.);
#6395=ADVANCED_FACE('',(#5588),#6016,.T.);
#6396=ADVANCED_FACE('',(#5589),#6017,.T.);
#6397=ADVANCED_FACE('',(#5590),#6018,.T.);
#6398=ADVANCED_FACE('',(#5591),#6019,.T.);
#6399=ADVANCED_FACE('',(#5592),#6020,.T.);
#6400=ADVANCED_FACE('',(#5593),#6021,.T.);
#6401=ADVANCED_FACE('',(#5594),#6022,.T.);
#6402=ADVANCED_FACE('',(#5595),#6023,.T.);
#6403=ADVANCED_FACE('',(#5596),#6024,.T.);
#6404=ADVANCED_FACE('',(#5597),#6025,.T.);
#6405=ADVANCED_FACE('',(#5598),#6026,.T.);
#6406=ADVANCED_FACE('',(#5599),#6027,.T.);
#6407=ADVANCED_FACE('',(#5600),#6028,.T.);
#6408=ADVANCED_FACE('',(#5601),#6029,.T.);
#6409=ADVANCED_FACE('',(#5602),#6030,.T.);
#6410=ADVANCED_FACE('',(#5603),#6031,.T.);
#6411=ADVANCED_FACE('',(#5604),#6032,.T.);
#6412=ADVANCED_FACE('',(#5605),#6033,.T.);
#6413=ADVANCED_FACE('',(#5606),#6034,.T.);
#6414=ADVANCED_FACE('',(#5607),#6035,.T.);
#6415=ADVANCED_FACE('',(#5608),#6036,.T.);
#6416=ADVANCED_FACE('',(#5609),#6037,.T.);
#6417=ADVANCED_FACE('',(#5610),#6038,.T.);
#6418=ADVANCED_FACE('',(#5611),#6039,.F.);
#6419=ADVANCED_FACE('',(#5612),#6040,.T.);
#6420=ADVANCED_FACE('',(#5613),#6041,.T.);
#6421=ADVANCED_FACE('',(#5614),#6042,.T.);
#6422=ADVANCED_FACE('',(#5615),#6043,.T.);
#6423=ADVANCED_FACE('',(#5616),#6044,.T.);
#6424=ADVANCED_FACE('',(#5617),#6045,.T.);
#6425=ADVANCED_FACE('',(#5618),#6046,.T.);
#6426=ADVANCED_FACE('',(#5619),#6047,.T.);
#6427=ADVANCED_FACE('',(#5620),#6048,.T.);
#6428=ADVANCED_FACE('',(#5621),#6049,.T.);
#6429=ADVANCED_FACE('',(#5622),#6050,.T.);
#6430=ADVANCED_FACE('',(#5623,#5624,#5625,#5626),#6051,.T.);
#6431=ADVANCED_FACE('',(#5627),#6052,.F.);
#6432=ADVANCED_FACE('',(#5628),#6053,.F.);
#6433=ADVANCED_FACE('',(#5629),#6054,.F.);
#6434=ADVANCED_FACE('',(#5630),#6055,.F.);
#6435=ADVANCED_FACE('',(#5631),#6056,.F.);
#6436=ADVANCED_FACE('',(#5632,#5633,#5634),#6057,.T.);
#6437=ADVANCED_FACE('',(#5635),#6058,.T.);
#6438=ADVANCED_FACE('',(#5636),#6059,.T.);
#6439=ADVANCED_FACE('',(#5637),#6060,.T.);
#6440=ADVANCED_FACE('',(#5638),#6061,.T.);
#6441=ADVANCED_FACE('',(#5639),#6062,.T.);
#6442=ADVANCED_FACE('',(#5640),#6063,.T.);
#6443=ADVANCED_FACE('',(#5641),#6064,.T.);
#6444=ADVANCED_FACE('',(#5642),#6065,.T.);
#6445=ADVANCED_FACE('',(#5643),#53,.T.);
#6446=ADVANCED_FACE('',(#5644),#54,.T.);
#6447=ADVANCED_FACE('',(#5645),#6066,.T.);
#6448=ADVANCED_FACE('',(#5646),#6067,.T.);
#6449=ADVANCED_FACE('',(#5647),#6068,.T.);
#6450=ADVANCED_FACE('',(#5648),#6069,.T.);
#6451=ADVANCED_FACE('',(#5649),#6070,.T.);
#6452=ADVANCED_FACE('',(#5650),#6071,.T.);
#6453=ADVANCED_FACE('',(#5651),#6072,.T.);
#6454=ADVANCED_FACE('',(#5652),#6073,.T.);
#6455=ADVANCED_FACE('',(#5653,#5654),#6074,.T.);
#6456=ADVANCED_FACE('',(#5655),#6075,.T.);
#6457=ADVANCED_FACE('',(#5656),#6076,.T.);
#6458=ADVANCED_FACE('',(#5657),#6077,.T.);
#6459=ADVANCED_FACE('',(#5658),#6078,.T.);
#6460=ADVANCED_FACE('',(#5659),#6079,.T.);
#6461=ADVANCED_FACE('',(#5660),#6080,.T.);
#6462=ADVANCED_FACE('',(#5661),#6081,.T.);
#6463=ADVANCED_FACE('',(#5662),#6082,.T.);
#6464=ADVANCED_FACE('',(#5663),#6083,.T.);
#6465=ADVANCED_FACE('',(#5664),#6084,.T.);
#6466=ADVANCED_FACE('',(#5665),#6085,.T.);
#6467=ADVANCED_FACE('',(#5666),#6086,.T.);
#6468=ADVANCED_FACE('',(#5667),#6087,.T.);
#6469=ADVANCED_FACE('',(#5668),#6088,.T.);
#6470=ADVANCED_FACE('',(#5669),#6089,.T.);
#6471=ADVANCED_FACE('',(#5670),#6090,.T.);
#6472=ADVANCED_FACE('',(#5671),#6091,.T.);
#6473=ADVANCED_FACE('',(#5672),#6092,.T.);
#6474=ADVANCED_FACE('',(#5673),#6093,.T.);
#6475=ADVANCED_FACE('',(#5674,#5675),#6094,.T.);
#6476=ADVANCED_FACE('',(#5676),#6095,.T.);
#6477=ADVANCED_FACE('',(#5677),#6096,.T.);
#6478=ADVANCED_FACE('',(#5678,#5679,#5680,#5681),#6097,.T.);
#6479=ADVANCED_FACE('',(#5682,#5683),#6098,.T.);
#6480=ADVANCED_FACE('',(#5684),#6099,.T.);
#6481=ADVANCED_FACE('',(#5685),#6100,.T.);
#6482=ADVANCED_FACE('',(#5686),#6101,.T.);
#6483=ADVANCED_FACE('',(#5687),#6102,.T.);
#6484=ADVANCED_FACE('',(#5688),#6103,.T.);
#6485=ADVANCED_FACE('',(#5689),#6104,.T.);
#6486=ADVANCED_FACE('',(#5690),#6105,.T.);
#6487=ADVANCED_FACE('',(#5691),#6106,.T.);
#6488=ADVANCED_FACE('',(#5692),#6107,.T.);
#6489=ADVANCED_FACE('',(#5693),#6108,.T.);
#6490=ADVANCED_FACE('',(#5694,#5695,#5696),#6109,.T.);
#6491=ADVANCED_FACE('',(#5697),#6110,.T.);
#6492=ADVANCED_FACE('',(#5698),#6111,.T.);
#6493=ADVANCED_FACE('',(#5699),#6112,.T.);
#6494=ADVANCED_FACE('',(#5700),#6113,.T.);
#6495=ADVANCED_FACE('',(#5701),#6114,.T.);
#6496=ADVANCED_FACE('',(#5702,#5703,#5704),#6115,.T.);
#6497=ADVANCED_FACE('',(#5705),#6116,.T.);
#6498=ADVANCED_FACE('',(#5706),#6117,.T.);
#6499=ADVANCED_FACE('',(#5707),#6118,.T.);
#6500=ADVANCED_FACE('',(#5708),#6119,.T.);
#6501=ADVANCED_FACE('',(#5709),#6120,.T.);
#6502=ADVANCED_FACE('',(#5710),#6121,.T.);
#6503=ADVANCED_FACE('',(#5711),#6122,.T.);
#6504=ADVANCED_FACE('',(#5712),#6123,.T.);
#6505=ADVANCED_FACE('',(#5713),#6124,.T.);
#6506=ADVANCED_FACE('',(#5714),#6125,.T.);
#6507=ADVANCED_FACE('',(#5715),#6126,.T.);
#6508=ADVANCED_FACE('',(#5716),#6127,.T.);
#6509=ADVANCED_FACE('',(#5717,#5718,#5719),#6128,.T.);
#6510=ADVANCED_FACE('',(#5720),#6129,.T.);
#6511=ADVANCED_FACE('',(#5721),#6130,.T.);
#6512=ADVANCED_FACE('',(#5722,#5723,#5724),#6131,.T.);
#6513=ADVANCED_FACE('',(#5725),#6132,.T.);
#6514=ADVANCED_FACE('',(#5726),#6133,.T.);
#6515=ADVANCED_FACE('',(#5727),#6134,.T.);
#6516=ADVANCED_FACE('',(#5728),#6135,.T.);
#6517=ADVANCED_FACE('',(#5729),#6136,.T.);
#6518=ADVANCED_FACE('',(#5730),#6137,.T.);
#6519=ADVANCED_FACE('',(#5731),#6138,.T.);
#6520=ADVANCED_FACE('',(#5732),#6139,.T.);
#6521=ADVANCED_FACE('',(#5733),#6140,.T.);
#6522=ADVANCED_FACE('',(#5734),#6141,.T.);
#6523=ADVANCED_FACE('',(#5735),#6142,.T.);
#6524=ADVANCED_FACE('',(#5736),#6143,.T.);
#6525=ADVANCED_FACE('',(#5737),#6144,.T.);
#6526=ADVANCED_FACE('',(#5738),#6145,.T.);
#6527=ADVANCED_FACE('',(#5739),#6146,.T.);
#6528=ADVANCED_FACE('',(#5740),#6147,.T.);
#6529=ADVANCED_FACE('',(#5741),#6148,.T.);
#6530=ADVANCED_FACE('',(#5742),#6149,.T.);
#6531=ADVANCED_FACE('',(#5743),#6150,.T.);
#6532=ADVANCED_FACE('',(#5744),#6151,.T.);
#6533=ADVANCED_FACE('',(#5745),#6152,.T.);
#6534=ADVANCED_FACE('',(#5746),#6153,.T.);
#6535=ADVANCED_FACE('',(#5747),#6154,.T.);
#6536=ADVANCED_FACE('',(#5748),#6155,.T.);
#6537=ADVANCED_FACE('',(#5749),#6156,.T.);
#6538=ADVANCED_FACE('',(#5750),#6157,.T.);
#6539=ADVANCED_FACE('',(#5751),#6158,.T.);
#6540=ADVANCED_FACE('',(#5752),#6159,.T.);
#6541=ADVANCED_FACE('',(#5753),#6160,.T.);
#6542=ADVANCED_FACE('',(#5754),#6161,.T.);
#6543=ADVANCED_FACE('',(#5755),#6162,.T.);
#6544=ADVANCED_FACE('',(#5756),#6163,.T.);
#6545=ADVANCED_FACE('',(#5757),#6164,.T.);
#6546=ADVANCED_FACE('',(#5758),#6165,.T.);
#6547=ADVANCED_FACE('',(#5759),#6166,.T.);
#6548=ADVANCED_FACE('',(#5760),#6167,.T.);
#6549=ADVANCED_FACE('',(#5761),#6168,.T.);
#6550=ADVANCED_FACE('',(#5762),#6169,.T.);
#6551=ADVANCED_FACE('',(#5763),#6170,.T.);
#6552=ADVANCED_FACE('',(#5764),#6171,.T.);
#6553=ADVANCED_FACE('',(#5765),#6172,.T.);
#6554=ADVANCED_FACE('',(#5766),#6173,.T.);
#6555=ADVANCED_FACE('',(#5767),#6174,.T.);
#6556=ADVANCED_FACE('',(#5768),#6175,.T.);
#6557=ADVANCED_FACE('',(#5769),#6176,.T.);
#6558=ADVANCED_FACE('',(#5770),#6177,.T.);
#6559=ADVANCED_FACE('',(#5771),#6178,.T.);
#6560=ADVANCED_FACE('',(#5772),#6179,.T.);
#6561=ADVANCED_FACE('',(#5773),#6180,.T.);
#6562=ADVANCED_FACE('',(#5774),#6181,.T.);
#6563=ADVANCED_FACE('',(#5775),#6182,.T.);
#6564=ADVANCED_FACE('',(#5776),#6183,.T.);
#6565=ADVANCED_FACE('',(#5777),#6184,.T.);
#6566=ADVANCED_FACE('',(#5778),#6185,.T.);
#6567=ADVANCED_FACE('',(#5779),#6186,.T.);
#6568=ADVANCED_FACE('',(#5780),#6187,.T.);
#6569=ADVANCED_FACE('',(#5781),#6188,.T.);
#6570=ADVANCED_FACE('',(#5782),#6189,.T.);
#6571=ADVANCED_FACE('',(#5783),#6190,.T.);
#6572=ADVANCED_FACE('',(#5784),#6191,.T.);
#6573=ADVANCED_FACE('',(#5785),#6192,.T.);
#6574=ADVANCED_FACE('',(#5786),#6193,.T.);
#6575=ADVANCED_FACE('',(#5787),#6194,.T.);
#6576=ADVANCED_FACE('',(#5788),#6195,.T.);
#6577=ADVANCED_FACE('',(#5789),#6196,.T.);
#6578=ADVANCED_FACE('',(#5790),#6197,.T.);
#6579=ADVANCED_FACE('',(#5791),#6198,.T.);
#6580=ADVANCED_FACE('',(#5792),#6199,.T.);
#6581=ADVANCED_FACE('',(#5793),#6200,.T.);
#6582=ADVANCED_FACE('',(#5794),#6201,.T.);
#6583=ADVANCED_FACE('',(#5795),#6202,.T.);
#6584=ADVANCED_FACE('',(#5796),#6203,.T.);
#6585=ADVANCED_FACE('',(#5797),#6204,.T.);
#6586=ADVANCED_FACE('',(#5798),#6205,.T.);
#6587=ADVANCED_FACE('',(#5799),#6206,.T.);
#6588=ADVANCED_FACE('',(#5800),#6207,.T.);
#6589=ADVANCED_FACE('',(#5801),#6208,.T.);
#6590=ADVANCED_FACE('',(#5802),#6209,.T.);
#6591=ADVANCED_FACE('',(#5803),#6210,.T.);
#6592=ADVANCED_FACE('',(#5804),#6211,.T.);
#6593=ADVANCED_FACE('',(#5805),#6212,.T.);
#6594=ADVANCED_FACE('',(#5806),#6213,.T.);
#6595=ADVANCED_FACE('',(#5807),#6214,.T.);
#6596=ADVANCED_FACE('',(#5808),#6215,.T.);
#6597=ADVANCED_FACE('',(#5809),#6216,.T.);
#6598=ADVANCED_FACE('',(#5810),#6217,.T.);
#6599=ADVANCED_FACE('',(#5811),#6218,.T.);
#6600=ADVANCED_FACE('',(#5812),#6219,.T.);
#6601=ADVANCED_FACE('',(#5813),#6220,.T.);
#6602=ADVANCED_FACE('',(#5814),#6221,.T.);
#6603=ADVANCED_FACE('',(#5815),#6222,.T.);
#6604=ADVANCED_FACE('',(#5816),#6223,.T.);
#6605=ADVANCED_FACE('',(#5817),#6224,.T.);
#6606=ADVANCED_FACE('',(#5818),#6225,.T.);
#6607=ADVANCED_FACE('',(#5819),#6226,.T.);
#6608=ADVANCED_FACE('',(#5820),#6227,.T.);
#6609=ADVANCED_FACE('',(#5821),#6228,.T.);
#6610=ADVANCED_FACE('',(#5822),#6229,.T.);
#6611=ADVANCED_FACE('',(#5823),#6230,.T.);
#6612=ADVANCED_FACE('',(#5824),#6231,.T.);
#6613=ADVANCED_FACE('',(#5825),#6232,.T.);
#6614=ADVANCED_FACE('',(#5826),#6233,.T.);
#6615=ADVANCED_FACE('',(#5827),#6234,.T.);
#6616=ADVANCED_FACE('',(#5828),#6235,.T.);
#6617=ADVANCED_FACE('',(#5829),#6236,.T.);
#6618=ADVANCED_FACE('',(#5830),#6237,.T.);
#6619=ADVANCED_FACE('',(#5831),#6238,.T.);
#6620=ADVANCED_FACE('',(#5832),#6239,.T.);
#6621=ADVANCED_FACE('',(#5833),#6240,.T.);
#6622=ADVANCED_FACE('',(#5834),#6241,.T.);
#6623=ADVANCED_FACE('',(#5835),#6242,.T.);
#6624=ADVANCED_FACE('',(#5836),#6243,.T.);
#6625=ADVANCED_FACE('',(#5837),#6244,.T.);
#6626=ADVANCED_FACE('',(#5838),#6245,.T.);
#6627=ADVANCED_FACE('',(#5839),#6246,.T.);
#6628=ADVANCED_FACE('',(#5840),#6247,.T.);
#6629=ADVANCED_FACE('',(#5841),#6248,.T.);
#6630=ADVANCED_FACE('',(#5842),#6249,.T.);
#6631=ADVANCED_FACE('',(#5843),#6250,.T.);
#6632=ADVANCED_FACE('',(#5844),#6251,.T.);
#6633=ADVANCED_FACE('',(#5845),#6252,.T.);
#6634=ADVANCED_FACE('',(#5846),#6253,.T.);
#6635=ADVANCED_FACE('',(#5847),#6254,.T.);
#6636=ADVANCED_FACE('',(#5848),#6255,.T.);
#6637=ADVANCED_FACE('',(#5849),#6256,.T.);
#6638=ADVANCED_FACE('',(#5850),#6257,.T.);
#6639=ADVANCED_FACE('',(#5851),#6258,.T.);
#6640=ADVANCED_FACE('',(#5852),#6259,.T.);
#6641=ADVANCED_FACE('',(#5853),#6260,.T.);
#6642=ADVANCED_FACE('',(#5854),#6261,.T.);
#6643=ADVANCED_FACE('',(#5855),#6262,.T.);
#6644=ADVANCED_FACE('',(#5856),#6263,.T.);
#6645=ADVANCED_FACE('',(#5857),#6264,.T.);
#6646=ADVANCED_FACE('',(#5858),#6265,.T.);
#6647=ADVANCED_FACE('',(#5859),#6266,.T.);
#6648=ADVANCED_FACE('',(#5860),#6267,.T.);
#6649=ADVANCED_FACE('',(#5861),#6268,.T.);
#6650=ADVANCED_FACE('',(#5862),#6269,.T.);
#6651=ADVANCED_FACE('',(#5863),#6270,.T.);
#6652=ADVANCED_FACE('',(#5864),#6271,.T.);
#6653=ADVANCED_FACE('',(#5865),#6272,.T.);
#6654=ADVANCED_FACE('',(#5866),#6273,.T.);
#6655=ADVANCED_FACE('',(#5867),#6274,.T.);
#6656=ADVANCED_FACE('',(#5868),#6275,.T.);
#6657=ADVANCED_FACE('',(#5869),#6276,.T.);
#6658=ADVANCED_FACE('',(#5870),#6277,.T.);
#6659=ADVANCED_FACE('',(#5871),#6278,.T.);
#6660=ADVANCED_FACE('',(#5872),#6279,.T.);
#6661=ADVANCED_FACE('',(#5873),#6280,.T.);
#6662=ADVANCED_FACE('',(#5874),#6281,.T.);
#6663=ADVANCED_FACE('',(#5875),#6282,.T.);
#6664=ADVANCED_FACE('',(#5876),#6283,.T.);
#6665=ADVANCED_FACE('',(#5877),#6284,.T.);
#6666=ADVANCED_FACE('',(#5878),#6285,.T.);
#6667=ADVANCED_FACE('',(#5879),#6286,.T.);
#6668=ADVANCED_FACE('',(#5880),#6287,.T.);
#6669=ADVANCED_FACE('',(#5881),#6288,.T.);
#6670=ADVANCED_FACE('',(#5882),#6289,.T.);
#6671=ADVANCED_FACE('',(#5883),#6290,.T.);
#6672=ADVANCED_FACE('',(#5884),#6291,.T.);
#6673=ADVANCED_FACE('',(#5885),#6292,.T.);
#6674=ADVANCED_FACE('',(#5886),#6293,.T.);
#6675=ADVANCED_FACE('',(#5887),#6294,.T.);
#6676=ADVANCED_FACE('',(#5888),#6295,.T.);
#6677=ADVANCED_FACE('',(#5889),#6296,.T.);
#6678=ADVANCED_FACE('',(#5890),#6297,.T.);
#6679=ADVANCED_FACE('',(#5891),#6298,.T.);
#6680=ADVANCED_FACE('',(#5892),#6299,.T.);
#6681=ADVANCED_FACE('',(#5893),#6300,.T.);
#6682=ADVANCED_FACE('',(#5894),#6301,.T.);
#6683=ADVANCED_FACE('',(#5895),#6302,.T.);
#6684=ADVANCED_FACE('',(#5896),#6303,.T.);
#6685=ADVANCED_FACE('',(#5897),#6304,.T.);
#6686=ADVANCED_FACE('',(#5898),#6305,.T.);
#6687=ADVANCED_FACE('',(#5899),#6306,.T.);
#6688=ADVANCED_FACE('',(#5900),#6307,.T.);
#6689=ADVANCED_FACE('',(#5901),#6308,.T.);
#6690=ADVANCED_FACE('',(#5902),#6309,.F.);
#6691=ADVANCED_FACE('',(#5903),#6310,.T.);
#6692=ADVANCED_FACE('',(#5904),#6311,.T.);
#6693=ADVANCED_FACE('',(#5905),#6312,.T.);
#6694=ADVANCED_FACE('',(#5906),#6313,.T.);
#6695=ADVANCED_FACE('',(#5907,#5908),#55,.F.);
#6696=ADVANCED_FACE('',(#5909),#6314,.F.);
#6697=ADVANCED_FACE('',(#5910),#6315,.F.);
#6698=ADVANCED_FACE('',(#5911),#6316,.F.);
#6699=ADVANCED_FACE('',(#5912),#6317,.T.);
#6700=ADVANCED_FACE('',(#5913),#6318,.T.);
#6701=ADVANCED_FACE('',(#5914),#6319,.T.);
#6702=ADVANCED_FACE('',(#5915),#6320,.T.);
#6703=ADVANCED_FACE('',(#5916),#6321,.T.);
#6704=ADVANCED_FACE('',(#5917),#6322,.T.);
#6705=ADVANCED_FACE('',(#5918),#6323,.T.);
#6706=ADVANCED_FACE('',(#5919),#6324,.F.);
#6707=ADVANCED_FACE('',(#5920),#6325,.F.);
#6708=ADVANCED_FACE('',(#5921),#6326,.F.);
#6709=ADVANCED_FACE('',(#5922),#6327,.F.);
#6710=ADVANCED_FACE('',(#5923),#6328,.F.);
#6711=ADVANCED_FACE('',(#5924),#6329,.F.);
#6712=ADVANCED_FACE('',(#5925,#5926),#6330,.T.);
#6713=ADVANCED_FACE('',(#5927),#6331,.F.);
#6714=ADVANCED_FACE('',(#5928),#6332,.F.);
#6715=ADVANCED_FACE('',(#5929),#6333,.F.);
#6716=ADVANCED_FACE('',(#5930),#6334,.F.);
#6717=ADVANCED_FACE('',(#5931,#5932),#6335,.T.);
#6718=ADVANCED_FACE('',(#5933),#6336,.F.);
#6719=ADVANCED_FACE('',(#5934),#6337,.F.);
#6720=ADVANCED_FACE('',(#5935),#6338,.F.);
#6721=ADVANCED_FACE('',(#5936,#5937),#6339,.T.);
#6722=ADVANCED_FACE('',(#5938),#6340,.F.);
#6723=ADVANCED_FACE('',(#5939),#6341,.F.);
#6724=ADVANCED_FACE('',(#5940),#6342,.F.);
#6725=ADVANCED_FACE('',(#5941),#6343,.F.);
#6726=ADVANCED_FACE('',(#5942,#5943),#6344,.T.);
#6727=ADVANCED_FACE('',(#5944,#5945),#56,.F.);
#6728=ADVANCED_FACE('',(#5946),#6345,.T.);
#6729=ADVANCED_FACE('',(#5947,#5948),#57,.F.);
#6730=ADVANCED_FACE('',(#5949),#6346,.T.);
#6731=ADVANCED_FACE('',(#5950,#5951),#58,.F.);
#6732=ADVANCED_FACE('',(#5952),#6347,.T.);
#6733=ADVANCED_FACE('',(#5953,#5954),#59,.F.);
#6734=ADVANCED_FACE('',(#5955),#6348,.T.);
#6735=ADVANCED_FACE('',(#5956),#6349,.T.);
#6736=ADVANCED_FACE('',(#5957),#6350,.T.);
#6737=ADVANCED_FACE('',(#5958),#6351,.T.);
#6738=ADVANCED_FACE('',(#5959),#6352,.T.);
#6739=ADVANCED_FACE('',(#5960),#6353,.T.);
#6740=ADVANCED_FACE('',(#5961),#6354,.F.);
#6741=ADVANCED_FACE('',(#5962),#6355,.F.);
#6742=ADVANCED_FACE('',(#5963),#6356,.F.);
#6743=ADVANCED_FACE('',(#5964),#6357,.T.);
#6744=ADVANCED_FACE('',(#5965),#6358,.F.);
#6745=ADVANCED_FACE('',(#5966),#6359,.F.);
#6746=ADVANCED_FACE('',(#5967),#6360,.F.);
#6747=ADVANCED_FACE('',(#5968,#5969),#6361,.T.);
#6748=ADVANCED_FACE('',(#5970),#6362,.F.);
#6749=ADVANCED_FACE('',(#5971),#6363,.F.);
#6750=ADVANCED_FACE('',(#5972),#6364,.F.);
#6751=ADVANCED_FACE('',(#5973),#6365,.F.);
#6752=ADVANCED_FACE('',(#5974,#5975),#6366,.T.);
#6753=ADVANCED_FACE('',(#5976,#5977),#60,.F.);
#6754=ADVANCED_FACE('',(#5978),#6367,.T.);
#6755=ADVANCED_FACE('',(#5979,#5980),#61,.F.);
#6756=ADVANCED_FACE('',(#5981),#6368,.T.);
#6757=ADVANCED_FACE('',(#5982),#6369,.F.);
#6758=ADVANCED_FACE('',(#5983),#6370,.F.);
#6759=ADVANCED_FACE('',(#5984,#5985),#62,.F.);
#6760=ADVANCED_FACE('',(#5986,#5987),#63,.F.);
#6761=ADVANCED_FACE('',(#5988,#5989),#64,.F.);
#6762=ADVANCED_FACE('',(#5990,#5991),#65,.F.);
#6763=ADVANCED_FACE('',(#5992),#6371,.T.);
#6764=ADVANCED_FACE('',(#5993),#6372,.T.);
#6765=ADVANCED_FACE('',(#5994),#6373,.T.);
#6766=ADVANCED_FACE('',(#5995),#6374,.T.);
#6767=ADVANCED_FACE('',(#5996),#6375,.T.);
#6768=ADVANCED_FACE('',(#5997),#6376,.T.);
#6769=CLOSED_SHELL('',(#6377,#6378,#6379,#6380,#6381,#6382,#6383,#6384,
#6385,#6386,#6387,#6388,#6389,#6390,#6391,#6392,#6393,#6394,#6395,#6396,
#6397,#6398,#6399,#6400,#6401,#6402,#6403,#6404,#6405,#6406,#6407,#6408,
#6409,#6410,#6411,#6412,#6413,#6414,#6415,#6416,#6417,#6418,#6419,#6420,
#6421,#6422,#6423,#6424,#6425,#6426,#6427,#6428,#6429,#6430,#6431,#6432,
#6433,#6434,#6435,#6436,#6437,#6438,#6439,#6440,#6441,#6442,#6443,#6444,
#6445,#6446,#6447,#6448,#6449,#6450,#6451,#6452,#6453,#6454,#6455,#6456,
#6457,#6458,#6459,#6460,#6461,#6462,#6463,#6464,#6465,#6466,#6467,#6468,
#6469,#6470,#6471,#6472,#6473,#6474,#6475,#6476,#6477,#6478,#6479,#6480,
#6481,#6482,#6483,#6484,#6485,#6486,#6487,#6488,#6489,#6490,#6491,#6492,
#6493,#6494,#6495,#6496,#6497,#6498,#6499,#6500,#6501,#6502,#6503,#6504,
#6505,#6506,#6507,#6508,#6509,#6510,#6511,#6512,#6513,#6514,#6515,#6516,
#6517,#6518,#6519,#6520,#6521,#6522,#6523,#6524,#6525,#6526,#6527,#6528,
#6529,#6530,#6531,#6532,#6533,#6534,#6535,#6536,#6537,#6538,#6539,#6540,
#6541,#6542,#6543,#6544,#6545,#6546,#6547,#6548,#6549,#6550,#6551,#6552,
#6553,#6554,#6555,#6556,#6557,#6558,#6559,#6560,#6561,#6562,#6563,#6564,
#6565,#6566,#6567,#6568,#6569,#6570,#6571,#6572,#6573,#6574,#6575,#6576,
#6577,#6578,#6579,#6580,#6581,#6582,#6583,#6584,#6585,#6586,#6587,#6588,
#6589,#6590,#6591,#6592,#6593,#6594,#6595,#6596,#6597,#6598,#6599,#6600,
#6601,#6602,#6603,#6604,#6605,#6606,#6607,#6608,#6609,#6610,#6611,#6612,
#6613,#6614,#6615,#6616,#6617,#6618,#6619,#6620,#6621,#6622,#6623,#6624,
#6625,#6626,#6627,#6628,#6629,#6630,#6631,#6632,#6633,#6634,#6635,#6636,
#6637,#6638,#6639,#6640,#6641,#6642,#6643,#6644,#6645,#6646,#6647,#6648,
#6649,#6650,#6651,#6652,#6653,#6654,#6655,#6656,#6657,#6658,#6659,#6660,
#6661,#6662,#6663,#6664,#6665,#6666,#6667,#6668,#6669,#6670,#6671,#6672,
#6673,#6674,#6675,#6676,#6677,#6678,#6679,#6680,#6681,#6682,#6683,#6684,
#6685,#6686,#6687,#6688,#6689,#6690,#6691,#6692,#6693,#6694,#6695,#6696,
#6697,#6698,#6699,#6700,#6701,#6702,#6703,#6704,#6705,#6706,#6707,#6708,
#6709,#6710,#6711,#6712,#6713,#6714,#6715,#6716,#6717,#6718,#6719,#6720,
#6721,#6722,#6723,#6724,#6725,#6726,#6727,#6728,#6729,#6730,#6731,#6732,
#6733,#6734,#6735,#6736,#6737,#6738,#6739,#6740,#6741,#6742,#6743,#6744,
#6745,#6746,#6747,#6748,#6749,#6750,#6751,#6752,#6753,#6754,#6755,#6756,
#6757,#6758,#6759,#6760,#6761,#6762));
#6770=CLOSED_SHELL('',(#6763,#6764,#6765,#6766,#6767,#6768));
#6771=STYLED_ITEM('',(#6772),#6779);
#6772=PRESENTATION_STYLE_ASSIGNMENT((#6773));
#6773=SURFACE_STYLE_USAGE(.BOTH.,#6774);
#6774=SURFACE_SIDE_STYLE('',(#6775));
#6775=SURFACE_STYLE_FILL_AREA(#6776);
#6776=FILL_AREA_STYLE('',(#6777));
#6777=FILL_AREA_STYLE_COLOUR('',#6778);
#6778=COLOUR_RGB('',0.160769054703594,0.141176470588235,0.133318074311437);
#6779=BREP_WITH_VOIDS('',#6769,(#52));
#6780=SHAPE_DEFINITION_REPRESENTATION(#10840,#6781);
#6781=SHAPE_REPRESENTATION('1541_Blende',(#6782),#10835);
#6782=AXIS2_PLACEMENT_3D('',#8955,#7217,#7218);
#6783=AXIS2_PLACEMENT_3D('',#8956,#7219,#7220);
#6784=AXIS2_PLACEMENT_3D('',#8965,#7225,#7226);
#6785=AXIS2_PLACEMENT_3D('',#8971,#7230,#7231);
#6786=AXIS2_PLACEMENT_3D('',#8992,#7242,#7243);
#6787=AXIS2_PLACEMENT_3D('',#9003,#7249,#7250);
#6788=AXIS2_PLACEMENT_3D('',#9006,#7253,#7254);
#6789=AXIS2_PLACEMENT_3D('',#9016,#7260,#7261);
#6790=AXIS2_PLACEMENT_3D('',#9022,#7265,#7266);
#6791=AXIS2_PLACEMENT_3D('',#9036,#7274,#7275);
#6792=AXIS2_PLACEMENT_3D('',#9042,#7279,#7280);
#6793=AXIS2_PLACEMENT_3D('',#9067,#7293,#7294);
#6794=AXIS2_PLACEMENT_3D('',#9073,#7298,#7299);
#6795=AXIS2_PLACEMENT_3D('',#9079,#7303,#7304);
#6796=AXIS2_PLACEMENT_3D('',#9085,#7308,#7309);
#6797=AXIS2_PLACEMENT_3D('',#9091,#7313,#7314);
#6798=AXIS2_PLACEMENT_3D('',#9097,#7318,#7319);
#6799=AXIS2_PLACEMENT_3D('',#9100,#7322,#7323);
#6800=AXIS2_PLACEMENT_3D('',#9109,#7326,#7327);
#6801=AXIS2_PLACEMENT_3D('',#9113,#7330,#7331);
#6802=AXIS2_PLACEMENT_3D('',#9119,#7335,#7336);
#6803=AXIS2_PLACEMENT_3D('',#9125,#7340,#7341);
#6804=AXIS2_PLACEMENT_3D('',#9129,#7344,#7345);
#6805=AXIS2_PLACEMENT_3D('',#9133,#7348,#7349);
#6806=AXIS2_PLACEMENT_3D('',#9138,#7353,#7354);
#6807=AXIS2_PLACEMENT_3D('',#9140,#7356,#7357);
#6808=AXIS2_PLACEMENT_3D('',#9142,#7359,#7360);
#6809=AXIS2_PLACEMENT_3D('',#9173,#7376,#7377);
#6810=AXIS2_PLACEMENT_3D('',#9179,#7381,#7382);
#6811=AXIS2_PLACEMENT_3D('',#9185,#7386,#7387);
#6812=AXIS2_PLACEMENT_3D('',#9191,#7391,#7392);
#6813=AXIS2_PLACEMENT_3D('',#9197,#7396,#7397);
#6814=AXIS2_PLACEMENT_3D('',#9203,#7401,#7402);
#6815=AXIS2_PLACEMENT_3D('',#9206,#7405,#7406);
#6816=AXIS2_PLACEMENT_3D('',#9208,#7408,#7409);
#6817=AXIS2_PLACEMENT_3D('',#9212,#7412,#7413);
#6818=AXIS2_PLACEMENT_3D('',#9218,#7417,#7418);
#6819=AXIS2_PLACEMENT_3D('',#9222,#7421,#7422);
#6820=AXIS2_PLACEMENT_3D('',#9226,#7425,#7426);
#6821=AXIS2_PLACEMENT_3D('',#9232,#7430,#7431);
#6822=AXIS2_PLACEMENT_3D('',#9238,#7435,#7436);
#6823=AXIS2_PLACEMENT_3D('',#9245,#7438,#7439);
#6824=AXIS2_PLACEMENT_3D('',#9248,#7442,#7443);
#6825=AXIS2_PLACEMENT_3D('',#9257,#7449,#7450);
#6826=AXIS2_PLACEMENT_3D('',#9268,#7456,#7457);
#6827=AXIS2_PLACEMENT_3D('',#9277,#7462,#7463);
#6828=AXIS2_PLACEMENT_3D('',#9287,#7469,#7470);
#6829=AXIS2_PLACEMENT_3D('',#9293,#7474,#7475);
#6830=AXIS2_PLACEMENT_3D('',#9302,#7480,#7481);
#6831=AXIS2_PLACEMENT_3D('',#9309,#7486,#7487);
#6832=AXIS2_PLACEMENT_3D('',#9320,#7493,#7494);
#6833=AXIS2_PLACEMENT_3D('',#9330,#7500,#7501);
#6834=AXIS2_PLACEMENT_3D('',#9333,#7504,#7505);
#6835=AXIS2_PLACEMENT_3D('',#9341,#7510,#7511);
#6836=AXIS2_PLACEMENT_3D('',#9346,#7516,#7517);
#6837=AXIS2_PLACEMENT_3D('',#9396,#7543,#7544);
#6838=AXIS2_PLACEMENT_3D('',#9405,#7549,#7550);
#6839=AXIS2_PLACEMENT_3D('',#9411,#7554,#7555);
#6840=AXIS2_PLACEMENT_3D('',#9415,#7558,#7559);
#6841=AXIS2_PLACEMENT_3D('',#9419,#7562,#7563);
#6842=AXIS2_PLACEMENT_3D('',#9421,#7565,#7566);
#6843=AXIS2_PLACEMENT_3D('',#9422,#7567,#7568);
#6844=AXIS2_PLACEMENT_3D('',#9424,#7569,#7570);
#6845=AXIS2_PLACEMENT_3D('',#9439,#7578,#7579);
#6846=AXIS2_PLACEMENT_3D('',#9454,#7587,#7588);
#6847=AXIS2_PLACEMENT_3D('',#9466,#7595,#7596);
#6848=AXIS2_PLACEMENT_3D('',#9472,#7600,#7601);
#6849=AXIS2_PLACEMENT_3D('',#9478,#7605,#7606);
#6850=AXIS2_PLACEMENT_3D('',#9484,#7610,#7611);
#6851=AXIS2_PLACEMENT_3D('',#9490,#7615,#7616);
#6852=AXIS2_PLACEMENT_3D('',#9496,#7620,#7621);
#6853=AXIS2_PLACEMENT_3D('',#9503,#7626,#7627);
#6854=AXIS2_PLACEMENT_3D('',#9504,#7628,#7629);
#6855=AXIS2_PLACEMENT_3D('',#9508,#7631,#7632);
#6856=AXIS2_PLACEMENT_3D('',#9509,#7633,#7634);
#6857=AXIS2_PLACEMENT_3D('',#9513,#7636,#7637);
#6858=AXIS2_PLACEMENT_3D('',#9514,#7638,#7639);
#6859=AXIS2_PLACEMENT_3D('',#9515,#7640,#7641);
#6860=AXIS2_PLACEMENT_3D('',#9518,#7644,#7645);
#6861=AXIS2_PLACEMENT_3D('',#9533,#7654,#7655);
#6862=AXIS2_PLACEMENT_3D('',#9550,#7664,#7665);
#6863=AXIS2_PLACEMENT_3D('',#9556,#7669,#7670);
#6864=AXIS2_PLACEMENT_3D('',#9565,#7675,#7676);
#6865=AXIS2_PLACEMENT_3D('',#9571,#7680,#7681);
#6866=AXIS2_PLACEMENT_3D('',#9577,#7685,#7686);
#6867=AXIS2_PLACEMENT_3D('',#9580,#7689,#7690);
#6868=AXIS2_PLACEMENT_3D('',#9597,#7699,#7700);
#6869=AXIS2_PLACEMENT_3D('',#9606,#7706,#7707);
#6870=AXIS2_PLACEMENT_3D('',#9610,#7710,#7711);
#6871=AXIS2_PLACEMENT_3D('',#9644,#7729,#7730);
#6872=AXIS2_PLACEMENT_3D('',#9648,#7733,#7734);
#6873=AXIS2_PLACEMENT_3D('',#9652,#7737,#7738);
#6874=AXIS2_PLACEMENT_3D('',#9656,#7741,#7742);
#6875=AXIS2_PLACEMENT_3D('',#9660,#7745,#7746);
#6876=AXIS2_PLACEMENT_3D('',#9664,#7749,#7750);
#6877=AXIS2_PLACEMENT_3D('',#9668,#7753,#7754);
#6878=AXIS2_PLACEMENT_3D('',#9672,#7757,#7758);
#6879=AXIS2_PLACEMENT_3D('',#9676,#7761,#7762);
#6880=AXIS2_PLACEMENT_3D('',#9680,#7765,#7766);
#6881=AXIS2_PLACEMENT_3D('',#9684,#7769,#7770);
#6882=AXIS2_PLACEMENT_3D('',#9688,#7773,#7774);
#6883=AXIS2_PLACEMENT_3D('',#9692,#7777,#7778);
#6884=AXIS2_PLACEMENT_3D('',#9696,#7781,#7782);
#6885=AXIS2_PLACEMENT_3D('',#9700,#7785,#7786);
#6886=AXIS2_PLACEMENT_3D('',#9704,#7789,#7790);
#6887=AXIS2_PLACEMENT_3D('',#9710,#7794,#7795);
#6888=AXIS2_PLACEMENT_3D('',#9718,#7801,#7802);
#6889=AXIS2_PLACEMENT_3D('',#9726,#7808,#7809);
#6890=AXIS2_PLACEMENT_3D('',#9727,#7810,#7811);
#6891=AXIS2_PLACEMENT_3D('',#9741,#7819,#7820);
#6892=AXIS2_PLACEMENT_3D('',#9743,#7821,#7822);
#6893=AXIS2_PLACEMENT_3D('',#9765,#7835,#7836);
#6894=AXIS2_PLACEMENT_3D('',#9769,#7839,#7840);
#6895=AXIS2_PLACEMENT_3D('',#9771,#7842,#7843);
#6896=AXIS2_PLACEMENT_3D('',#9780,#7848,#7849);
#6897=AXIS2_PLACEMENT_3D('',#9782,#7851,#7852);
#6898=AXIS2_PLACEMENT_3D('',#9784,#7854,#7855);
#6899=AXIS2_PLACEMENT_3D('',#9786,#7857,#7858);
#6900=AXIS2_PLACEMENT_3D('',#9794,#7864,#7865);
#6901=AXIS2_PLACEMENT_3D('',#9798,#7868,#7869);
#6902=AXIS2_PLACEMENT_3D('',#9807,#7874,#7875);
#6903=AXIS2_PLACEMENT_3D('',#9811,#7878,#7879);
#6904=AXIS2_PLACEMENT_3D('',#9812,#7880,#7881);
#6905=AXIS2_PLACEMENT_3D('',#9833,#7893,#7894);
#6906=AXIS2_PLACEMENT_3D('',#9837,#7897,#7898);
#6907=AXIS2_PLACEMENT_3D('',#9841,#7901,#7902);
#6908=AXIS2_PLACEMENT_3D('',#9843,#7904,#7905);
#6909=AXIS2_PLACEMENT_3D('',#9847,#7908,#7909);
#6910=AXIS2_PLACEMENT_3D('',#9853,#7913,#7914);
#6911=AXIS2_PLACEMENT_3D('',#9854,#7915,#7916);
#6912=AXIS2_PLACEMENT_3D('',#9856,#7917,#7918);
#6913=AXIS2_PLACEMENT_3D('',#9865,#7923,#7924);
#6914=AXIS2_PLACEMENT_3D('',#9866,#7925,#7926);
#6915=AXIS2_PLACEMENT_3D('',#9870,#7929,#7930);
#6916=AXIS2_PLACEMENT_3D('',#9874,#7933,#7934);
#6917=AXIS2_PLACEMENT_3D('',#9876,#7936,#7937);
#6918=AXIS2_PLACEMENT_3D('',#9877,#7938,#7939);
#6919=AXIS2_PLACEMENT_3D('',#9881,#7942,#7943);
#6920=AXIS2_PLACEMENT_3D('',#9887,#7947,#7948);
#6921=AXIS2_PLACEMENT_3D('',#9889,#7950,#7951);
#6922=AXIS2_PLACEMENT_3D('',#9891,#7953,#7954);
#6923=AXIS2_PLACEMENT_3D('',#9892,#7955,#7956);
#6924=AXIS2_PLACEMENT_3D('',#9896,#7959,#7960);
#6925=AXIS2_PLACEMENT_3D('',#9923,#7975,#7976);
#6926=AXIS2_PLACEMENT_3D('',#9924,#7977,#7978);
#6927=AXIS2_PLACEMENT_3D('',#9926,#7979,#7980);
#6928=AXIS2_PLACEMENT_3D('',#9933,#7984,#7985);
#6929=AXIS2_PLACEMENT_3D('',#9935,#7987,#7988);
#6930=AXIS2_PLACEMENT_3D('',#9937,#7990,#7991);
#6931=AXIS2_PLACEMENT_3D('',#9938,#7992,#7993);
#6932=AXIS2_PLACEMENT_3D('',#9940,#7994,#7995);
#6933=AXIS2_PLACEMENT_3D('',#9947,#7999,#8000);
#6934=AXIS2_PLACEMENT_3D('',#9951,#8003,#8004);
#6935=AXIS2_PLACEMENT_3D('',#9953,#8006,#8007);
#6936=AXIS2_PLACEMENT_3D('',#9955,#8009,#8010);
#6937=AXIS2_PLACEMENT_3D('',#9959,#8013,#8014);
#6938=AXIS2_PLACEMENT_3D('',#9963,#8017,#8018);
#6939=AXIS2_PLACEMENT_3D('',#9967,#8021,#8022);
#6940=AXIS2_PLACEMENT_3D('',#9971,#8025,#8026);
#6941=AXIS2_PLACEMENT_3D('',#9975,#8029,#8030);
#6942=AXIS2_PLACEMENT_3D('',#9979,#8033,#8034);
#6943=AXIS2_PLACEMENT_3D('',#9983,#8037,#8038);
#6944=AXIS2_PLACEMENT_3D('',#9987,#8041,#8042);
#6945=AXIS2_PLACEMENT_3D('',#9991,#8045,#8046);
#6946=AXIS2_PLACEMENT_3D('',#9995,#8049,#8050);
#6947=AXIS2_PLACEMENT_3D('',#9999,#8053,#8054);
#6948=AXIS2_PLACEMENT_3D('',#10003,#8057,#8058);
#6949=AXIS2_PLACEMENT_3D('',#10005,#8060,#8061);
#6950=AXIS2_PLACEMENT_3D('',#10014,#8066,#8067);
#6951=AXIS2_PLACEMENT_3D('',#10020,#8071,#8072);
#6952=AXIS2_PLACEMENT_3D('',#10029,#8077,#8078);
#6953=AXIS2_PLACEMENT_3D('',#10035,#8082,#8083);
#6954=AXIS2_PLACEMENT_3D('',#10041,#8087,#8088);
#6955=AXIS2_PLACEMENT_3D('',#10047,#8092,#8093);
#6956=AXIS2_PLACEMENT_3D('',#10053,#8097,#8098);
#6957=AXIS2_PLACEMENT_3D('',#10056,#8101,#8102);
#6958=AXIS2_PLACEMENT_3D('',#10058,#8104,#8105);
#6959=AXIS2_PLACEMENT_3D('',#10060,#8107,#8108);
#6960=AXIS2_PLACEMENT_3D('',#10064,#8111,#8112);
#6961=AXIS2_PLACEMENT_3D('',#10066,#8114,#8115);
#6962=AXIS2_PLACEMENT_3D('',#10070,#8118,#8119);
#6963=AXIS2_PLACEMENT_3D('',#10074,#8122,#8123);
#6964=AXIS2_PLACEMENT_3D('',#10076,#8125,#8126);
#6965=AXIS2_PLACEMENT_3D('',#10079,#8129,#8130);
#6966=AXIS2_PLACEMENT_3D('',#10081,#8132,#8133);
#6967=AXIS2_PLACEMENT_3D('',#10085,#8136,#8137);
#6968=AXIS2_PLACEMENT_3D('',#10087,#8139,#8140);
#6969=AXIS2_PLACEMENT_3D('',#10089,#8142,#8143);
#6970=AXIS2_PLACEMENT_3D('',#10091,#8145,#8146);
#6971=AXIS2_PLACEMENT_3D('',#10093,#8148,#8149);
#6972=AXIS2_PLACEMENT_3D('',#10095,#8151,#8152);
#6973=AXIS2_PLACEMENT_3D('',#10097,#8154,#8155);
#6974=AXIS2_PLACEMENT_3D('',#10099,#8157,#8158);
#6975=AXIS2_PLACEMENT_3D('',#10101,#8160,#8161);
#6976=AXIS2_PLACEMENT_3D('',#10103,#8163,#8164);
#6977=AXIS2_PLACEMENT_3D('',#10105,#8166,#8167);
#6978=AXIS2_PLACEMENT_3D('',#10107,#8169,#8170);
#6979=AXIS2_PLACEMENT_3D('',#10109,#8172,#8173);
#6980=AXIS2_PLACEMENT_3D('',#10111,#8175,#8176);
#6981=AXIS2_PLACEMENT_3D('',#10113,#8178,#8179);
#6982=AXIS2_PLACEMENT_3D('',#10115,#8181,#8182);
#6983=AXIS2_PLACEMENT_3D('',#10117,#8184,#8185);
#6984=AXIS2_PLACEMENT_3D('',#10119,#8187,#8188);
#6985=AXIS2_PLACEMENT_3D('',#10121,#8190,#8191);
#6986=AXIS2_PLACEMENT_3D('',#10125,#8194,#8195);
#6987=AXIS2_PLACEMENT_3D('',#10127,#8197,#8198);
#6988=AXIS2_PLACEMENT_3D('',#10131,#8201,#8202);
#6989=AXIS2_PLACEMENT_3D('',#10133,#8204,#8205);
#6990=AXIS2_PLACEMENT_3D('',#10137,#8208,#8209);
#6991=AXIS2_PLACEMENT_3D('',#10139,#8211,#8212);
#6992=AXIS2_PLACEMENT_3D('',#10143,#8215,#8216);
#6993=AXIS2_PLACEMENT_3D('',#10145,#8218,#8219);
#6994=AXIS2_PLACEMENT_3D('',#10149,#8222,#8223);
#6995=AXIS2_PLACEMENT_3D('',#10151,#8225,#8226);
#6996=AXIS2_PLACEMENT_3D('',#10154,#8229,#8230);
#6997=AXIS2_PLACEMENT_3D('',#10155,#8231,#8232);
#6998=AXIS2_PLACEMENT_3D('',#10164,#8237,#8238);
#6999=AXIS2_PLACEMENT_3D('',#10173,#8243,#8244);
#7000=AXIS2_PLACEMENT_3D('',#10180,#8248,#8249);
#7001=AXIS2_PLACEMENT_3D('',#10184,#8252,#8253);
#7002=AXIS2_PLACEMENT_3D('',#10188,#8256,#8257);
#7003=AXIS2_PLACEMENT_3D('',#10191,#8260,#8261);
#7004=AXIS2_PLACEMENT_3D('',#10193,#8263,#8264);
#7005=AXIS2_PLACEMENT_3D('',#10197,#8267,#8268);
#7006=AXIS2_PLACEMENT_3D('',#10199,#8270,#8271);
#7007=AXIS2_PLACEMENT_3D('',#10202,#8274,#8275);
#7008=AXIS2_PLACEMENT_3D('',#10204,#8277,#8278);
#7009=AXIS2_PLACEMENT_3D('',#10206,#8280,#8281);
#7010=AXIS2_PLACEMENT_3D('',#10210,#8284,#8285);
#7011=AXIS2_PLACEMENT_3D('',#10216,#8289,#8290);
#7012=AXIS2_PLACEMENT_3D('',#10218,#8292,#8293);
#7013=AXIS2_PLACEMENT_3D('',#10220,#8295,#8296);
#7014=AXIS2_PLACEMENT_3D('',#10224,#8299,#8300);
#7015=AXIS2_PLACEMENT_3D('',#10228,#8303,#8304);
#7016=AXIS2_PLACEMENT_3D('',#10230,#8306,#8307);
#7017=AXIS2_PLACEMENT_3D('',#10236,#8311,#8312);
#7018=AXIS2_PLACEMENT_3D('',#10239,#8315,#8316);
#7019=AXIS2_PLACEMENT_3D('',#10243,#8319,#8320);
#7020=AXIS2_PLACEMENT_3D('',#10245,#8322,#8323);
#7021=AXIS2_PLACEMENT_3D('',#10249,#8326,#8327);
#7022=AXIS2_PLACEMENT_3D('',#10251,#8329,#8330);
#7023=AXIS2_PLACEMENT_3D('',#10253,#8332,#8333);
#7024=AXIS2_PLACEMENT_3D('',#10257,#8336,#8337);
#7025=AXIS2_PLACEMENT_3D('',#10259,#8339,#8340);
#7026=AXIS2_PLACEMENT_3D('',#10261,#8342,#8343);
#7027=AXIS2_PLACEMENT_3D('',#10263,#8345,#8346);
#7028=AXIS2_PLACEMENT_3D('',#10265,#8348,#8349);
#7029=AXIS2_PLACEMENT_3D('',#10267,#8351,#8352);
#7030=AXIS2_PLACEMENT_3D('',#10269,#8354,#8355);
#7031=AXIS2_PLACEMENT_3D('',#10271,#8357,#8358);
#7032=AXIS2_PLACEMENT_3D('',#10273,#8360,#8361);
#7033=AXIS2_PLACEMENT_3D('',#10275,#8363,#8364);
#7034=AXIS2_PLACEMENT_3D('',#10281,#8368,#8369);
#7035=AXIS2_PLACEMENT_3D('',#10283,#8371,#8372);
#7036=AXIS2_PLACEMENT_3D('',#10285,#8374,#8375);
#7037=AXIS2_PLACEMENT_3D('',#10287,#8377,#8378);
#7038=AXIS2_PLACEMENT_3D('',#10289,#8380,#8381);
#7039=AXIS2_PLACEMENT_3D('',#10291,#8383,#8384);
#7040=AXIS2_PLACEMENT_3D('',#10293,#8386,#8387);
#7041=AXIS2_PLACEMENT_3D('',#10295,#8389,#8390);
#7042=AXIS2_PLACEMENT_3D('',#10297,#8392,#8393);
#7043=AXIS2_PLACEMENT_3D('',#10299,#8395,#8396);
#7044=AXIS2_PLACEMENT_3D('',#10303,#8399,#8400);
#7045=AXIS2_PLACEMENT_3D('',#10306,#8403,#8404);
#7046=AXIS2_PLACEMENT_3D('',#10308,#8406,#8407);
#7047=AXIS2_PLACEMENT_3D('',#10309,#8408,#8409);
#7048=AXIS2_PLACEMENT_3D('',#10311,#8411,#8412);
#7049=AXIS2_PLACEMENT_3D('',#10313,#8414,#8415);
#7050=AXIS2_PLACEMENT_3D('',#10315,#8417,#8418);
#7051=AXIS2_PLACEMENT_3D('',#10317,#8420,#8421);
#7052=AXIS2_PLACEMENT_3D('',#10319,#8423,#8424);
#7053=AXIS2_PLACEMENT_3D('',#10320,#8425,#8426);
#7054=AXIS2_PLACEMENT_3D('',#10324,#8429,#8430);
#7055=AXIS2_PLACEMENT_3D('',#10326,#8432,#8433);
#7056=AXIS2_PLACEMENT_3D('',#10328,#8435,#8436);
#7057=AXIS2_PLACEMENT_3D('',#10332,#8439,#8440);
#7058=AXIS2_PLACEMENT_3D('',#10334,#8442,#8443);
#7059=AXIS2_PLACEMENT_3D('',#10336,#8445,#8446);
#7060=AXIS2_PLACEMENT_3D('',#10338,#8448,#8449);
#7061=AXIS2_PLACEMENT_3D('',#10342,#8452,#8453);
#7062=AXIS2_PLACEMENT_3D('',#10344,#8455,#8456);
#7063=AXIS2_PLACEMENT_3D('',#10346,#8458,#8459);
#7064=AXIS2_PLACEMENT_3D('',#10348,#8461,#8462);
#7065=AXIS2_PLACEMENT_3D('',#10349,#8463,#8464);
#7066=AXIS2_PLACEMENT_3D('',#10355,#8468,#8469);
#7067=AXIS2_PLACEMENT_3D('',#10357,#8471,#8472);
#7068=AXIS2_PLACEMENT_3D('',#10361,#8475,#8476);
#7069=AXIS2_PLACEMENT_3D('',#10367,#8481,#8482);
#7070=AXIS2_PLACEMENT_3D('',#10376,#8487,#8488);
#7071=AXIS2_PLACEMENT_3D('',#10381,#8493,#8494);
#7072=AXIS2_PLACEMENT_3D('',#10383,#8496,#8497);
#7073=AXIS2_PLACEMENT_3D('',#10385,#8499,#8500);
#7074=AXIS2_PLACEMENT_3D('',#10386,#8501,#8502);
#7075=AXIS2_PLACEMENT_3D('',#10399,#8509,#8510);
#7076=AXIS2_PLACEMENT_3D('',#10402,#8513,#8514);
#7077=AXIS2_PLACEMENT_3D('',#10406,#8517,#8518);
#7078=AXIS2_PLACEMENT_3D('',#10412,#8522,#8523);
#7079=AXIS2_PLACEMENT_3D('',#10418,#8527,#8528);
#7080=AXIS2_PLACEMENT_3D('',#10424,#8532,#8533);
#7081=AXIS2_PLACEMENT_3D('',#10428,#8536,#8537);
#7082=AXIS2_PLACEMENT_3D('',#10434,#8541,#8542);
#7083=AXIS2_PLACEMENT_3D('',#10437,#8545,#8546);
#7084=AXIS2_PLACEMENT_3D('',#10438,#8547,#8548);
#7085=AXIS2_PLACEMENT_3D('',#10444,#8552,#8553);
#7086=AXIS2_PLACEMENT_3D('',#10464,#8564,#8565);
#7087=AXIS2_PLACEMENT_3D('',#10468,#8568,#8569);
#7088=AXIS2_PLACEMENT_3D('',#10488,#8580,#8581);
#7089=AXIS2_PLACEMENT_3D('',#10506,#8591,#8592);
#7090=AXIS2_PLACEMENT_3D('',#10513,#8597,#8598);
#7091=AXIS2_PLACEMENT_3D('',#10518,#8602,#8603);
#7092=AXIS2_PLACEMENT_3D('',#10533,#8612,#8613);
#7093=AXIS2_PLACEMENT_3D('',#10536,#8616,#8617);
#7094=AXIS2_PLACEMENT_3D('',#10537,#8618,#8619);
#7095=AXIS2_PLACEMENT_3D('',#10540,#8622,#8623);
#7096=AXIS2_PLACEMENT_3D('',#10541,#8624,#8625);
#7097=AXIS2_PLACEMENT_3D('',#10544,#8628,#8629);
#7098=AXIS2_PLACEMENT_3D('',#10545,#8630,#8631);
#7099=AXIS2_PLACEMENT_3D('',#10549,#8634,#8635);
#7100=AXIS2_PLACEMENT_3D('',#10552,#8638,#8639);
#7101=AXIS2_PLACEMENT_3D('',#10553,#8640,#8641);
#7102=AXIS2_PLACEMENT_3D('',#10557,#8644,#8645);
#7103=AXIS2_PLACEMENT_3D('',#10559,#8647,#8648);
#7104=AXIS2_PLACEMENT_3D('',#10560,#8649,#8650);
#7105=AXIS2_PLACEMENT_3D('',#10564,#8653,#8654);
#7106=AXIS2_PLACEMENT_3D('',#10566,#8656,#8657);
#7107=AXIS2_PLACEMENT_3D('',#10567,#8658,#8659);
#7108=AXIS2_PLACEMENT_3D('',#10571,#8662,#8663);
#7109=AXIS2_PLACEMENT_3D('',#10573,#8665,#8666);
#7110=AXIS2_PLACEMENT_3D('',#10574,#8667,#8668);
#7111=AXIS2_PLACEMENT_3D('',#10575,#8669,#8670);
#7112=AXIS2_PLACEMENT_3D('',#10577,#8672,#8673);
#7113=AXIS2_PLACEMENT_3D('',#10581,#8676,#8677);
#7114=AXIS2_PLACEMENT_3D('',#10585,#8680,#8681);
#7115=AXIS2_PLACEMENT_3D('',#10587,#8683,#8684);
#7116=AXIS2_PLACEMENT_3D('',#10588,#8685,#8686);
#7117=AXIS2_PLACEMENT_3D('',#10590,#8688,#8689);
#7118=AXIS2_PLACEMENT_3D('',#10592,#8691,#8692);
#7119=AXIS2_PLACEMENT_3D('',#10593,#8693,#8694);
#7120=AXIS2_PLACEMENT_3D('',#10594,#8695,#8696);
#7121=AXIS2_PLACEMENT_3D('',#10595,#8697,#8698);
#7122=AXIS2_PLACEMENT_3D('',#10598,#8701,#8702);
#7123=AXIS2_PLACEMENT_3D('',#10601,#8705,#8706);
#7124=AXIS2_PLACEMENT_3D('',#10603,#8708,#8709);
#7125=AXIS2_PLACEMENT_3D('',#10605,#8711,#8712);
#7126=AXIS2_PLACEMENT_3D('',#10606,#8713,#8714);
#7127=AXIS2_PLACEMENT_3D('',#10610,#8717,#8718);
#7128=AXIS2_PLACEMENT_3D('',#10612,#8720,#8721);
#7129=AXIS2_PLACEMENT_3D('',#10613,#8722,#8723);
#7130=AXIS2_PLACEMENT_3D('',#10619,#8727,#8728);
#7131=AXIS2_PLACEMENT_3D('',#10623,#8731,#8732);
#7132=AXIS2_PLACEMENT_3D('',#10627,#8735,#8736);
#7133=AXIS2_PLACEMENT_3D('',#10628,#8737,#8738);
#7134=AXIS2_PLACEMENT_3D('',#10631,#8740,#8741);
#7135=AXIS2_PLACEMENT_3D('',#10637,#8745,#8746);
#7136=AXIS2_PLACEMENT_3D('',#10643,#8750,#8751);
#7137=AXIS2_PLACEMENT_3D('',#10647,#8754,#8755);
#7138=AXIS2_PLACEMENT_3D('',#10651,#8758,#8759);
#7139=AXIS2_PLACEMENT_3D('',#10652,#8760,#8761);
#7140=AXIS2_PLACEMENT_3D('',#10655,#8763,#8764);
#7141=AXIS2_PLACEMENT_3D('',#10661,#8768,#8769);
#7142=AXIS2_PLACEMENT_3D('',#10665,#8772,#8773);
#7143=AXIS2_PLACEMENT_3D('',#10669,#8776,#8777);
#7144=AXIS2_PLACEMENT_3D('',#10670,#8778,#8779);
#7145=AXIS2_PLACEMENT_3D('',#10673,#8781,#8782);
#7146=AXIS2_PLACEMENT_3D('',#10679,#8786,#8787);
#7147=AXIS2_PLACEMENT_3D('',#10685,#8791,#8792);
#7148=AXIS2_PLACEMENT_3D('',#10689,#8795,#8796);
#7149=AXIS2_PLACEMENT_3D('',#10693,#8799,#8800);
#7150=AXIS2_PLACEMENT_3D('',#10694,#8801,#8802);
#7151=AXIS2_PLACEMENT_3D('',#10697,#8804,#8805);
#7152=AXIS2_PLACEMENT_3D('',#10698,#8806,#8807);
#7153=AXIS2_PLACEMENT_3D('',#10700,#8808,#8809);
#7154=AXIS2_PLACEMENT_3D('',#10701,#8810,#8811);
#7155=AXIS2_PLACEMENT_3D('',#10702,#8812,#8813);
#7156=AXIS2_PLACEMENT_3D('',#10704,#8814,#8815);
#7157=AXIS2_PLACEMENT_3D('',#10705,#8816,#8817);
#7158=AXIS2_PLACEMENT_3D('',#10706,#8818,#8819);
#7159=AXIS2_PLACEMENT_3D('',#10708,#8820,#8821);
#7160=AXIS2_PLACEMENT_3D('',#10709,#8822,#8823);
#7161=AXIS2_PLACEMENT_3D('',#10710,#8824,#8825);
#7162=AXIS2_PLACEMENT_3D('',#10712,#8826,#8827);
#7163=AXIS2_PLACEMENT_3D('',#10713,#8828,#8829);
#7164=AXIS2_PLACEMENT_3D('',#10714,#8830,#8831);
#7165=AXIS2_PLACEMENT_3D('',#10715,#8832,#8833);
#7166=AXIS2_PLACEMENT_3D('',#10716,#8834,#8835);
#7167=AXIS2_PLACEMENT_3D('',#10717,#8836,#8837);
#7168=AXIS2_PLACEMENT_3D('',#10718,#8838,#8839);
#7169=AXIS2_PLACEMENT_3D('',#10719,#8840,#8841);
#7170=AXIS2_PLACEMENT_3D('',#10725,#8845,#8846);
#7171=AXIS2_PLACEMENT_3D('',#10727,#8848,#8849);
#7172=AXIS2_PLACEMENT_3D('',#10728,#8850,#8851);
#7173=AXIS2_PLACEMENT_3D('',#10737,#8856,#8857);
#7174=AXIS2_PLACEMENT_3D('',#10742,#8861,#8862);
#7175=AXIS2_PLACEMENT_3D('',#10747,#8866,#8867);
#7176=AXIS2_PLACEMENT_3D('',#10748,#8868,#8869);
#7177=AXIS2_PLACEMENT_3D('',#10750,#8870,#8871);
#7178=AXIS2_PLACEMENT_3D('',#10752,#8873,#8874);
#7179=AXIS2_PLACEMENT_3D('',#10758,#8878,#8879);
#7180=AXIS2_PLACEMENT_3D('',#10764,#8883,#8884);
#7181=AXIS2_PLACEMENT_3D('',#10767,#8887,#8888);
#7182=AXIS2_PLACEMENT_3D('',#10768,#8889,#8890);
#7183=AXIS2_PLACEMENT_3D('',#10770,#8891,#8892);
#7184=AXIS2_PLACEMENT_3D('',#10771,#8893,#8894);
#7185=AXIS2_PLACEMENT_3D('',#10773,#8895,#8896);
#7186=AXIS2_PLACEMENT_3D('',#10774,#8897,#8898);
#7187=AXIS2_PLACEMENT_3D('',#10775,#8899,#8900);
#7188=AXIS2_PLACEMENT_3D('',#10777,#8901,#8902);
#7189=AXIS2_PLACEMENT_3D('',#10778,#8903,#8904);
#7190=AXIS2_PLACEMENT_3D('',#10779,#8905,#8906);
#7191=AXIS2_PLACEMENT_3D('',#10780,#8907,#8908);
#7192=AXIS2_PLACEMENT_3D('',#10781,#8909,#8910);
#7193=AXIS2_PLACEMENT_3D('',#10782,#8911,#8912);
#7194=AXIS2_PLACEMENT_3D('',#10783,#8913,#8914);
#7195=AXIS2_PLACEMENT_3D('',#10784,#8915,#8916);
#7196=AXIS2_PLACEMENT_3D('',#10793,#8921,#8922);
#7197=AXIS2_PLACEMENT_3D('',#10802,#8927,#8928);
#7198=AXIS2_PLACEMENT_3D('',#10805,#8931,#8932);
#7199=AXIS2_PLACEMENT_3D('',#10807,#8934,#8935);
#7200=AXIS2_PLACEMENT_3D('',#10809,#8937,#8938);
#7201=AXIS2_PLACEMENT_3D('',#10810,#8939,#8940);
#7202=AXIS2_PLACEMENT_3D('',#10812,#8939,#8940);
#7203=AXIS2_PLACEMENT_3D('',#10813,#8941,#8942);
#7204=AXIS2_PLACEMENT_3D('',#10815,#8941,#8942);
#7205=AXIS2_PLACEMENT_3D('',#10816,#8943,#8944);
#7206=AXIS2_PLACEMENT_3D('',#10818,#8943,#8944);
#7207=AXIS2_PLACEMENT_3D('',#10819,#8945,#8946);
#7208=AXIS2_PLACEMENT_3D('',#10821,#8945,#8946);
#7209=AXIS2_PLACEMENT_3D('',#10822,#8947,#8948);
#7210=AXIS2_PLACEMENT_3D('',#10824,#8947,#8948);
#7211=AXIS2_PLACEMENT_3D('',#10825,#8949,#8950);
#7212=AXIS2_PLACEMENT_3D('',#10827,#8949,#8950);
#7213=AXIS2_PLACEMENT_3D('',#10828,#8951,#8952);
#7214=AXIS2_PLACEMENT_3D('',#10830,#8951,#8952);
#7215=AXIS2_PLACEMENT_3D('',#10831,#8953,#8954);
#7216=AXIS2_PLACEMENT_3D('',#10833,#8953,#8954);
#7217=DIRECTION('',(0.,0.,1.));
#7218=DIRECTION('',(1.,0.,0.));
#7219=DIRECTION('',(0.,1.,0.));
#7220=DIRECTION('',(0.,0.,1.));
#7221=DIRECTION('',(0.,0.,1.));
#7222=DIRECTION('',(1.,0.,0.));
#7223=DIRECTION('',(0.,0.,-1.));
#7224=DIRECTION('',(1.,0.,0.));
#7225=DIRECTION('',(0.,0.,-1.));
#7226=DIRECTION('',(-1.,0.,0.));
#7227=DIRECTION('',(0.,-1.,0.));
#7228=DIRECTION('',(1.,0.,0.));
#7229=DIRECTION('',(0.,1.,0.));
#7230=DIRECTION('',(0.,0.,-1.));
#7231=DIRECTION('',(-1.,0.,0.));
#7232=DIRECTION('',(-1.,-4.95635278850518E-16,0.));
#7233=DIRECTION('',(0.,-1.,0.));
#7234=DIRECTION('',(-1.,0.,0.));
#7235=DIRECTION('',(0.,1.,0.));
#7236=DIRECTION('',(1.,0.,0.));
#7237=DIRECTION('',(0.,1.,0.));
#7238=DIRECTION('',(-1.,0.,0.));
#7239=DIRECTION('',(0.,-1.,0.));
#7240=DIRECTION('',(-1.,0.,0.));
#7241=DIRECTION('',(0.,1.,0.));
#7242=DIRECTION('',(0.000295842259209676,-0.159397421750933,-0.987214452090585));
#7243=DIRECTION('',(0.,-0.987214495292445,0.159397428726072));
#7244=DIRECTION('',(-0.99998856682461,-0.00475883810930314,0.000468700237702117));
#7245=DIRECTION('',(0.,-0.987214495292396,0.159397428726375));
#7246=DIRECTION('',(-0.99994861473601,-0.0100507293423601,0.00132315049059601));
#7247=DIRECTION('',(0.999990787928162,-0.00418021326718968,0.000974615747378458));
#7248=DIRECTION('',(0.,0.987214495292396,-0.159397428726375));
#7249=DIRECTION('',(0.,-0.0980162277768962,-0.995184816550367));
#7250=DIRECTION('',(0.,-0.995184816550367,0.0980162277768962));
#7251=DIRECTION('',(0.,-0.995184816550367,0.0980162277768962));
#7252=DIRECTION('',(0.,0.995184816550367,-0.0980162277768962));
#7253=DIRECTION('',(0.,-0.382686696896195,-0.923878180291471));
#7254=DIRECTION('',(0.,-0.923878180291471,0.382686696896195));
#7255=DIRECTION('',(-1.,0.,0.));
#7256=DIRECTION('',(0.,-0.923878180291471,0.382686696896195));
#7257=DIRECTION('',(-1.,0.,0.));
#7258=DIRECTION('',(0.,0.923878180291471,-0.382686696896195));
#7259=DIRECTION('',(-1.,0.,0.));
#7260=DIRECTION('',(0.,-0.608759434722762,-0.79335487055669));
#7261=DIRECTION('',(0.,-0.79335487055669,0.608759434722762));
#7262=DIRECTION('',(0.,-0.79335487055669,0.608759434722762));
#7263=DIRECTION('',(1.,0.,0.));
#7264=DIRECTION('',(0.,0.79335487055669,-0.608759434722762));
#7265=DIRECTION('',(0.,-0.79335487055669,-0.608759434722762));
#7266=DIRECTION('',(0.,0.608759434722762,-0.79335487055669));
#7267=DIRECTION('',(0.,-0.608759434722762,0.79335487055669));
#7268=DIRECTION('',(1.,0.,0.));
#7269=DIRECTION('',(0.,0.608759434722762,-0.79335487055669));
#7270=DIRECTION('',(1.,0.,0.));
#7271=DIRECTION('',(0.,-0.608759434722762,0.79335487055669));
#7272=DIRECTION('',(1.,-4.95635278850517E-16,6.45927833011502E-16));
#7273=DIRECTION('',(0.,0.608759434722762,-0.79335487055669));
#7274=DIRECTION('',(0.,-1.,0.));
#7275=DIRECTION('',(0.,0.,-1.));
#7276=DIRECTION('',(0.,0.,1.));
#7277=DIRECTION('',(-1.,0.,0.));
#7278=DIRECTION('',(0.,0.,1.));
#7279=DIRECTION('',(1.,0.,0.));
#7280=DIRECTION('',(0.,0.,1.));
#7281=DIRECTION('',(0.,-1.,0.));
#7282=DIRECTION('',(0.,0.,1.));
#7283=DIRECTION('',(0.,1.,0.));
#7284=DIRECTION('',(0.,0.,-1.));
#7285=DIRECTION('',(0.,-1.,0.));
#7286=DIRECTION('',(0.,0.,1.));
#7287=DIRECTION('',(0.,-1.,0.));
#7288=DIRECTION('',(0.,0.,1.));
#7289=DIRECTION('',(0.,0.,1.));
#7290=DIRECTION('',(0.,-1.,0.));
#7291=DIRECTION('',(0.,-0.82219219962541,0.569209967301284));
#7292=DIRECTION('',(0.,0.,1.));
#7293=DIRECTION('',(0.130521040555953,0.,-0.991445539589639));
#7294=DIRECTION('',(-0.991445539589639,0.,-0.130521040555953));
#7295=DIRECTION('',(0.,1.,0.));
#7296=DIRECTION('',(-0.991445539589639,-4.91395386479613E-16,-0.130521040555953));
#7297=DIRECTION('',(0.991445539589639,0.,0.130521040555953));
#7298=DIRECTION('',(0.382686696896195,0.,-0.923878180291471));
#7299=DIRECTION('',(-0.923878180291471,0.,-0.382686696896195));
#7300=DIRECTION('',(0.,1.,0.));
#7301=DIRECTION('',(-0.923878180291471,-4.57906619512672E-16,-0.382686696896195));
#7302=DIRECTION('',(0.923878180291471,0.,0.382686696896195));
#7303=DIRECTION('',(0.608759434722762,0.,-0.79335487055669));
#7304=DIRECTION('',(-0.79335487055669,0.,-0.608759434722762));
#7305=DIRECTION('',(0.,1.,0.));
#7306=DIRECTION('',(-0.79335487055669,-3.93214662495782E-16,-0.608759434722762));
#7307=DIRECTION('',(0.79335487055669,0.,0.608759434722762));
#7308=DIRECTION('',(0.793365456680892,0.,-0.608745638296917));
#7309=DIRECTION('',(0.608745638296917,0.,0.793365456680892));
#7310=DIRECTION('',(0.,1.,0.));
#7311=DIRECTION('',(-0.608745638296917,-3.01715814186329E-16,-0.793365456680892));
#7312=DIRECTION('',(0.608745638296917,0.,0.793365456680892));
#7313=DIRECTION('',(0.923870430517371,0.,-0.382705405783154));
#7314=DIRECTION('',(0.382705405783154,0.,0.923870430517371));
#7315=DIRECTION('',(0.,1.,0.));
#7316=DIRECTION('',(-0.382705405783154,-1.89682300512934E-16,-0.923870430517371));
#7317=DIRECTION('',(0.382705405783154,0.,0.923870430517371));
#7318=DIRECTION('',(0.991445539589639,0.,-0.130521040555953));
#7319=DIRECTION('',(0.130521040555953,0.,0.991445539589639));
#7320=DIRECTION('',(-0.130521040555953,-6.46908323318093E-17,-0.991445539589639));
#7321=DIRECTION('',(0.130521040555953,0.,0.991445539589639));
#7322=DIRECTION('',(0.998796031693535,0.,-0.0490559585906372));
#7323=DIRECTION('',(0.0490559585906372,0.,0.998796031693535));
#7324=DIRECTION('',(0.0490559585906372,0.,0.998796031693535));
#7325=DIRECTION('',(0.048997038646831,-0.0489970386467957,0.997596401561115));
#7326=DIRECTION('',(0.99143505095136,0.00459980023913767,-0.130519659756047));
#7327=DIRECTION('',(0.130521040555953,0.,0.991445539589639));
#7328=DIRECTION('',(0.0167071746046121,-0.995635426579124,0.0918203008998414));
#7329=DIRECTION('',(0.130521040556027,0.,0.99144553958963));
#7330=DIRECTION('',(0.989231211853985,0.00310490234224595,-0.146328292121998));
#7331=DIRECTION('',(0.146328997459991,0.,0.989235980189941));
#7332=DIRECTION('',(0.00858408915788682,-0.999284752891862,0.0368279248828849));
#7333=DIRECTION('',(0.146328997460089,0.,0.989235980189927));
#7334=DIRECTION('',(0.145224473799945,-0.145186013928945,0.978688343431632));
#7335=DIRECTION('',(0.956734338845341,-0.00250426095686089,-0.290952115564104));
#7336=DIRECTION('',(0.290953027896104,0.,0.956737338854342));
#7337=DIRECTION('',(-0.0250655516705223,-0.996954914329093,-0.0738418371556669));
#7338=DIRECTION('',(0.290953027895733,0.,0.956737338854455));
#7339=DIRECTION('',(0.278750325118942,-0.278778357130942,0.919010818130808));
#7340=DIRECTION('',(0.923858331177009,0.00511786575693905,-0.382700393735004));
#7341=DIRECTION('',(0.382705405783154,0.,0.923870430517371));
#7342=DIRECTION('',(0.0344941234805537,-0.996954760310396,0.0699382680636978));
#7343=DIRECTION('',(0.382705405783043,0.,0.923870430517416));
#7344=DIRECTION('',(0.881317080159274,-0.00265490744609182,-0.472517889276147));
#7345=DIRECTION('',(0.472519554564092,0.,0.881320186172172));
#7346=DIRECTION('',(0.426414890069017,-0.426388487760017,0.797723761106032));
#7347=DIRECTION('',(0.472519554564047,0.,0.881320186172196));
#7348=DIRECTION('',(0.000821067800978843,-0.881740160413046,-0.471734687470025));
#7349=DIRECTION('',(0.,0.471734846480052,-0.881740457627097));
#7350=DIRECTION('',(-0.999920259896878,-0.00666851532020019,0.0107240268175787));
#7351=DIRECTION('',(0.999998485283221,0.,0.00174052614552717));
#7352=DIRECTION('',(-0.999692558090934,0.0109664823669393,-0.0222379307063285));
#7353=DIRECTION('',(-0.00123795116058786,-0.793354262638912,-0.608758968253932));
#7354=DIRECTION('',(0.,0.608759434722762,-0.79335487055669));
#7355=DIRECTION('',(0.999997932312342,0.,-0.00203356117190727));
#7356=DIRECTION('',(0.,-0.130521040555953,-0.991445539589639));
#7357=DIRECTION('',(0.,-0.991445539589639,0.130521040555953));
#7358=DIRECTION('',(0.,-0.991445539589639,0.130521040555953));
#7359=DIRECTION('',(-1.,0.,0.));
#7360=DIRECTION('',(0.,0.,-1.));
#7361=DIRECTION('',(0.,1.,0.));
#7362=DIRECTION('',(0.,0.,1.));
#7363=DIRECTION('',(0.,-1.,0.));
#7364=DIRECTION('',(0.,0.,-1.));
#7365=DIRECTION('',(0.,1.,0.));
#7366=DIRECTION('',(0.,0.,-1.));
#7367=DIRECTION('',(0.,-0.822192197705891,0.569209970073924));
#7368=DIRECTION('',(0.,-0.975132857596912,0.22162109564498));
#7369=DIRECTION('',(0.,0.,1.));
#7370=DIRECTION('',(0.,-1.,0.));
#7371=DIRECTION('',(0.,0.,1.));
#7372=DIRECTION('',(0.,1.,0.));
#7373=DIRECTION('',(0.,0.,1.));
#7374=DIRECTION('',(0.,1.,0.));
#7375=DIRECTION('',(0.,0.,1.));
#7376=DIRECTION('',(-0.991445539589639,0.,-0.130521040555953));
#7377=DIRECTION('',(0.130521040555953,0.,-0.991445539589639));
#7378=DIRECTION('',(0.,1.,0.));
#7379=DIRECTION('',(-0.130521040555953,0.,0.991445539589639));
#7380=DIRECTION('',(0.130521040555953,0.,-0.991445539589639));
#7381=DIRECTION('',(-0.923870430517371,0.,-0.382705405783154));
#7382=DIRECTION('',(0.382705405783154,0.,-0.923870430517371));
#7383=DIRECTION('',(0.,1.,0.));
#7384=DIRECTION('',(-0.382705405783154,0.,0.923870430517371));
#7385=DIRECTION('',(0.382705405783154,0.,-0.923870430517371));
#7386=DIRECTION('',(-0.793365456680892,0.,-0.608745638296917));
#7387=DIRECTION('',(0.608745638296917,0.,-0.793365456680892));
#7388=DIRECTION('',(0.,1.,0.));
#7389=DIRECTION('',(-0.608745638296917,0.,0.793365456680892));
#7390=DIRECTION('',(0.608745638296917,0.,-0.793365456680892));
#7391=DIRECTION('',(-0.608759434722762,0.,-0.79335487055669));
#7392=DIRECTION('',(-0.79335487055669,0.,0.608759434722762));
#7393=DIRECTION('',(0.,1.,0.));
#7394=DIRECTION('',(-0.79335487055669,0.,0.608759434722762));
#7395=DIRECTION('',(0.79335487055669,0.,-0.608759434722762));
#7396=DIRECTION('',(-0.382686696896195,0.,-0.923878180291471));
#7397=DIRECTION('',(-0.923878180291471,0.,0.382686696896195));
#7398=DIRECTION('',(0.,1.,0.));
#7399=DIRECTION('',(-0.923878180291471,0.,0.382686696896195));
#7400=DIRECTION('',(0.923878180291471,0.,-0.382686696896195));
#7401=DIRECTION('',(-0.130521040555953,0.,-0.991445539589639));
#7402=DIRECTION('',(-0.991445539589639,0.,0.130521040555953));
#7403=DIRECTION('',(-0.991445539589639,0.,0.130521040555953));
#7404=DIRECTION('',(0.991445539589639,0.,-0.130521040555953));
#7405=DIRECTION('',(0.,-0.227060070602021,-0.973880754681088));
#7406=DIRECTION('',(0.,-0.973880754681088,0.227060070602021));
#7407=DIRECTION('',(0.,0.973880754681088,-0.227060070602021));
#7408=DIRECTION('',(0.00123795116058786,-0.793354262638912,-0.608758968253932));
#7409=DIRECTION('',(0.,0.608759434722762,-0.79335487055669));
#7410=DIRECTION('',(0.999920259896878,-0.00666851532020019,0.0107240268175787));
#7411=DIRECTION('',(0.999997932312342,-4.95634254031568E-16,0.00203356117190792));
#7412=DIRECTION('',(-0.000821067800978843,-0.881740160413046,-0.471734687470025));
#7413=DIRECTION('',(0.,0.471734846480052,-0.881740457627097));
#7414=DIRECTION('',(-0.426414890069017,-0.426388487760017,0.797723761106032));
#7415=DIRECTION('',(0.999998485283221,-4.95634528103444E-16,-0.00174052614552625));
#7416=DIRECTION('',(0.999692558090934,0.0109664823669393,-0.0222379307063285));
#7417=DIRECTION('',(-0.881317080159274,-0.00265490744609182,-0.472517889276147));
#7418=DIRECTION('',(0.472519554564092,0.,-0.881320186172172));
#7419=DIRECTION('',(-0.0344941234805537,-0.996954760310396,0.0699382680636978));
#7420=DIRECTION('',(0.472519554564047,-2.34197361188674E-16,-0.881320186172196));
#7421=DIRECTION('',(-0.923858331177009,0.00511786575693905,-0.382700393735004));
#7422=DIRECTION('',(0.382705405783154,-2.16840434497187E-19,-0.923870430517371));
#7423=DIRECTION('',(0.0250655516705223,-0.996954914329093,-0.0738418371556669));
#7424=DIRECTION('',(0.382705405783043,-1.89682300512879E-16,-0.923870430517416));
#7425=DIRECTION('',(-0.956734338845341,-0.00250426095686089,-0.290952115564104));
#7426=DIRECTION('',(0.290953027896104,0.,-0.956737338854342));
#7427=DIRECTION('',(-0.00858408915788682,-0.999284752891862,0.0368279248828849));
#7428=DIRECTION('',(0.290953027895733,-1.44206585113504E-16,-0.956737338854455));
#7429=DIRECTION('',(-0.278750325118942,-0.278778357130942,0.919010818130808));
#7430=DIRECTION('',(-0.989231211853985,0.00310490234224595,-0.146328292121998));
#7431=DIRECTION('',(0.146328997459991,0.,-0.989235980189941));
#7432=DIRECTION('',(-0.0167071746046121,-0.995635426579124,0.0918203008998414));
#7433=DIRECTION('',(0.146328997460089,-7.25258134600478E-17,-0.989235980189927));
#7434=DIRECTION('',(-0.145224473799945,-0.145186013928945,0.978688343431632));
#7435=DIRECTION('',(-0.99143505095136,0.00459980023913767,-0.130519659756047));
#7436=DIRECTION('',(0.130521040555953,2.16840434497021E-19,-0.991445539589639));
#7437=DIRECTION('',(0.130521040556027,-6.46908323318461E-17,-0.99144553958963));
#7438=DIRECTION('',(-0.998796031693535,0.,-0.0490559585906372));
#7439=DIRECTION('',(0.0490559585906372,0.,-0.998796031693535));
#7440=DIRECTION('',(0.0490559585906372,-2.43138637153499E-17,-0.998796031693535));
#7441=DIRECTION('',(-0.048997038646893,-0.0489970386468224,0.997596401561111));
#7442=DIRECTION('',(-1.,0.,0.));
#7443=DIRECTION('',(0.,0.,1.));
#7444=DIRECTION('',(0.,0.,-1.));
#7445=DIRECTION('',(0.,-1.,0.));
#7446=DIRECTION('',(0.,0.,1.));
#7447=DIRECTION('',(0.,-1.,0.));
#7448=DIRECTION('',(0.,0.,1.));
#7449=DIRECTION('',(-1.,0.,0.));
#7450=DIRECTION('',(0.,0.,-1.));
#7451=DIRECTION('',(0.,0.,-1.));
#7452=DIRECTION('',(0.,-1.,0.));
#7453=DIRECTION('',(0.,-0.82219220467189,0.569209960011924));
#7454=DIRECTION('',(0.,0.,1.));
#7455=DIRECTION('',(0.,-1.,0.));
#7456=DIRECTION('',(-1.,0.,0.));
#7457=DIRECTION('',(0.,0.,-1.));
#7458=DIRECTION('',(0.,0.,1.));
#7459=DIRECTION('',(0.,-1.,0.));
#7460=DIRECTION('',(0.,0.,-1.));
#7461=DIRECTION('',(0.,-1.,0.));
#7462=DIRECTION('',(0.,-1.,0.));
#7463=DIRECTION('',(0.,0.,-1.));
#7464=DIRECTION('',(0.,0.,1.));
#7465=DIRECTION('',(1.,0.,0.));
#7466=DIRECTION('',(1.,0.,0.));
#7467=DIRECTION('',(0.,0.,1.));
#7468=DIRECTION('',(-1.,0.,0.));
#7469=DIRECTION('',(1.,0.,0.));
#7470=DIRECTION('',(0.,0.,1.));
#7471=DIRECTION('',(0.,0.,1.));
#7472=DIRECTION('',(0.,1.,0.));
#7473=DIRECTION('',(0.,-1.,0.));
#7474=DIRECTION('',(-1.,0.,0.));
#7475=DIRECTION('',(0.,0.,-1.));
#7476=DIRECTION('',(0.,0.,1.));
#7477=DIRECTION('',(0.,-1.,0.));
#7478=DIRECTION('',(0.,0.,-1.));
#7479=DIRECTION('',(0.,-1.,0.));
#7480=DIRECTION('',(0.,1.,0.));
#7481=DIRECTION('',(0.,0.,1.));
#7482=DIRECTION('',(-1.,0.,0.));
#7483=DIRECTION('',(1.,0.,0.));
#7484=DIRECTION('',(0.,0.,-1.));
#7485=DIRECTION('',(-1.,0.,0.));
#7486=DIRECTION('',(-1.,0.,0.));
#7487=DIRECTION('',(0.,0.,-1.));
#7488=DIRECTION('',(0.,0.707106800521047,-0.707106761852047));
#7489=DIRECTION('',(0.,0.,1.));
#7490=DIRECTION('',(0.,-1.,0.));
#7491=DIRECTION('',(0.,0.,-1.));
#7492=DIRECTION('',(0.,-1.,0.));
#7493=DIRECTION('',(0.,-1.,0.));
#7494=DIRECTION('',(0.,0.,-1.));
#7495=DIRECTION('',(0.,0.,1.));
#7496=DIRECTION('',(1.,0.,0.));
#7497=DIRECTION('',(1.,0.,0.));
#7498=DIRECTION('',(0.,0.,-1.));
#7499=DIRECTION('',(1.,0.,0.));
#7500=DIRECTION('',(0.,-1.,0.));
#7501=DIRECTION('',(0.,0.,-1.));
#7502=DIRECTION('',(1.,0.,0.));
#7503=DIRECTION('',(-1.,0.,0.));
#7504=DIRECTION('',(1.,0.,0.));
#7505=DIRECTION('',(0.,0.,1.));
#7506=DIRECTION('',(0.,0.,1.));
#7507=DIRECTION('',(0.,1.,0.));
#7508=DIRECTION('',(0.,-0.707107025534005,0.707106536839005));
#7509=DIRECTION('',(0.,1.,0.));
#7510=DIRECTION('',(0.,-1.,0.));
#7511=DIRECTION('',(0.,0.,-1.));
#7512=DIRECTION('',(1.,0.,0.));
#7513=DIRECTION('',(1.,0.,0.));
#7514=DIRECTION('',(-1.,0.,0.));
#7515=DIRECTION('',(-1.,0.,0.));
#7516=DIRECTION('',(0.,0.,-1.));
#7517=DIRECTION('',(-1.,0.,0.));
#7518=DIRECTION('',(0.,1.,0.));
#7519=DIRECTION('',(1.,0.,0.));
#7520=DIRECTION('',(0.,-1.,0.));
#7521=DIRECTION('',(1.,0.,0.));
#7522=DIRECTION('',(0.,-1.,0.));
#7523=DIRECTION('',(-1.,0.,0.));
#7524=DIRECTION('',(0.,1.,0.));
#7525=DIRECTION('',(1.,0.,0.));
#7526=DIRECTION('',(1.,0.,0.));
#7527=DIRECTION('',(0.,1.,0.));
#7528=DIRECTION('',(1.,0.,0.));
#7529=DIRECTION('',(0.,-1.,0.));
#7530=DIRECTION('',(1.,0.,0.));
#7531=DIRECTION('',(0.,-1.,0.));
#7532=DIRECTION('',(1.,4.41031392197494E-16,0.));
#7533=DIRECTION('',(0.,1.,0.));
#7534=DIRECTION('',(-1.,0.,0.));
#7535=DIRECTION('',(1.,0.,0.));
#7536=DIRECTION('',(0.,1.,0.));
#7537=DIRECTION('',(1.,0.,0.));
#7538=DIRECTION('',(0.,-1.,0.));
#7539=DIRECTION('',(1.,0.,0.));
#7540=DIRECTION('',(0.,1.,0.));
#7541=DIRECTION('',(1.,0.,0.));
#7542=DIRECTION('',(0.,-1.,0.));
#7543=DIRECTION('',(0.,0.,1.));
#7544=DIRECTION('',(1.,0.,0.));
#7545=DIRECTION('',(0.,1.,0.));
#7546=DIRECTION('',(1.,0.,0.));
#7547=DIRECTION('',(0.,-1.,0.));
#7548=DIRECTION('',(-1.,0.,0.));
#7549=DIRECTION('',(-1.,0.,0.));
#7550=DIRECTION('',(0.,0.,1.));
#7551=DIRECTION('',(0.,0.,1.));
#7552=DIRECTION('',(0.,-1.,0.));
#7553=DIRECTION('',(0.,0.,1.));
#7554=DIRECTION('',(4.41031392197494E-16,-1.,0.));
#7555=DIRECTION('',(1.,4.41031392197494E-16,0.));
#7556=DIRECTION('',(1.,4.41031392197494E-16,0.));
#7557=DIRECTION('',(0.,0.,1.));
#7558=DIRECTION('',(1.,0.,0.));
#7559=DIRECTION('',(0.,0.,-1.));
#7560=DIRECTION('',(0.,1.,0.));
#7561=DIRECTION('',(0.,0.,1.));
#7562=DIRECTION('',(0.,1.,0.));
#7563=DIRECTION('',(0.,0.,1.));
#7564=DIRECTION('',(-1.,0.,0.));
#7565=DIRECTION('',(-1.,0.,0.));
#7566=DIRECTION('',(0.,0.,-1.));
#7567=DIRECTION('',(-1.,0.,0.));
#7568=DIRECTION('',(0.,-1.,-1.83697019872103E-16));
#7569=DIRECTION('',(-1.,0.,0.));
#7570=DIRECTION('',(0.,-1.,-1.83697019872103E-16));
#7571=DIRECTION('',(0.,0.,-1.));
#7572=DIRECTION('',(0.,0.,1.));
#7573=DIRECTION('',(0.,-1.,0.));
#7574=DIRECTION('',(0.,0.,-1.));
#7575=DIRECTION('',(0.,0.,1.));
#7576=DIRECTION('',(0.,0.707106781186547,0.707106781186547));
#7577=DIRECTION('',(0.,1.,0.));
#7578=DIRECTION('',(0.,1.,0.));
#7579=DIRECTION('',(0.,0.,1.));
#7580=DIRECTION('',(0.,0.,-1.));
#7581=DIRECTION('',(0.70710678118655,0.,0.707106781186546));
#7582=DIRECTION('',(1.,0.,0.));
#7583=DIRECTION('',(0.,0.,-1.));
#7584=DIRECTION('',(-1.,0.,0.));
#7585=DIRECTION('',(0.,0.,1.));
#7586=DIRECTION('',(-1.,0.,0.));
#7587=DIRECTION('',(0.,1.,0.));
#7588=DIRECTION('',(0.,0.,1.));
#7589=DIRECTION('',(1.,0.,0.));
#7590=DIRECTION('',(0.707106781186549,0.,-0.707106781186546));
#7591=DIRECTION('',(0.,0.,1.));
#7592=DIRECTION('',(-1.,0.,0.));
#7593=DIRECTION('',(0.,0.,1.));
#7594=DIRECTION('',(-1.,0.,0.));
#7595=DIRECTION('',(1.,0.,0.));
#7596=DIRECTION('',(0.,0.,1.));
#7597=DIRECTION('',(0.,0.,1.));
#7598=DIRECTION('',(0.,1.,0.));
#7599=DIRECTION('',(0.,1.,0.));
#7600=DIRECTION('',(-0.760627809138105,0.64918821305209,0.));
#7601=DIRECTION('',(-0.64918821305209,-0.760627809138105,0.));
#7602=DIRECTION('',(0.,0.,1.));
#7603=DIRECTION('',(-0.64918821305209,-0.760627809138105,0.));
#7604=DIRECTION('',(-0.64918821305209,-0.760627809138105,0.));
#7605=DIRECTION('',(-0.754610371590346,0.656173138042301,0.));
#7606=DIRECTION('',(-0.656173138042301,-0.754610371590346,0.));
#7607=DIRECTION('',(0.,0.,1.));
#7608=DIRECTION('',(-0.656173138042301,-0.754610371590346,0.));
#7609=DIRECTION('',(-0.656173138042301,-0.754610371590346,0.));
#7610=DIRECTION('',(-0.748543451465488,0.663085742018432,0.));
#7611=DIRECTION('',(-0.663085742018432,-0.748543451465488,0.));
#7612=DIRECTION('',(0.,0.,1.));
#7613=DIRECTION('',(-0.663085742018432,-0.748543451465488,0.));
#7614=DIRECTION('',(-0.663085742018432,-0.748543451465488,0.));
#7615=DIRECTION('',(1.,0.,0.));
#7616=DIRECTION('',(0.,0.,1.));
#7617=DIRECTION('',(0.,0.,1.));
#7618=DIRECTION('',(0.,1.,0.));
#7619=DIRECTION('',(0.,1.,0.));
#7620=DIRECTION('',(0.,0.,-1.));
#7621=DIRECTION('',(-1.,0.,0.));
#7622=DIRECTION('',(1.,0.,0.));
#7623=DIRECTION('',(2.43469961540604E-15,1.,0.));
#7624=DIRECTION('',(0.,1.,0.));
#7625=DIRECTION('',(0.,-1.,0.));
#7626=DIRECTION('',(0.,0.,1.));
#7627=DIRECTION('',(1.,0.,0.));
#7628=DIRECTION('',(0.,0.,-1.));
#7629=DIRECTION('',(-1.,0.,0.));
#7630=DIRECTION('',(0.,0.,1.));
#7631=DIRECTION('',(0.,0.,-1.));
#7632=DIRECTION('',(-1.,0.,0.));
#7633=DIRECTION('',(0.,0.,1.));
#7634=DIRECTION('',(1.,0.,0.));
#7635=DIRECTION('',(0.,0.,1.));
#7636=DIRECTION('',(0.,0.,-1.));
#7637=DIRECTION('',(-1.,0.,0.));
#7638=DIRECTION('',(0.,0.,-1.));
#7639=DIRECTION('',(-1.,0.,0.));
#7640=DIRECTION('',(0.,-1.,0.));
#7641=DIRECTION('',(0.,0.,-1.));
#7642=DIRECTION('',(-1.,0.,0.));
#7643=DIRECTION('',(1.,0.,0.));
#7644=DIRECTION('',(0.,0.,-1.));
#7645=DIRECTION('',(-1.,0.,0.));
#7646=DIRECTION('',(0.,-1.,0.));
#7647=DIRECTION('',(-1.,0.,0.));
#7648=DIRECTION('',(0.,-1.,0.));
#7649=DIRECTION('',(1.,0.,0.));
#7650=DIRECTION('',(0.,-1.,0.));
#7651=DIRECTION('',(1.,0.,0.));
#7652=DIRECTION('',(0.,1.,0.));
#7653=DIRECTION('',(1.,0.,0.));
#7654=DIRECTION('',(1.,0.,0.));
#7655=DIRECTION('',(0.,0.,1.));
#7656=DIRECTION('',(0.,0.,-1.));
#7657=DIRECTION('',(0.,-1.,0.));
#7658=DIRECTION('',(0.,0.707106781186548,0.707106781186547));
#7659=DIRECTION('',(0.,1.,0.));
#7660=DIRECTION('',(0.,0.,1.));
#7661=DIRECTION('',(0.,-1.,0.));
#7662=DIRECTION('',(0.,0.707106781186547,0.707106781186547));
#7663=DIRECTION('',(0.,-1.,0.));
#7664=DIRECTION('',(0.,1.,0.));
#7665=DIRECTION('',(0.,0.,1.));
#7666=DIRECTION('',(1.,0.,0.));
#7667=DIRECTION('',(0.,0.,1.));
#7668=DIRECTION('',(1.,0.,0.));
#7669=DIRECTION('',(-1.,0.,0.));
#7670=DIRECTION('',(0.,0.,-1.));
#7671=DIRECTION('',(0.,0.,-1.));
#7672=DIRECTION('',(0.,-1.,0.));
#7673=DIRECTION('',(0.,0.,1.));
#7674=DIRECTION('',(0.,1.,0.));
#7675=DIRECTION('',(0.,1.,0.));
#7676=DIRECTION('',(0.,0.,1.));
#7677=DIRECTION('',(-1.,0.,0.));
#7678=DIRECTION('',(0.,0.,1.));
#7679=DIRECTION('',(1.,0.,0.));
#7680=DIRECTION('',(1.,0.,0.));
#7681=DIRECTION('',(0.,0.,1.));
#7682=DIRECTION('',(0.,1.,0.));
#7683=DIRECTION('',(0.,0.,1.));
#7684=DIRECTION('',(0.,-1.,0.));
#7685=DIRECTION('',(0.,-1.,0.));
#7686=DIRECTION('',(0.,0.,-1.));
#7687=DIRECTION('',(1.,0.,0.));
#7688=DIRECTION('',(-1.,0.,0.));
#7689=DIRECTION('',(0.,0.,1.));
#7690=DIRECTION('',(1.,0.,0.));
#7691=DIRECTION('',(-1.,0.,0.));
#7692=DIRECTION('',(0.,1.,0.));
#7693=DIRECTION('',(1.,0.,0.));
#7694=DIRECTION('',(0.,-1.,0.));
#7695=DIRECTION('',(-1.,0.,0.));
#7696=DIRECTION('',(0.,-1.,0.));
#7697=DIRECTION('',(1.,0.,0.));
#7698=DIRECTION('',(0.,1.,0.));
#7699=DIRECTION('',(0.,1.,0.));
#7700=DIRECTION('',(0.,0.,1.));
#7701=DIRECTION('',(1.,0.,0.));
#7702=DIRECTION('',(1.,0.,0.));
#7703=DIRECTION('',(0.,0.,-1.));
#7704=DIRECTION('',(0.,0.,-1.));
#7705=DIRECTION('',(-1.,0.,0.));
#7706=DIRECTION('',(1.,0.,0.));
#7707=DIRECTION('',(0.,0.,1.));
#7708=DIRECTION('',(0.,0.707106438742965,-0.707107123629965));
#7709=DIRECTION('',(0.,1.,0.));
#7710=DIRECTION('',(0.,0.,1.));
#7711=DIRECTION('',(1.,0.,0.));
#7712=DIRECTION('',(1.,0.,0.));
#7713=DIRECTION('',(0.,-1.,0.));
#7714=DIRECTION('',(1.,0.,0.));
#7715=DIRECTION('',(0.687760621555126,0.725937550646133,0.));
#7716=DIRECTION('',(0.801728302546019,0.597688655486014,0.));
#7717=DIRECTION('',(0.892096272882832,0.451845371679915,0.));
#7718=DIRECTION('',(0.956203068077198,0.292704104173061,0.));
#7719=DIRECTION('',(0.992164020743346,0.124942210411044,0.));
#7720=DIRECTION('',(0.99891854337206,-0.0464945556752728,0.));
#7721=DIRECTION('',(0.976268937132125,-0.216561682647028,0.));
#7722=DIRECTION('',(0.924880384913129,-0.380258167043053,0.));
#7723=DIRECTION('',(0.846269237145685,-0.532755458217802,0.));
#7724=DIRECTION('',(0.742743834063861,-0.669575684265875,0.));
#7725=DIRECTION('',(0.61735558295113,-0.786684234111165,0.));
#7726=DIRECTION('',(0.473798755503877,-0.880633146822772,0.));
#7727=DIRECTION('',(0.,-1.,0.));
#7728=DIRECTION('',(1.,0.,0.));
#7729=DIRECTION('',(0.,-1.,0.));
#7730=DIRECTION('',(0.,0.,-1.));
#7731=DIRECTION('',(0.,0.,-1.));
#7732=DIRECTION('',(1.,0.,0.));
#7733=DIRECTION('',(-1.,0.,0.));
#7734=DIRECTION('',(0.,0.,-1.));
#7735=DIRECTION('',(0.,0.,-1.));
#7736=DIRECTION('',(0.,-1.,0.));
#7737=DIRECTION('',(-0.880633146822772,-0.473798755503877,0.));
#7738=DIRECTION('',(0.473798755503877,-0.880633146822772,0.));
#7739=DIRECTION('',(0.,0.,-1.));
#7740=DIRECTION('',(0.473798755503877,-0.880633146822772,0.));
#7741=DIRECTION('',(-0.786684234111165,-0.61735558295113,0.));
#7742=DIRECTION('',(0.61735558295113,-0.786684234111165,0.));
#7743=DIRECTION('',(0.,0.,-1.));
#7744=DIRECTION('',(0.61735558295113,-0.786684234111165,0.));
#7745=DIRECTION('',(-0.669575684265875,-0.742743834063861,0.));
#7746=DIRECTION('',(-0.742743834063861,0.669575684265875,0.));
#7747=DIRECTION('',(0.,0.,-1.));
#7748=DIRECTION('',(0.742743834063861,-0.669575684265875,0.));
#7749=DIRECTION('',(-0.532755458217802,-0.846269237145685,0.));
#7750=DIRECTION('',(-0.846269237145685,0.532755458217802,0.));
#7751=DIRECTION('',(0.,0.,-1.));
#7752=DIRECTION('',(0.846269237145685,-0.532755458217802,0.));
#7753=DIRECTION('',(-0.380258167043053,-0.924880384913129,0.));
#7754=DIRECTION('',(-0.924880384913129,0.380258167043053,0.));
#7755=DIRECTION('',(0.,0.,-1.));
#7756=DIRECTION('',(0.924880384913129,-0.380258167043053,0.));
#7757=DIRECTION('',(-0.216561682647028,-0.976268937132125,0.));
#7758=DIRECTION('',(-0.976268937132125,0.216561682647028,0.));
#7759=DIRECTION('',(0.,0.,-1.));
#7760=DIRECTION('',(0.976268937132125,-0.216561682647028,0.));
#7761=DIRECTION('',(-0.0464945556752728,-0.99891854337206,0.));
#7762=DIRECTION('',(-0.99891854337206,0.0464945556752728,0.));
#7763=DIRECTION('',(0.,0.,-1.));
#7764=DIRECTION('',(0.99891854337206,-0.0464945556752728,0.));
#7765=DIRECTION('',(0.124942210411044,-0.992164020743346,0.));
#7766=DIRECTION('',(-0.992164020743346,-0.124942210411044,0.));
#7767=DIRECTION('',(0.,0.,-1.));
#7768=DIRECTION('',(0.992164020743346,0.124942210411044,0.));
#7769=DIRECTION('',(0.292704104173061,-0.956203068077198,0.));
#7770=DIRECTION('',(-0.956203068077198,-0.292704104173061,0.));
#7771=DIRECTION('',(0.,0.,-1.));
#7772=DIRECTION('',(0.956203068077198,0.292704104173061,0.));
#7773=DIRECTION('',(0.451845371679915,-0.892096272882832,0.));
#7774=DIRECTION('',(-0.892096272882832,-0.451845371679915,0.));
#7775=DIRECTION('',(0.,0.,-1.));
#7776=DIRECTION('',(0.892096272882832,0.451845371679915,0.));
#7777=DIRECTION('',(0.597688655486014,-0.801728302546019,0.));
#7778=DIRECTION('',(-0.801728302546019,-0.597688655486014,0.));
#7779=DIRECTION('',(0.,0.,-1.));
#7780=DIRECTION('',(0.801728302546019,0.597688655486014,0.));
#7781=DIRECTION('',(0.725937550646133,-0.687760621555126,0.));
#7782=DIRECTION('',(0.687760621555126,0.725937550646133,0.));
#7783=DIRECTION('',(0.,0.,-1.));
#7784=DIRECTION('',(0.687760621555126,0.725937550646133,0.));
#7785=DIRECTION('',(0.,-1.,0.));
#7786=DIRECTION('',(0.,0.,-1.));
#7787=DIRECTION('',(0.,0.,-1.));
#7788=DIRECTION('',(1.,0.,0.));
#7789=DIRECTION('',(0.,-1.,0.));
#7790=DIRECTION('',(0.,0.,-1.));
#7791=DIRECTION('',(1.,0.,0.));
#7792=DIRECTION('',(0.,0.,1.));
#7793=DIRECTION('',(1.,0.,0.));
#7794=DIRECTION('',(0.,0.,1.));
#7795=DIRECTION('',(1.,0.,0.));
#7796=DIRECTION('',(-1.,0.,0.));
#7797=DIRECTION('',(0.,1.,0.));
#7798=DIRECTION('',(0.,-1.,0.));
#7799=DIRECTION('',(0.,1.,0.));
#7800=DIRECTION('',(-1.,0.,0.));
#7801=DIRECTION('',(1.,0.,0.));
#7802=DIRECTION('',(0.,0.,1.));
#7803=DIRECTION('',(0.,1.,0.));
#7804=DIRECTION('',(0.,-0.707106781186548,-0.707106781186547));
#7805=DIRECTION('',(0.,1.,0.));
#7806=DIRECTION('',(0.,0.975132856252825,-0.22162110155896));
#7807=DIRECTION('',(0.,-0.82219220467189,0.569209960011924));
#7808=DIRECTION('',(0.,0.569209960011924,0.82219220467189));
#7809=DIRECTION('',(0.,0.82219220467189,-0.569209960011924));
#7810=DIRECTION('',(0.,0.,1.));
#7811=DIRECTION('',(1.,0.,0.));
#7812=DIRECTION('',(0.,-1.,0.));
#7813=DIRECTION('',(-1.,-4.41031392197494E-16,0.));
#7814=DIRECTION('',(0.,1.,0.));
#7815=DIRECTION('',(1.,0.,0.));
#7816=DIRECTION('',(1.,0.,0.));
#7817=DIRECTION('',(0.,-1.,0.));
#7818=DIRECTION('',(-1.,0.,0.));
#7819=DIRECTION('',(0.,0.,1.));
#7820=DIRECTION('',(1.,0.,0.));
#7821=DIRECTION('',(3.52110643261521E-16,0.707106871501042,0.707106690872042));
#7822=DIRECTION('',(0.,-0.707106690872042,0.707106871501042));
#7823=DIRECTION('',(0.,-0.707106905711037,0.707106656662037));
#7824=DIRECTION('',(1.,0.,0.));
#7825=DIRECTION('',(0.577350269189626,0.577350269189626,-0.577350269189626));
#7826=DIRECTION('',(-0.988958036943097,-0.10479028121601,0.10479025779301));
#7827=DIRECTION('',(-1.,0.,0.));
#7828=DIRECTION('',(0.,0.707108045587917,-0.707105516782917));
#7829=DIRECTION('',(1.,0.,0.));
#7830=DIRECTION('',(0.,-0.707108045587917,0.707105516782917));
#7831=DIRECTION('',(-1.,0.,0.));
#7832=DIRECTION('',(0.,0.707108045587917,-0.707105516782917));
#7833=DIRECTION('',(1.,0.,0.));
#7834=DIRECTION('',(0.,-0.707108045587917,0.707105516782917));
#7835=DIRECTION('',(0.,-0.707106781186547,0.707106781186547));
#7836=DIRECTION('',(0.,0.707106781186547,0.707106781186547));
#7837=DIRECTION('',(-1.,0.,0.));
#7838=DIRECTION('',(-0.577350269189626,0.577350269189626,0.577350269189626));
#7839=DIRECTION('',(0.707106781186547,-3.32642318955687E-16,0.707106781186547));
#7840=DIRECTION('',(-0.707106781186547,-2.46519032881442E-32,0.707106781186547));
#7841=DIRECTION('',(0.,1.,0.));
#7842=DIRECTION('',(-1.,0.,0.));
#7843=DIRECTION('',(0.,0.,-1.));
#7844=DIRECTION('',(0.,0.,-1.));
#7845=DIRECTION('',(0.,-1.,0.));
#7846=DIRECTION('',(0.,0.,1.));
#7847=DIRECTION('',(0.,1.,0.));
#7848=DIRECTION('',(-1.,0.,0.));
#7849=DIRECTION('',(0.,0.,-1.));
#7850=DIRECTION('',(0.,-0.707106800521047,-0.707106761852047));
#7851=DIRECTION('',(0.,0.707106761852047,-0.707106800521047));
#7852=DIRECTION('',(0.,-0.707106800521047,-0.707106761852047));
#7853=DIRECTION('',(0.577350237616959,-0.577350300761959,-0.577350269189959));
#7854=DIRECTION('',(-0.707106800521047,0.,-0.707106761852047));
#7855=DIRECTION('',(0.707106761852047,0.,-0.707106800521047));
#7856=DIRECTION('',(0.577350237616959,0.577350300761959,-0.577350269189959));
#7857=DIRECTION('',(0.,-0.569209970073924,-0.822192197705891));
#7858=DIRECTION('',(0.,-0.822192197705891,0.569209970073924));
#7859=DIRECTION('',(0.,0.822192197705891,-0.569209970073924));
#7860=DIRECTION('',(1.,0.,0.));
#7861=DIRECTION('',(0.,-0.822192242922679,0.569209904760778));
#7862=DIRECTION('',(-1.,0.,0.));
#7863=DIRECTION('',(-1.,0.,0.));
#7864=DIRECTION('',(1.,0.,0.));
#7865=DIRECTION('',(0.,0.,1.));
#7866=DIRECTION('',(0.,-0.975132900044849,0.221620908873966));
#7867=DIRECTION('',(0.,0.,1.));
#7868=DIRECTION('',(1.,0.,0.));
#7869=DIRECTION('',(0.,0.,1.));
#7870=DIRECTION('',(0.,-1.,0.));
#7871=DIRECTION('',(0.,0.,-1.));
#7872=DIRECTION('',(0.,0.975132912886182,-0.221620852372041));
#7873=DIRECTION('',(0.,0.,1.));
#7874=DIRECTION('',(0.,-1.,0.));
#7875=DIRECTION('',(0.,0.,-1.));
#7876=DIRECTION('',(0.,0.,1.));
#7877=DIRECTION('',(-1.,0.,0.));
#7878=DIRECTION('',(0.,0.,-1.));
#7879=DIRECTION('',(-1.,0.,0.));
#7880=DIRECTION('',(0.,0.,1.));
#7881=DIRECTION('',(1.,0.,0.));
#7882=DIRECTION('',(-2.43469961540604E-15,-1.,0.));
#7883=DIRECTION('',(-1.,0.,0.));
#7884=DIRECTION('',(0.,1.,0.));
#7885=DIRECTION('',(1.,0.,0.));
#7886=DIRECTION('',(0.,1.,0.));
#7887=DIRECTION('',(-1.,0.,0.));
#7888=DIRECTION('',(-1.,0.,0.));
#7889=DIRECTION('',(-1.,0.,0.));
#7890=DIRECTION('',(-1.,0.,0.));
#7891=DIRECTION('',(1.,0.,0.));
#7892=DIRECTION('',(1.,0.,0.));
#7893=DIRECTION('',(0.,-1.,0.));
#7894=DIRECTION('',(0.,0.,-1.));
#7895=DIRECTION('',(0.,0.,1.));
#7896=DIRECTION('',(1.,0.,0.));
#7897=DIRECTION('',(0.,0.,-1.));
#7898=DIRECTION('',(-1.,0.,0.));
#7899=DIRECTION('',(0.,-1.,0.));
#7900=DIRECTION('',(1.,0.,0.));
#7901=DIRECTION('',(0.,1.,0.));
#7902=DIRECTION('',(0.,0.,1.));
#7903=DIRECTION('',(0.,0.,-1.));
#7904=DIRECTION('',(0.,1.,0.));
#7905=DIRECTION('',(0.,0.,1.));
#7906=DIRECTION('',(0.,0.,1.));
#7907=DIRECTION('',(1.,0.,0.));
#7908=DIRECTION('',(0.,-1.,0.));
#7909=DIRECTION('',(0.,0.,-1.));
#7910=DIRECTION('',(0.,0.,-1.));
#7911=DIRECTION('',(0.,0.,1.));
#7912=DIRECTION('',(-1.,0.,0.));
#7913=DIRECTION('',(1.,0.,0.));
#7914=DIRECTION('',(0.,0.,1.));
#7915=DIRECTION('',(1.,0.,0.));
#7916=DIRECTION('',(0.,0.,-1.));
#7917=DIRECTION('',(1.,0.,0.));
#7918=DIRECTION('',(0.,0.,-1.));
#7919=DIRECTION('',(0.,0.,1.));
#7920=DIRECTION('',(0.,-1.,0.));
#7921=DIRECTION('',(0.,-0.707106781186547,-0.707106781186547));
#7922=DIRECTION('',(0.,0.,-1.));
#7923=DIRECTION('',(0.,-0.707106761852047,-0.707106800521047));
#7924=DIRECTION('',(0.,-0.707106800521047,0.707106761852047));
#7925=DIRECTION('',(-1.,0.,0.));
#7926=DIRECTION('',(0.,0.,-1.));
#7927=DIRECTION('',(0.,0.,1.));
#7928=DIRECTION('',(0.,-1.,0.));
#7929=DIRECTION('',(0.,0.,1.));
#7930=DIRECTION('',(1.,0.,0.));
#7931=DIRECTION('',(0.,-1.,0.));
#7932=DIRECTION('',(1.,0.,0.));
#7933=DIRECTION('',(0.,1.,0.));
#7934=DIRECTION('',(0.,0.,1.));
#7935=DIRECTION('',(0.,0.,1.));
#7936=DIRECTION('',(1.,0.,0.));
#7937=DIRECTION('',(0.,0.,1.));
#7938=DIRECTION('',(-1.78153277172901E-16,-0.707106536839005,-0.707107025534005));
#7939=DIRECTION('',(-1.23259516440801E-32,-0.707107025534005,0.707106536839005));
#7940=DIRECTION('',(0.,0.707107025534005,-0.707106536839005));
#7941=DIRECTION('',(1.,0.,0.));
#7942=DIRECTION('',(0.,0.,1.));
#7943=DIRECTION('',(1.,0.,0.));
#7944=DIRECTION('',(0.,1.,0.));
#7945=DIRECTION('',(0.,-1.,0.));
#7946=DIRECTION('',(1.,0.,0.));
#7947=DIRECTION('',(-1.,0.,0.));
#7948=DIRECTION('',(0.,0.,-1.));
#7949=DIRECTION('',(0.,0.,1.));
#7950=DIRECTION('',(0.,1.,0.));
#7951=DIRECTION('',(0.,0.,1.));
#7952=DIRECTION('',(0.,0.,1.));
#7953=DIRECTION('',(1.,0.,0.));
#7954=DIRECTION('',(0.,0.,1.));
#7955=DIRECTION('',(-1.,0.,0.));
#7956=DIRECTION('',(0.,0.,-1.));
#7957=DIRECTION('',(0.,1.,0.));
#7958=DIRECTION('',(0.,0.,-1.));
#7959=DIRECTION('',(0.,0.,-1.));
#7960=DIRECTION('',(-1.,0.,0.));
#7961=DIRECTION('',(1.,0.,0.));
#7962=DIRECTION('',(0.130521040555953,-0.991445539589639,0.));
#7963=DIRECTION('',(0.382705405783154,-0.923870430517371,0.));
#7964=DIRECTION('',(0.608745638296917,-0.793365456680892,0.));
#7965=DIRECTION('',(0.793358399260262,-0.608754835975201,0.));
#7966=DIRECTION('',(0.923880763494145,-0.38268046049606,0.));
#7967=DIRECTION('',(0.99144364853417,-0.130535404321022,0.));
#7968=DIRECTION('',(1.,0.,0.));
#7969=DIRECTION('',(0.99144364853417,0.130535404321022,0.));
#7970=DIRECTION('',(0.923880763494145,0.38268046049606,0.));
#7971=DIRECTION('',(0.793358399260262,0.608754835975201,0.));
#7972=DIRECTION('',(0.608745638296917,0.793365456680892,0.));
#7973=DIRECTION('',(0.382705405783154,0.923870430517371,0.));
#7974=DIRECTION('',(0.130521040555953,0.991445539589639,0.));
#7975=DIRECTION('',(-1.,0.,0.));
#7976=DIRECTION('',(0.,0.,-1.));
#7977=DIRECTION('',(-1.,0.,0.));
#7978=DIRECTION('',(0.,0.,1.));
#7979=DIRECTION('',(-1.,0.,0.));
#7980=DIRECTION('',(0.,0.,1.));
#7981=DIRECTION('',(0.,0.707106781186547,0.707106781186547));
#7982=DIRECTION('',(0.,1.,0.));
#7983=DIRECTION('',(0.,0.,1.));
#7984=DIRECTION('',(0.,1.,0.));
#7985=DIRECTION('',(0.,0.,1.));
#7986=DIRECTION('',(1.,0.,0.));
#7987=DIRECTION('',(-3.15117701709798E-16,0.707106781186547,-0.707106781186547));
#7988=DIRECTION('',(0.,-0.707106781186547,-0.707106781186547));
#7989=DIRECTION('',(1.,0.,0.));
#7990=DIRECTION('',(1.,0.,0.));
#7991=DIRECTION('',(0.,0.,1.));
#7992=DIRECTION('',(1.,0.,0.));
#7993=DIRECTION('',(0.,0.,-1.));
#7994=DIRECTION('',(1.,0.,0.));
#7995=DIRECTION('',(0.,0.,-1.));
#7996=DIRECTION('',(0.,-1.,0.));
#7997=DIRECTION('',(0.,-0.707106781186547,-0.707106781186547));
#7998=DIRECTION('',(0.,0.,1.));
#7999=DIRECTION('',(0.,0.,-1.));
#8000=DIRECTION('',(-1.,0.,0.));
#8001=DIRECTION('',(-1.,0.,0.));
#8002=DIRECTION('',(0.,1.,0.));
#8003=DIRECTION('',(2.22394907769758E-16,0.707106781186547,-0.707106781186547));
#8004=DIRECTION('',(0.,-0.707106781186547,-0.707106781186547));
#8005=DIRECTION('',(1.,0.,0.));
#8006=DIRECTION('',(0.,-1.,0.));
#8007=DIRECTION('',(0.,0.,-1.));
#8008=DIRECTION('',(-1.,0.,0.));
#8009=DIRECTION('',(-0.991445539589639,0.130521040555953,0.));
#8010=DIRECTION('',(-0.130521040555953,-0.991445539589639,0.));
#8011=DIRECTION('',(0.,0.,1.));
#8012=DIRECTION('',(0.130521040555953,0.991445539589639,0.));
#8013=DIRECTION('',(-0.923870430517371,0.382705405783154,0.));
#8014=DIRECTION('',(-0.382705405783154,-0.923870430517371,0.));
#8015=DIRECTION('',(0.,0.,1.));
#8016=DIRECTION('',(0.382705405783154,0.923870430517371,0.));
#8017=DIRECTION('',(-0.793365456680892,0.608745638296917,0.));
#8018=DIRECTION('',(-0.608745638296917,-0.793365456680892,0.));
#8019=DIRECTION('',(0.,0.,1.));
#8020=DIRECTION('',(0.608745638296917,0.793365456680892,0.));
#8021=DIRECTION('',(-0.608754835975201,0.793358399260262,0.));
#8022=DIRECTION('',(0.793358399260262,0.608754835975201,0.));
#8023=DIRECTION('',(0.,0.,1.));
#8024=DIRECTION('',(0.793358399260262,0.608754835975201,0.));
#8025=DIRECTION('',(-0.38268046049606,0.923880763494145,0.));
#8026=DIRECTION('',(0.923880763494145,0.38268046049606,0.));
#8027=DIRECTION('',(0.,0.,1.));
#8028=DIRECTION('',(0.923880763494145,0.38268046049606,0.));
#8029=DIRECTION('',(-0.130535404321022,0.99144364853417,0.));
#8030=DIRECTION('',(0.99144364853417,0.130535404321022,0.));
#8031=DIRECTION('',(0.99144364853417,0.130535404321022,0.));
#8032=DIRECTION('',(0.,0.,1.));
#8033=DIRECTION('',(0.,1.,0.));
#8034=DIRECTION('',(0.,0.,1.));
#8035=DIRECTION('',(0.,0.,1.));
#8036=DIRECTION('',(1.,0.,0.));
#8037=DIRECTION('',(0.130535404321022,0.99144364853417,0.));
#8038=DIRECTION('',(0.99144364853417,-0.130535404321022,0.));
#8039=DIRECTION('',(0.,0.,1.));
#8040=DIRECTION('',(0.99144364853417,-0.130535404321022,0.));
#8041=DIRECTION('',(0.38268046049606,0.923880763494145,0.));
#8042=DIRECTION('',(0.923880763494145,-0.38268046049606,0.));
#8043=DIRECTION('',(0.,0.,1.));
#8044=DIRECTION('',(0.923880763494145,-0.38268046049606,0.));
#8045=DIRECTION('',(0.608754835975201,0.793358399260262,0.));
#8046=DIRECTION('',(0.793358399260262,-0.608754835975201,0.));
#8047=DIRECTION('',(0.,0.,1.));
#8048=DIRECTION('',(0.793358399260262,-0.608754835975201,0.));
#8049=DIRECTION('',(0.793365456680892,0.608745638296917,0.));
#8050=DIRECTION('',(-0.608745638296917,0.793365456680892,0.));
#8051=DIRECTION('',(0.,0.,1.));
#8052=DIRECTION('',(0.608745638296917,-0.793365456680892,0.));
#8053=DIRECTION('',(0.923870430517371,0.382705405783154,0.));
#8054=DIRECTION('',(-0.382705405783154,0.923870430517371,0.));
#8055=DIRECTION('',(0.,0.,1.));
#8056=DIRECTION('',(0.382705405783154,-0.923870430517371,0.));
#8057=DIRECTION('',(0.991445539589639,0.130521040555953,0.));
#8058=DIRECTION('',(-0.130521040555953,0.991445539589639,0.));
#8059=DIRECTION('',(0.130521040555953,-0.991445539589639,0.));
#8060=DIRECTION('',(0.31359269453984,0.916718626541531,-0.247561268543873));
#8061=DIRECTION('',(0.946170803814793,-0.323667746320929,1.3877787807807E-17));
#8062=DIRECTION('',(-0.914793108021463,0.22176448367987,-0.337600478812802));
#8063=DIRECTION('',(0.280004661651044,-0.338385939604054,-0.898383184021142));
#8064=DIRECTION('',(-0.899176783771049,0.202882479050011,-0.387710989297021));
#8065=DIRECTION('',(-0.279991820865065,0.338390461729078,0.898385482774208));
#8066=DIRECTION('',(0.366322182179045,0.8076555987901,-0.462061135118057));
#8067=DIRECTION('',(-2.77555756156338E-17,0.496579319212069,0.86799134772812));
#8068=DIRECTION('',(-0.922858383937852,0.25189588659996,-0.291343209135953));
#8069=DIRECTION('',(0.144624314544016,-0.539957616228058,-0.829174035001089));
#8070=DIRECTION('',(-0.144621703260947,0.539964519236802,0.829169995182696));
#8071=DIRECTION('',(0.791965130768011,0.431736755477006,-0.431734415605006));
#8072=DIRECTION('',(-0.478643442920975,0.878009370421954,2.77555756156285E-17));
#8073=DIRECTION('',(0.,-0.707104865034951,-0.707108697332951));
#8074=DIRECTION('',(-0.610139216237145,0.586057465307139,-0.533166750808126));
#8075=DIRECTION('',(0.,-0.70710470185499,-0.70710886051199));
#8076=DIRECTION('',(0.610138980423998,-0.533159238389998,0.586064545153998));
#8077=DIRECTION('',(0.384281975425987,0.652812133527978,-0.652812133527978));
#8078=DIRECTION('',(0.,-0.707106781186547,-0.707106781186547));
#8079=DIRECTION('',(-0.922856419454949,0.291349895352984,-0.251895350390986));
#8080=DIRECTION('',(0.,-0.707102754852584,-0.707110807497584));
#8081=DIRECTION('',(0.,0.707106781186547,0.707106781186547));
#8082=DIRECTION('',(0.774379073805813,0.244858004599941,-0.583422323565859));
#8083=DIRECTION('',(0.601739918494072,0.,0.798692099930096));
#8084=DIRECTION('',(0.620950278836979,-0.471141311484984,0.626455597647979));
#8085=DIRECTION('',(-0.144615973865982,-0.829173483399896,-0.539960697207932));
#8086=DIRECTION('',(0.14461985654497,0.829177132411826,0.539954053765887));
#8087=DIRECTION('',(0.366320154946975,0.462059525323969,-0.807657439225946));
#8088=DIRECTION('',(-2.77555756156227E-17,-0.867992581162771,-0.496577163234869));
#8089=DIRECTION('',(-0.914791625757218,0.337599931789081,-0.221771430758053));
#8090=DIRECTION('',(-0.144624314544016,-0.829174035001089,-0.539957616228058));
#8091=DIRECTION('',(0.144623205377061,0.82917102117635,0.539962541393228));
#8092=DIRECTION('',(0.313590583824124,0.247561163759098,-0.916719376873362));
#8093=DIRECTION('',(-0.946171552106136,1.3877787807812E-17,-0.323665558849047));
#8094=DIRECTION('',(0.899177997992061,-0.387704206499026,0.202890059367014));
#8095=DIRECTION('',(-0.280001623218894,-0.898385514092659,-0.338382267654872));
#8096=DIRECTION('',(0.279990866747892,0.898386214473652,0.338389308609869));
#8097=DIRECTION('',(0.271189274550102,0.129856366980049,-0.953726219270359));
#8098=DIRECTION('',(-0.961870554848852,0.,-0.273505092666958));
#8099=DIRECTION('',(0.799848778191685,0.520799514455795,0.298345098447883));
#8100=DIRECTION('',(0.491688326474812,-0.870511101170667,0.0212840867089019));
#8101=DIRECTION('',(0.382033967601163,-0.0583814127188748,-0.922302368124392));
#8102=DIRECTION('',(-0.923878180291471,0.,-0.382686696896195));
#8103=DIRECTION('',(-0.747458062705647,0.567378843912732,-0.345525240722837));
#8104=DIRECTION('',(0.511090599464034,0.158886492360011,-0.844713846036056));
#8105=DIRECTION('',(-0.855582432587431,0.,-0.517666592555261));
#8106=DIRECTION('',(-0.130082257766963,0.985744402754719,0.10670791278997));
#8107=DIRECTION('',(0.921826333553517,0.0664844154583173,-0.381858656139214));
#8108=DIRECTION('',(0.382705405783154,0.,0.923870430517371));
#8109=DIRECTION('',(-0.330459371152938,-0.380058368541929,-0.863916801849838));
#8110=DIRECTION('',(-0.0319186227215265,0.994854153903579,0.0961582756935393));
#8111=DIRECTION('',(0.990468642740222,0.0443810848521699,-0.130392434810029));
#8112=DIRECTION('',(0.130521040555953,8.67361737988085E-19,0.991445539589639));
#8113=DIRECTION('',(-0.137167101977042,0.403950440523125,-0.90443862574328));
#8114=DIRECTION('',(0.792617228729815,0.608171526457858,0.0434203077670699));
#8115=DIRECTION('',(-0.608745638296917,0.793365456680892,-3.46944695195353E-18));
#8116=DIRECTION('',(0.57791371278576,-0.726663109392698,-0.371451835399846));
#8117=DIRECTION('',(0.365508646838017,-0.530943116077025,0.764527852061036));
#8118=DIRECTION('',(0.747658251690856,0.653882558956874,-0.115951445745978));
#8119=DIRECTION('',(-0.658323024908073,0.752735541127084,0.));
#8120=DIRECTION('',(0.620953132723892,-0.626462130018891,0.471128864125918));
#8121=DIRECTION('',(-0.197340009028093,0.0520459207100544,-0.97895257442546));
#8122=DIRECTION('',(0.606790196906765,0.790797987720693,-0.0802757719038089));
#8123=DIRECTION('',(0.793358399260262,-0.608754835975201,6.93889390390929E-18));
#8124=DIRECTION('',(0.554711338083003,-0.493630078613003,-0.669794503479004));
#8125=DIRECTION('',(0.774373492057139,0.583426606726104,-0.244865451551044));
#8126=DIRECTION('',(-0.601745503381966,0.798687892207954,0.));
#8127=DIRECTION('',(0.144613697524982,-0.539963694648934,-0.8291719284619));
#8128=DIRECTION('',(-0.144621352602084,0.539959639460313,0.82917323408648));
#8129=DIRECTION('',(0.892610352807013,0.432815472617006,-0.126164673047002));
#8130=DIRECTION('',(-0.436301824330107,0.899800376798221,0.));
#8131=DIRECTION('',(0.0151110355038743,0.250969802776905,0.967876962583634));
#8132=DIRECTION('',(0.909103995505257,0.399565943890113,-0.117800602034033));
#8133=DIRECTION('',(-0.402367520589915,0.915478223866807,0.));
#8134=DIRECTION('',(-0.330458437365123,0.863917631487321,0.380057294601141));
#8135=DIRECTION('',(-0.385136784216825,0.698436702778682,-0.603204633316726));
#8136=DIRECTION('',(0.921826132138879,0.38185857270495,-0.0664876872632213));
#8137=DIRECTION('',(-0.382705405783154,0.923870430517371,0.));
#8138=DIRECTION('',(0.031918596441992,0.0961667583788759,0.994853334810751));
#8139=DIRECTION('',(0.990468593411006,0.130392428315001,-0.0443822048183703));
#8140=DIRECTION('',(-0.130521040555953,0.991445539589639,8.67361737988085E-19));
#8141=DIRECTION('',(0.137167533264019,-0.904437993057124,0.403951710645055));
#8142=DIRECTION('',(0.989187189876925,0.103703550532992,-0.103702830193992));
#8143=DIRECTION('',(-0.104265717243984,0.99454947599785,0.));
#8144=DIRECTION('',(0.,-0.707104325344783,-0.707109237019783));
#8145=DIRECTION('',(0.922493313926958,0.272953403330988,-0.272951507359988));
#8146=DIRECTION('',(-0.283727149358885,0.95890505511061,1.38777878078044E-17));
#8147=DIRECTION('',(0.385136784216825,-0.603204633316726,0.698436702778682));
#8148=DIRECTION('',(0.909103755718794,0.117799410476973,-0.399566840752909));
#8149=DIRECTION('',(0.402368366468077,-6.93889390390833E-18,0.915477852089176));
#8150=DIRECTION('',(0.0151110485519115,-0.967877798323458,-0.250966578898859));
#8151=DIRECTION('',(0.892610144655028,0.126163343071004,-0.432816289578013));
#8152=DIRECTION('',(0.436302573476992,-6.93889390390688E-18,0.899800013545984));
#8153=DIRECTION('',(0.365514658947927,-0.764512431566847,0.530961181324894));
#8154=DIRECTION('',(0.792616918487993,-0.0434293043960696,-0.608171288409994));
#8155=DIRECTION('',(0.608745638296917,0.,0.793365456680892));
#8156=DIRECTION('',(-0.577918536668297,-0.371441334008191,-0.726664640921374));
#8157=DIRECTION('',(0.747657531630952,0.115950699977993,-0.653883514526958));
#8158=DIRECTION('',(0.658323929263918,0.,0.752734750199907));
#8159=DIRECTION('',(0.197339112264053,-0.978952767771262,0.0520456841997539));
#8160=DIRECTION('',(0.606794745234742,0.0802764975773258,-0.790794424039663));
#8161=DIRECTION('',(-0.79335487055669,0.,-0.608759434722762));
#8162=DIRECTION('',(-0.554708418733661,-0.669794154472591,-0.493633832734699));
#8163=DIRECTION('',(0.540710421103906,0.160737944724972,-0.825709121685856));
#8164=DIRECTION('',(-0.836587164948183,-1.3877787807813E-17,-0.54783383926512));
#8165=DIRECTION('',(-0.794959504368947,0.418624313097972,-0.439082077630971));
#8166=DIRECTION('',(0.590124346007934,0.365750549133959,-0.71970812976992));
#8167=DIRECTION('',(-0.773286924269877,0.,-0.634056253618899));
#8168=DIRECTION('',(-0.79353335183293,0.426795974642962,-0.433762625818961));
#8169=DIRECTION('',(0.608515832167088,0.561118740554081,-0.561118740554081));
#8170=DIRECTION('',(0.677896336421109,0.,0.735157504938118));
#8171=DIRECTION('',(-0.793532094380989,0.433765591661994,-0.426795298330994));
#8172=DIRECTION('',(0.590124240757934,0.719706951089919,-0.365753038295959));
#8173=DIRECTION('',(0.773286470577267,-0.634056806936219,-2.77555756156396E-17));
#8174=DIRECTION('',(-0.794958288629579,0.43908140613832,-0.418627326058305));
#8175=DIRECTION('',(0.540709415746787,0.825710759030675,-0.160732915557937));
#8176=DIRECTION('',(0.836588129658917,-0.547832366069946,0.));
#8177=DIRECTION('',(-0.130082341841957,-0.106701924654965,-0.985745039863675));
#8178=DIRECTION('',(0.511100640423041,0.844708604503067,-0.158882059521013));
#8179=DIRECTION('',(0.855576505417841,-0.517676388660904,1.38777878078074E-17));
#8180=DIRECTION('',(-0.747452041562702,0.345535259690862,-0.567380674568774));
#8181=DIRECTION('',(0.382027074257917,0.9223033352268,0.0584112349078174));
#8182=DIRECTION('',(0.923880763494145,-0.38268046049606,-3.46944695195454E-18));
#8183=DIRECTION('',(0.799851938890891,-0.298322774457959,-0.520807448191929));
#8184=DIRECTION('',(0.271175572527909,0.953732796511679,-0.129836673255956));
#8185=DIRECTION('',(0.961874686402644,-0.273490562282899,0.));
#8186=DIRECTION('',(-0.491682493769046,0.021292773255732,-0.870514183186082));
#8187=DIRECTION('',(0.130375916375009,0.990232304292065,-0.0494176483232932));
#8188=DIRECTION('',(0.99144364853417,-0.130535404321022,0.));
#8189=DIRECTION('',(0.633302251326854,-0.121524464129972,-0.764303645864824));
#8190=DIRECTION('',(0.03269354931359,0.990913645593,-0.1304656231));
#8191=DIRECTION('',(8.67361737988549E-19,0.130535404321022,0.99144364853417));
#8192=DIRECTION('',(0.903026763849839,0.0266570385105052,0.428756418107924));
#8193=DIRECTION('',(0.,-0.130535404321022,-0.99144364853417));
#8194=DIRECTION('',(0.122365606197006,0.940764260337045,-0.316210791866015));
#8195=DIRECTION('',(-6.93889390390507E-18,0.318605079635911,0.947887547776736));
#8196=DIRECTION('',(0.811015486816834,-0.278430107196943,-0.514519732905894));
#8197=DIRECTION('',(0.0741949593608219,0.921334322277527,-0.381625699604804));
#8198=DIRECTION('',(6.93889390390809E-18,0.38268046049606,0.923880763494145));
#8199=DIRECTION('',(0.903720010597677,0.0996828280240543,0.416357390041851));
#8200=DIRECTION('',(0.,-0.38268046049606,-0.923880763494145));
#8201=DIRECTION('',(0.147574030074939,0.840382267239653,-0.521516587038784));
#8202=DIRECTION('',(0.,0.527289877228109,0.849685462611175));
#8203=DIRECTION('',(0.875408301070964,-0.356385868340985,-0.326572226716986));
#8204=DIRECTION('',(0.0954481091032101,0.789736247638083,-0.605975509105064));
#8205=DIRECTION('',(0.,0.608754835975201,0.793358399260262));
#8206=DIRECTION('',(0.897474870071888,0.195068137906976,0.395584730699951));
#8207=DIRECTION('',(0.,-0.608754835975201,-0.793358399260262));
#8208=DIRECTION('',(0.156046014815963,0.698448549326835,-0.698440595328835));
#8209=DIRECTION('',(-1.38777878078018E-17,0.707102754852584,0.707110807497584));
#8210=DIRECTION('',(0.89747369245617,-0.395584211636075,-0.195074608428037));
#8211=DIRECTION('',(0.0954449999463241,0.605980268339645,-0.789732971559538));
#8212=DIRECTION('',(-6.93889390390429E-18,-0.79335487055669,-0.608759434722762));
#8213=DIRECTION('',(0.875408301070964,0.326572226716986,0.356385868340985));
#8214=DIRECTION('',(0.,-0.79335487055669,-0.608759434722762));
#8215=DIRECTION('',(0.147574030074939,0.521516587038784,-0.840382267239653));
#8216=DIRECTION('',(0.,-0.849685462611175,-0.527289877228109));
#8217=DIRECTION('',(0.903720010597677,-0.416357390041851,-0.0996828280240543));
#8218=DIRECTION('',(0.0741980914556752,0.381631829636975,-0.92133153090094));
#8219=DIRECTION('',(0.,-0.923878180291471,-0.382686696896195));
#8220=DIRECTION('',(0.811013900711153,0.514518726658097,0.278436586625053));
#8221=DIRECTION('',(0.,-0.923878180291471,-0.382686696896195));
#8222=DIRECTION('',(0.122379249013961,0.316202650604899,-0.940765222125699));
#8223=DIRECTION('',(6.93889390390657E-18,-0.947890123411941,-0.31859741671598));
#8224=DIRECTION('',(0.903020533730052,-0.428770246485025,-0.0266456636446215));
#8225=DIRECTION('',(0.0327013740909638,0.130451233602015,-0.990915281840115));
#8226=DIRECTION('',(-8.67361737988085E-19,-0.991445539589639,-0.130521040555953));
#8227=DIRECTION('',(0.633308553728759,0.764299479244709,0.121517825030954));
#8228=DIRECTION('',(0.,-0.991445539589639,-0.130521040555953));
#8229=DIRECTION('',(0.130361552247065,0.0494204219482947,-0.990234056973496));
#8230=DIRECTION('',(-0.991445539589639,0.,-0.130521040555953));
#8231=DIRECTION('',(-0.247557356994098,0.916719204391364,-0.313594093213124));
#8232=DIRECTION('',(0.,0.32366885604612,0.946170424197351));
#8233=DIRECTION('',(0.337612297806881,-0.221762648524922,-0.914789191064679));
#8234=DIRECTION('',(-0.898384432945294,-0.338387926582111,-0.279998253182092));
#8235=DIRECTION('',(-0.387733434084155,0.202882754158081,0.89916704352336));
#8236=DIRECTION('',(0.898384306225759,0.338388589841909,0.279997858191925));
#8237=DIRECTION('',(-0.583416107515679,0.244869297917865,-0.774380185973574));
#8238=DIRECTION('',(-0.798695596537818,0.,0.601735277402863));
#8239=DIRECTION('',(0.539955352648162,0.829179127031248,-0.144603569950043));
#8240=DIRECTION('',(0.626451781259014,-0.47114668372701,-0.620950052879013));
#8241=DIRECTION('',(0.539958580720729,0.829176118264584,-0.144608768771927));
#8242=DIRECTION('',(-0.586064973528067,0.533166274975061,0.61013242008007));
#8243=DIRECTION('',(0.0433957547070877,0.608185959299967,-0.792607498944957));
#8244=DIRECTION('',(0.,-0.79335487055669,-0.608759434722762));
#8245=DIRECTION('',(-0.371453797162134,-0.726658077565262,-0.577918778794209));
#8246=DIRECTION('',(0.,0.79335487055669,0.608759434722762));
#8247=DIRECTION('',(0.764521298349729,-0.530932084157812,-0.365538378807871));
#8248=DIRECTION('',(-0.115938627093019,0.65388555600211,-0.747657618432125));
#8249=DIRECTION('',(0.,-0.752733769565428,-0.658325050530375));
#8250=DIRECTION('',(0.471119632207034,-0.626469285123045,-0.620952918462044));
#8251=DIRECTION('',(-0.978955581393024,0.0520468209598413,0.197324854206005));
#8252=DIRECTION('',(-0.0802654714267834,0.790798645813428,-0.606790701870328));
#8253=DIRECTION('',(0.,0.608754835975201,0.793358399260262));
#8254=DIRECTION('',(-0.669784529750133,-0.493629750161098,-0.55472367306911));
#8255=DIRECTION('',(0.,0.608754835975201,0.793358399260262));
#8256=DIRECTION('',(-0.160726677062951,0.82571239095975,-0.540708778082836));
#8257=DIRECTION('',(1.38777878078109E-17,0.547831156121034,0.836588921982052));
#8258=DIRECTION('',(0.41862552883708,-0.439083352782084,-0.794958159852152));
#8259=DIRECTION('',(-0.985746638608354,-0.106703409031038,0.130069008505047));
#8260=DIRECTION('',(-0.158876407025033,0.844708471971174,-0.511102616576105));
#8261=DIRECTION('',(-1.38777878078105E-17,0.517677913291017,0.855575582921029));
#8262=DIRECTION('',(-0.567367115541791,0.345546494459873,0.747457140154725));
#8263=DIRECTION('',(0.0584274054627058,0.922302460968408,-0.382026712132169));
#8264=DIRECTION('',(0.,0.38268046049606,0.923880763494145));
#8265=DIRECTION('',(-0.520778694919941,-0.298323132711966,-0.799870526651909));
#8266=DIRECTION('',(0.,0.38268046049606,0.923880763494145));
#8267=DIRECTION('',(-0.129829578977937,0.953732792624536,-0.271178982767868));
#8268=DIRECTION('',(6.93889390390888E-18,0.273493745409074,0.961873781336261));
#8269=DIRECTION('',(-0.870526743719141,0.0212929711609634,0.49166024635808));
#8270=DIRECTION('',(-0.0494133886790965,0.99023251323873,-0.130375943885964));
#8271=DIRECTION('',(8.67361737988549E-19,0.130535404321022,0.99144364853417));
#8272=DIRECTION('',(-0.764293881090342,-0.121522287591054,-0.633314453448284));
#8273=DIRECTION('',(0.,0.130535404321022,0.99144364853417));
#8274=DIRECTION('',(-0.130465631732023,0.990913711156172,-0.0326915276404457));
#8275=DIRECTION('',(0.99144364853417,0.130535404321022,8.67361737988549E-19));
#8276=DIRECTION('',(0.42873885285511,0.0266562943072769,-0.903035125577232));
#8277=DIRECTION('',(-0.316214532307968,0.940763616175905,-0.122360892595988));
#8278=DIRECTION('',(0.947886343713884,0.318608661841961,0.));
#8279=DIRECTION('',(-0.514513870984117,-0.278426935043063,-0.811020294695185));
#8280=DIRECTION('',(-0.605974983700967,0.789735562905958,-0.0954571097939949));
#8281=DIRECTION('',(0.793358399260262,0.608754835975201,-6.93889390390929E-18));
#8282=DIRECTION('',(0.395596078364844,0.195067099785923,-0.897470093854645));
#8283=DIRECTION('',(0.32656050391523,0.356387395557251,0.875412052447617));
#8284=DIRECTION('',(-0.652810346593081,0.652825215295081,-0.384262787238048));
#8285=DIRECTION('',(0.707114833739696,0.707098728541696,0.));
#8286=DIRECTION('',(0.681511661639004,0.284669519767002,-0.674169948578004));
#8287=DIRECTION('',(-0.707114833739696,-0.707098728541696,0.));
#8288=DIRECTION('',(-0.291322168054938,0.251896645913947,0.922864819015805));
#8289=DIRECTION('',(-0.698435762536184,0.698451670423184,-0.156053675681041));
#8290=DIRECTION('',(0.707114833739696,0.707098728541696,0.));
#8291=DIRECTION('',(-0.195068137906976,-0.395584730699951,-0.897474870071888));
#8292=DIRECTION('',(-0.789743692127004,0.605966675139003,-0.0954425972330505));
#8293=DIRECTION('',(-0.608745638296917,-0.793365456680892,-6.93889390390605E-18));
#8294=DIRECTION('',(0.356374412721905,0.326573753936913,-0.875412394929767));
#8295=DIRECTION('',(-0.652819593976807,0.652805586475807,-0.384280423630887));
#8296=DIRECTION('',(-0.707099194895853,-0.707114367395853,0.));
#8297=DIRECTION('',(-0.707099194895853,-0.707114367395853,0.));
#8298=DIRECTION('',(0.251894501159088,-0.291348913105102,-0.922856961353324));
#8299=DIRECTION('',(-0.840374862277931,0.521534865903957,-0.147551599441988));
#8300=DIRECTION('',(-0.527306574243817,-0.849675100705705,0.));
#8301=DIRECTION('',(-0.539970283317003,-0.829168755564005,0.144607288651001));
#8302=DIRECTION('',(-0.0997124136262763,-0.416350200570151,-0.903720059008329));
#8303=DIRECTION('',(-0.921325426060634,0.381651159504848,-0.0741744682677005));
#8304=DIRECTION('',(-0.382705405783154,-0.923870430517371,3.46944695195539E-18));
#8305=DIRECTION('',(0.278426935043063,0.514513870984117,-0.811020294695185));
#8306=DIRECTION('',(-0.431730902535103,0.431730902535103,-0.791970236557189));
#8307=DIRECTION('',(-0.878013394163491,0.,0.478636061814722));
#8308=DIRECTION('',(-0.533166274975061,0.586064973528067,0.61013242008007));
#8309=DIRECTION('',(0.707106781186547,0.707106781186547,0.));
#8310=DIRECTION('',(-0.707106781186547,-0.707106781186547,0.));
#8311=DIRECTION('',(-0.561119697097984,0.561119697097984,-0.608514068084982));
#8312=DIRECTION('',(-0.735155949636014,2.77555756156305E-17,0.677898023094013));
#8313=DIRECTION('',(0.433764334209756,-0.42679406108576,-0.793533447177554));
#8314=DIRECTION('',(-0.426806011950084,0.433761628962085,0.793528498167156));
#8315=DIRECTION('',(-0.719706029175753,0.365753238706874,-0.590125240896797));
#8316=DIRECTION('',(0.634057935186322,0.,-0.773285545466393));
#8317=DIRECTION('',(0.439083352782084,-0.41862552883708,-0.794958159852152));
#8318=DIRECTION('',(-0.53995835176186,-0.829176237039785,0.144608942638962));
#8319=DIRECTION('',(-0.807653871401671,0.462053908117812,-0.366335106156851));
#8320=DIRECTION('',(-0.496574267700846,-0.867994237686731,0.));
#8321=DIRECTION('',(0.221791530585895,-0.337597162414841,-0.914787774781568));
#8322=DIRECTION('',(-0.916720767179816,0.24753121763495,-0.313610158185937));
#8323=DIRECTION('',(0.323683205964972,0.,-0.946165515211919));
#8324=DIRECTION('',(0.386301436394903,0.348854066026913,-0.853857154830786));
#8325=DIRECTION('',(-0.33836876952007,-0.898392435514186,0.279995727868058));
#8326=DIRECTION('',(-0.940769919915035,0.316188564319012,-0.122379530874005));
#8327=DIRECTION('',(-0.318583234902987,-0.947894889973961,-6.93889390390672E-18));
#8328=DIRECTION('',(-0.0266336731742398,-0.428757375629158,-0.903026998653332));
#8329=DIRECTION('',(-0.990914923257994,0.130451186394999,-0.0327124262741298));
#8330=DIRECTION('',(-0.130521040555953,-0.991445539589639,-8.67361737988085E-19));
#8331=DIRECTION('',(0.121523745473988,0.764287353507924,-0.633322051213937));
#8332=DIRECTION('',(-0.922292151190061,-0.0584273028894539,-0.382051617102025));
#8333=DIRECTION('',(0.382705405783154,0.,-0.923870430517371));
#8334=DIRECTION('',(-0.345564022071809,0.567379457993687,0.747439667997588));
#8335=DIRECTION('',(-0.298340892111032,-0.520792171756055,0.799855128090085));
#8336=DIRECTION('',(-0.990233755861777,0.0494265594867988,-0.130361512606971));
#8337=DIRECTION('',(0.130521040555953,0.,-0.991445539589639));
#8338=DIRECTION('',(-0.0212754321463554,0.870522745074223,0.491668085496126));
#8339=DIRECTION('',(-0.953727701916055,0.129855153262008,-0.271184641470016));
#8340=DIRECTION('',(0.273500376178069,-6.93889390390874E-18,-0.961871895956242));
#8341=DIRECTION('',(-0.202885053110073,0.38770860192414,0.899177232373324));
#8342=DIRECTION('',(-0.916716099866189,0.247572588769051,-0.313591143906065));
#8343=DIRECTION('',(0.323667112172993,-1.38777878078097E-17,-0.946171020744979));
#8344=DIRECTION('',(0.338402024738104,0.898379693722277,-0.279996420621086));
#8345=DIRECTION('',(-0.844692302639341,0.158876237216064,-0.511129391749206));
#8346=DIRECTION('',(0.517705018596209,0.,-0.855559181892345));
#8347=DIRECTION('',(0.106702134826011,0.985746981482101,0.130067455278013));
#8348=DIRECTION('',(-0.825713171751732,0.160724706315948,-0.540708171544824));
#8349=DIRECTION('',(0.547830363466019,0.,-0.83658944104303));
#8350=DIRECTION('',(0.49362554988092,0.669791534546892,-0.55471895294291));
#8351=DIRECTION('',(-0.79080496601501,0.080276653832101,-0.606780985674008));
#8352=DIRECTION('',(0.608745638296917,6.93889390390605E-18,-0.793365456680892));
#8353=DIRECTION('',(-0.0520273572468644,0.978957300544895,0.197321458051979));
#8354=DIRECTION('',(-0.65388608554991,0.115948403287984,-0.747655639247897));
#8355=DIRECTION('',(-0.752732641781132,0.,0.658326340045116));
#8356=DIRECTION('',(0.726662972660079,0.37143816369804,-0.577922671915063));
#8357=DIRECTION('',(-0.60818590337716,-0.0433978695465214,-0.792607426064209));
#8358=DIRECTION('',(-0.79335487055669,0.,0.608759434722762));
#8359=DIRECTION('',(-0.530947235593272,0.764505788258392,0.365548810332187));
#8360=DIRECTION('',(-0.432833189177864,0.12619445093996,-0.892597552594719));
#8361=DIRECTION('',(-0.899790909011109,0.,0.436321349536053));
#8362=DIRECTION('',(0.250969698297007,0.967876559652027,0.0151385538564604));
#8363=DIRECTION('',(-0.272957653516938,0.272965237569938,-0.92248799366979));
#8364=DIRECTION('',(0.,-0.958901263030756,-0.283739965034928));
#8365=DIRECTION('',(0.707116604365314,0.707096957871314,0.));
#8366=DIRECTION('',(0.698432771968201,-0.603201238473174,-0.385149229449111));
#8367=DIRECTION('',(-0.603210534249905,0.69842661567289,0.38514583457394));
#8368=DIRECTION('',(-0.399562488862044,0.117825532625013,-0.909102283220101));
#8369=DIRECTION('',(-0.915479226318091,6.93889390390769E-18,0.40236523977604));
#8370=DIRECTION('',(0.863921366579072,0.380058937754032,-0.330446782707028));
#8371=DIRECTION('',(-0.381840347494961,0.0664703409892732,-0.921834932508905));
#8372=DIRECTION('',(-0.923878180291471,0.,0.382686696896195));
#8373=DIRECTION('',(0.0961668109262251,0.994853878417156,0.031901490163025));
#8374=DIRECTION('',(-0.381625735992909,0.92133441012678,-0.0741936812957023));
#8375=DIRECTION('',(0.923880763494145,0.38268046049606,3.46944695195454E-18));
#8376=DIRECTION('',(0.416351500085903,0.0996814178715367,-0.903722879707789));
#8377=DIRECTION('',(-0.521525400667803,0.840376420269682,-0.147576179354944));
#8378=DIRECTION('',(0.849679826415772,0.527298959397858,0.));
#8379=DIRECTION('',(0.82917093376412,0.539966084537078,0.144610477319021));
#8380=DIRECTION('',(-0.462060589272002,0.807660960696003,-0.366311048713002));
#8381=DIRECTION('',(0.867993021538313,0.496576393479179,-2.775557561564E-17));
#8382=DIRECTION('',(0.829178925693981,0.539955514647988,0.144604119533997));
#8383=DIRECTION('',(-0.36575572404304,0.719700586743079,-0.590130337952065));
#8384=DIRECTION('',(-2.77555756156383E-17,0.634064077091189,0.773280509351231));
#8385=DIRECTION('',(0.829174044952607,0.539962577339744,0.144605733805932));
#8386=DIRECTION('',(-0.244871924925047,0.583413001978112,-0.774381694971149));
#8387=DIRECTION('',(1.38777878078126E-17,-0.798697699474151,-0.601732486122114));
#8388=DIRECTION('',(0.829173929279992,0.539962800313995,0.144605564482999));
#8389=DIRECTION('',(-0.126193155403021,0.432828030954073,-0.89260023703215));
#8390=DIRECTION('',(0.,-0.899793465595797,-0.436316077254902));
#8391=DIRECTION('',(0.967876559652027,0.250969698297007,-0.0151385538564604));
#8392=DIRECTION('',(-0.117825112438008,0.399560820885029,-0.909103070775065));
#8393=DIRECTION('',(6.9388939039077E-18,-0.915479973435093,-0.402363539898041));
#8394=DIRECTION('',(0.380047744121062,0.863925662346141,0.330448425822054));
#8395=DIRECTION('',(-0.0664726191715768,0.381840289414982,-0.921834792291956));
#8396=DIRECTION('',(0.,-0.923878180291471,-0.382686696896195));
#8397=DIRECTION('',(0.,0.923878180291471,0.382686696896195));
#8398=DIRECTION('',(0.99485352682317,0.0961700875557664,-0.0319025771218655));
#8399=DIRECTION('',(-0.0443667144411554,0.130392518120986,-0.990469275579897));
#8400=DIRECTION('',(0.,-0.991445539589639,-0.130521040555953));
#8401=DIRECTION('',(0.,0.991445539589639,0.130521040555953));
#8402=DIRECTION('',(0.403940459031165,-0.90444393608537,-0.137161481605056));
#8403=DIRECTION('',(-0.103697280178992,0.103700161378992,-0.989188127007927));
#8404=DIRECTION('',(0.,-0.994549839586309,-0.104262249059032));
#8405=DIRECTION('',(0.904438855614769,-0.403952095890897,-0.137160711136965));
#8406=DIRECTION('',(-0.130392526957053,0.044365190141288,-0.990469342694402));
#8407=DIRECTION('',(-0.991445539589639,-8.67361737988085E-19,0.130521040555953));
#8408=DIRECTION('',(0.,0.99144364853417,-0.130535404321022));
#8409=DIRECTION('',(0.,0.130535404321022,0.99144364853417));
#8410=DIRECTION('',(1.,0.,0.));
#8411=DIRECTION('',(0.,0.923880763494145,-0.38268046049606));
#8412=DIRECTION('',(0.,0.38268046049606,0.923880763494145));
#8413=DIRECTION('',(1.,0.,0.));
#8414=DIRECTION('',(0.,0.793358399260262,-0.608754835975201));
#8415=DIRECTION('',(0.,0.608754835975201,0.793358399260262));
#8416=DIRECTION('',(1.,0.,0.));
#8417=DIRECTION('',(0.,0.608759434722762,-0.79335487055669));
#8418=DIRECTION('',(0.,-0.79335487055669,-0.608759434722762));
#8419=DIRECTION('',(1.,0.,0.));
#8420=DIRECTION('',(0.,0.382686696896195,-0.923878180291471));
#8421=DIRECTION('',(0.,-0.923878180291471,-0.382686696896195));
#8422=DIRECTION('',(1.,0.,0.));
#8423=DIRECTION('',(0.,0.130521040555953,-0.991445539589639));
#8424=DIRECTION('',(0.,-0.991445539589639,-0.130521040555953));
#8425=DIRECTION('',(-0.00100494976324138,-0.989195985631372,-0.146595675539055));
#8426=DIRECTION('',(2.71050543121414E-20,0.146595749565007,-0.989196485138051));
#8427=DIRECTION('',(-0.999532835425136,0.00547164775973974,-0.0300694525687041));
#8428=DIRECTION('',(-0.999924662532043,0.00278740326748912,-0.0119540638781905));
#8429=DIRECTION('',(0.000805621065044398,-0.956872272637998,-0.290507839534999));
#8430=DIRECTION('',(0.,0.290507933808128,-0.956872583155423));
#8431=DIRECTION('',(-0.999692557849443,-0.00796997023732153,0.0234791259388904));
#8432=DIRECTION('',(-0.00162219713645178,-0.923879547886444,-0.382679956979184));
#8433=DIRECTION('',(0.,0.38268046049606,-0.923880763494145));
#8434=DIRECTION('',(0.,0.38268046049606,-0.923880763494145));
#8435=DIRECTION('',(0.00162219713645178,-0.923879547886444,-0.382679956979184));
#8436=DIRECTION('',(0.,0.38268046049606,-0.923880763494145));
#8437=DIRECTION('',(0.,-0.38268046049606,0.923880763494145));
#8438=DIRECTION('',(0.999692557849443,-0.00796997023732153,0.0234791259388904));
#8439=DIRECTION('',(-0.000805621065044398,-0.956872272637998,-0.290507839534999));
#8440=DIRECTION('',(0.,0.290507933808128,-0.956872583155423));
#8441=DIRECTION('',(0.999924662532043,0.00278740326748912,-0.0119540638781905));
#8442=DIRECTION('',(0.00100494976324138,-0.989195985631372,-0.146595675539055));
#8443=DIRECTION('',(0.,0.146595749565007,-0.989196485138051));
#8444=DIRECTION('',(0.999532835425136,0.00547164775973974,-0.0300694525687041));
#8445=DIRECTION('',(0.00399775246508018,-0.998797651602546,-0.0488596881740778));
#8446=DIRECTION('',(2.71050543121297E-20,0.0488600786171315,-0.998805633102621));
#8447=DIRECTION('',(0.998811647274184,0.00636155143374117,-0.0483200158607789));
#8448=DIRECTION('',(0.,-0.991444594087114,-0.130528222448015));
#8449=DIRECTION('',(0.,0.130528222448015,-0.991444594087114));
#8450=DIRECTION('',(-1.,0.,0.));
#8451=DIRECTION('',(0.99992560370856,0.0015921610214123,-0.0120934722620547));
#8452=DIRECTION('',(0.,-0.923880763494145,-0.38268046049606));
#8453=DIRECTION('',(0.,0.38268046049606,-0.923880763494145));
#8454=DIRECTION('',(1.,0.,0.));
#8455=DIRECTION('',(0.,-0.983844132866304,-0.179027154992055));
#8456=DIRECTION('',(0.,0.179027154992055,-0.983844132866304));
#8457=DIRECTION('',(0.999970822472155,-0.00136758707021921,0.00751557781992417));
#8458=DIRECTION('',(-0.000230600675762088,-0.988799946482949,-0.149246817917992));
#8459=DIRECTION('',(6.77626357803754E-21,0.149246821886078,-0.988799972773516));
#8460=DIRECTION('',(0.999997370738823,0.00011249244167108,-0.00229038444186059));
#8461=DIRECTION('',(0.,-0.998796031693535,-0.0490559585906372));
#8462=DIRECTION('',(0.,0.0490559585906372,-0.998796031693535));
#8463=DIRECTION('',(0.,0.,-1.));
#8464=DIRECTION('',(-1.,0.,0.));
#8465=DIRECTION('',(0.,-1.,0.));
#8466=DIRECTION('',(-1.,0.,0.));
#8467=DIRECTION('',(1.,0.,0.));
#8468=DIRECTION('',(0.,-1.,0.));
#8469=DIRECTION('',(0.,0.,-1.));
#8470=DIRECTION('',(0.,0.,1.));
#8471=DIRECTION('',(0.,1.,0.));
#8472=DIRECTION('',(0.,0.,1.));
#8473=DIRECTION('',(-1.,0.,0.));
#8474=DIRECTION('',(0.,0.,1.));
#8475=DIRECTION('',(0.,1.,0.));
#8476=DIRECTION('',(0.,0.,1.));
#8477=DIRECTION('',(0.,0.,1.));
#8478=DIRECTION('',(0.,0.,-1.));
#8479=DIRECTION('',(0.,0.,-1.));
#8480=DIRECTION('',(-1.,0.,0.));
#8481=DIRECTION('',(0.,0.,-1.));
#8482=DIRECTION('',(-1.,0.,0.));
#8483=DIRECTION('',(0.,-1.,0.));
#8484=DIRECTION('',(-1.,0.,0.));
#8485=DIRECTION('',(0.,1.,0.));
#8486=DIRECTION('',(1.,0.,0.));
#8487=DIRECTION('',(0.,-1.,0.));
#8488=DIRECTION('',(0.,0.,-1.));
#8489=DIRECTION('',(-1.,0.,0.));
#8490=DIRECTION('',(-1.,0.,0.));
#8491=DIRECTION('',(0.,0.,-1.));
#8492=DIRECTION('',(0.,0.,1.));
#8493=DIRECTION('',(1.,0.,0.));
#8494=DIRECTION('',(0.,0.,1.));
#8495=DIRECTION('',(0.,0.,1.));
#8496=DIRECTION('',(-1.,0.,0.));
#8497=DIRECTION('',(0.,0.,-1.));
#8498=DIRECTION('',(0.,0.,-1.));
#8499=DIRECTION('',(0.,1.,0.));
#8500=DIRECTION('',(0.,0.,1.));
#8501=DIRECTION('',(-1.,0.,0.));
#8502=DIRECTION('',(0.,0.,-1.));
#8503=DIRECTION('',(0.,1.,0.));
#8504=DIRECTION('',(0.,0.,-1.));
#8505=DIRECTION('',(0.,-1.,0.));
#8506=DIRECTION('',(0.,-1.,0.));
#8507=DIRECTION('',(0.,-1.,0.));
#8508=DIRECTION('',(0.,0.,1.));
#8509=DIRECTION('',(-0.999999999996288,0.,2.72478369154678E-6));
#8510=DIRECTION('',(-2.72478369154678E-6,0.,-0.999999999996288));
#8511=DIRECTION('',(-2.72478369154678E-6,0.,-0.999999999996288));
#8512=DIRECTION('',(2.72478369154678E-6,0.,0.999999999996288));
#8513=DIRECTION('',(0.,-1.,0.));
#8514=DIRECTION('',(0.,0.,-1.));
#8515=DIRECTION('',(0.,0.,1.));
#8516=DIRECTION('',(-1.,0.,0.));
#8517=DIRECTION('',(-1.,0.,0.));
#8518=DIRECTION('',(0.,0.,-1.));
#8519=DIRECTION('',(0.,0.,-1.));
#8520=DIRECTION('',(0.,-1.,0.));
#8521=DIRECTION('',(0.,0.975132858478257,-0.221621091767058));
#8522=DIRECTION('',(0.,0.,-1.));
#8523=DIRECTION('',(-1.,0.,0.));
#8524=DIRECTION('',(1.,0.,0.));
#8525=DIRECTION('',(0.,-1.,0.));
#8526=DIRECTION('',(-1.,0.,0.));
#8527=DIRECTION('',(0.,0.,-1.));
#8528=DIRECTION('',(-1.,0.,0.));
#8529=DIRECTION('',(-1.,0.,0.));
#8530=DIRECTION('',(1.,0.,0.));
#8531=DIRECTION('',(0.,1.,0.));
#8532=DIRECTION('',(0.,0.,-1.));
#8533=DIRECTION('',(-1.,0.,0.));
#8534=DIRECTION('',(0.,-1.,0.));
#8535=DIRECTION('',(-1.,0.,0.));
#8536=DIRECTION('',(0.,-0.221620852372041,-0.975132912886182));
#8537=DIRECTION('',(0.,-0.975132912886182,0.221620852372041));
#8538=DIRECTION('',(-1.,0.,0.));
#8539=DIRECTION('',(0.,-0.975132859597825,0.22162108684096));
#8540=DIRECTION('',(1.,0.,0.));
#8541=DIRECTION('',(0.,0.22162110155896,0.975132856252825));
#8542=DIRECTION('',(0.,0.975132856252825,-0.22162110155896));
#8543=DIRECTION('',(0.,0.975132856252825,-0.22162110155896));
#8544=DIRECTION('',(-1.,0.,0.));
#8545=DIRECTION('',(1.,0.,0.));
#8546=DIRECTION('',(0.,0.,1.));
#8547=DIRECTION('',(-1.,0.,0.));
#8548=DIRECTION('',(0.,0.,-1.));
#8549=DIRECTION('',(0.,0.,-1.));
#8550=DIRECTION('',(0.,0.,1.));
#8551=DIRECTION('',(0.,1.,0.));
#8552=DIRECTION('',(0.,1.,0.));
#8553=DIRECTION('',(0.,0.,1.));
#8554=DIRECTION('',(0.,0.,1.));
#8555=DIRECTION('',(1.,0.,0.));
#8556=DIRECTION('',(0.,0.,-1.));
#8557=DIRECTION('',(1.,0.,0.));
#8558=DIRECTION('',(0.,0.,1.));
#8559=DIRECTION('',(1.,0.,0.));
#8560=DIRECTION('',(0.,0.,1.));
#8561=DIRECTION('',(1.,0.,0.));
#8562=DIRECTION('',(0.,0.,-1.));
#8563=DIRECTION('',(1.,0.,0.));
#8564=DIRECTION('',(1.,0.,0.));
#8565=DIRECTION('',(0.,0.,1.));
#8566=DIRECTION('',(0.,0.,1.));
#8567=DIRECTION('',(0.,-1.,0.));
#8568=DIRECTION('',(0.,1.,0.));
#8569=DIRECTION('',(0.,0.,1.));
#8570=DIRECTION('',(0.,0.,1.));
#8571=DIRECTION('',(1.,0.,0.));
#8572=DIRECTION('',(0.,0.,-1.));
#8573=DIRECTION('',(1.,0.,0.));
#8574=DIRECTION('',(0.,0.,1.));
#8575=DIRECTION('',(1.,0.,0.));
#8576=DIRECTION('',(0.,0.,-1.));
#8577=DIRECTION('',(1.,0.,0.));
#8578=DIRECTION('',(0.,0.,-1.));
#8579=DIRECTION('',(1.,0.,0.));
#8580=DIRECTION('',(0.,-1.,0.));
#8581=DIRECTION('',(0.,0.,-1.));
#8582=DIRECTION('',(-1.,0.,0.));
#8583=DIRECTION('',(0.,0.,-1.));
#8584=DIRECTION('',(-1.,0.,0.));
#8585=DIRECTION('',(0.,0.,1.));
#8586=DIRECTION('',(-1.,0.,0.));
#8587=DIRECTION('',(0.,0.,-1.));
#8588=DIRECTION('',(-1.,0.,0.));
#8589=DIRECTION('',(0.,0.,1.));
#8590=DIRECTION('',(-1.,0.,0.));
#8591=DIRECTION('',(0.,0.,-1.));
#8592=DIRECTION('',(-1.,0.,0.));
#8593=DIRECTION('',(0.,1.,0.));
#8594=DIRECTION('',(0.,1.,0.));
#8595=DIRECTION('',(1.,0.,0.));
#8596=DIRECTION('',(0.,1.,0.));
#8597=DIRECTION('',(0.,0.,-1.));
#8598=DIRECTION('',(-1.,0.,0.));
#8599=DIRECTION('',(1.,0.,0.));
#8600=DIRECTION('',(0.,-1.,0.));
#8601=DIRECTION('',(0.,-1.,0.));
#8602=DIRECTION('',(0.,-1.,0.));
#8603=DIRECTION('',(0.,0.,-1.));
#8604=DIRECTION('',(0.,0.,1.));
#8605=DIRECTION('',(-1.,0.,0.));
#8606=DIRECTION('',(0.,0.,-1.));
#8607=DIRECTION('',(-1.,0.,0.));
#8608=DIRECTION('',(0.,0.,1.));
#8609=DIRECTION('',(0.,0.,1.));
#8610=DIRECTION('',(0.,0.,-1.));
#8611=DIRECTION('',(-1.,0.,0.));
#8612=DIRECTION('',(0.,0.,-1.));
#8613=DIRECTION('',(-1.,0.,0.));
#8614=DIRECTION('',(0.,-1.,0.));
#8615=DIRECTION('',(0.,1.,0.));
#8616=DIRECTION('',(-1.,0.,0.));
#8617=DIRECTION('',(0.,0.,-1.));
#8618=DIRECTION('',(0.,0.,-1.));
#8619=DIRECTION('',(-1.,0.,0.));
#8620=DIRECTION('',(0.,1.,0.));
#8621=DIRECTION('',(0.,-1.,0.));
#8622=DIRECTION('',(1.,0.,0.));
#8623=DIRECTION('',(0.,0.,1.));
#8624=DIRECTION('',(0.,0.,-1.));
#8625=DIRECTION('',(-1.,0.,0.));
#8626=DIRECTION('',(0.,1.,0.));
#8627=DIRECTION('',(0.,-1.,0.));
#8628=DIRECTION('',(-1.,0.,0.));
#8629=DIRECTION('',(0.,0.,-1.));
#8630=DIRECTION('',(1.,0.,0.));
#8631=DIRECTION('',(0.,0.,1.));
#8632=DIRECTION('',(0.,-0.196115955301065,0.980580711658327));
#8633=DIRECTION('',(0.,-1.,0.));
#8634=DIRECTION('',(0.,0.,-1.));
#8635=DIRECTION('',(-1.,0.,0.));
#8636=DIRECTION('',(0.,-1.,0.));
#8637=DIRECTION('',(0.,1.,0.));
#8638=DIRECTION('',(1.,0.,0.));
#8639=DIRECTION('',(0.,0.,1.));
#8640=DIRECTION('',(-1.,0.,0.));
#8641=DIRECTION('',(0.,0.,-1.));
#8642=DIRECTION('',(0.,0.242535625036098,0.970142500145391));
#8643=DIRECTION('',(0.,1.,0.));
#8644=DIRECTION('',(1.,0.,0.));
#8645=DIRECTION('',(0.,0.,1.));
#8646=DIRECTION('',(0.,0.,1.));
#8647=DIRECTION('',(0.,1.,0.));
#8648=DIRECTION('',(0.,0.,1.));
#8649=DIRECTION('',(-1.,0.,0.));
#8650=DIRECTION('',(0.,0.,-1.));
#8651=DIRECTION('',(0.,1.,0.));
#8652=DIRECTION('',(0.,0.196115955301065,-0.980580711658327));
#8653=DIRECTION('',(0.,0.,-1.));
#8654=DIRECTION('',(-1.,0.,0.));
#8655=DIRECTION('',(1.,0.,0.));
#8656=DIRECTION('',(0.,-0.980580711658327,-0.196115955301065));
#8657=DIRECTION('',(0.,0.196115955301065,-0.980580711658327));
#8658=DIRECTION('',(1.,0.,0.));
#8659=DIRECTION('',(0.,0.,1.));
#8660=DIRECTION('',(0.,-1.,0.));
#8661=DIRECTION('',(0.,-0.242535625036098,-0.970142500145391));
#8662=DIRECTION('',(0.,0.,-1.));
#8663=DIRECTION('',(-1.,0.,0.));
#8664=DIRECTION('',(-1.,0.,0.));
#8665=DIRECTION('',(0.,0.970142500145391,-0.242535625036098));
#8666=DIRECTION('',(0.,0.242535625036098,0.970142500145391));
#8667=DIRECTION('',(0.,0.,-1.));
#8668=DIRECTION('',(-1.,0.,0.));
#8669=DIRECTION('',(0.,0.,1.));
#8670=DIRECTION('',(1.,0.,0.));
#8671=DIRECTION('',(-1.,0.,0.));
#8672=DIRECTION('',(1.,0.,0.));
#8673=DIRECTION('',(0.,0.,-1.));
#8674=DIRECTION('',(0.,0.,1.));
#8675=DIRECTION('',(0.,1.,0.));
#8676=DIRECTION('',(-1.,2.43469961540604E-15,0.));
#8677=DIRECTION('',(-2.43469961540604E-15,-1.,0.));
#8678=DIRECTION('',(-2.43469961540604E-15,-1.,0.));
#8679=DIRECTION('',(0.,0.,1.));
#8680=DIRECTION('',(0.,1.,0.));
#8681=DIRECTION('',(0.,0.,1.));
#8682=DIRECTION('',(-1.,0.,0.));
#8683=DIRECTION('',(0.,0.,1.));
#8684=DIRECTION('',(1.,0.,0.));
#8685=DIRECTION('',(-0.707106781186546,0.,0.70710678118655));
#8686=DIRECTION('',(0.,-1.,0.));
#8687=DIRECTION('',(0.577350269189628,0.577350269189625,0.577350269189625));
#8688=DIRECTION('',(0.,-0.707106781186547,0.707106781186547));
#8689=DIRECTION('',(1.,0.,0.));
#8690=DIRECTION('',(0.577350269189626,-0.577350269189626,-0.577350269189626));
#8691=DIRECTION('',(0.707106781186546,-1.72159260820589E-15,0.707106781186549));
#8692=DIRECTION('',(2.43469961540604E-15,1.,0.));
#8693=DIRECTION('',(0.,-0.707106781186547,0.707106781186548));
#8694=DIRECTION('',(1.,0.,0.));
#8695=DIRECTION('',(-1.,0.,0.));
#8696=DIRECTION('',(0.,0.,1.));
#8697=DIRECTION('',(0.,1.,0.));
#8698=DIRECTION('',(0.,0.,1.));
#8699=DIRECTION('',(1.,0.,0.));
#8700=DIRECTION('',(1.,0.,0.));
#8701=DIRECTION('',(0.,-0.707106781186548,0.707106781186547));
#8702=DIRECTION('',(1.,0.,0.));
#8703=DIRECTION('',(-0.577350269189626,-0.577350269189626,-0.577350269189626));
#8704=DIRECTION('',(0.577350269189626,-0.577350269189626,-0.577350269189626));
#8705=DIRECTION('',(0.707106781186547,0.,0.707106781186548));
#8706=DIRECTION('',(0.,1.,0.));
#8707=DIRECTION('',(0.577350269189626,0.577350269189626,-0.577350269189625));
#8708=DIRECTION('',(-0.707106781186547,0.,0.707106781186548));
#8709=DIRECTION('',(0.,-1.,0.));
#8710=DIRECTION('',(0.577350269189626,-0.577350269189626,0.577350269189626));
#8711=DIRECTION('',(-3.11856288138992E-16,0.707106781186547,0.707106781186548));
#8712=DIRECTION('',(-1.,-4.41031392197494E-16,0.));
#8713=DIRECTION('',(0.,0.,-1.));
#8714=DIRECTION('',(-1.,0.,0.));
#8715=DIRECTION('',(1.,0.,0.));
#8716=DIRECTION('',(0.,1.,0.));
#8717=DIRECTION('',(-1.,0.,0.));
#8718=DIRECTION('',(0.,0.,1.));
#8719=DIRECTION('',(0.,0.,-1.));
#8720=DIRECTION('',(0.,1.,0.));
#8721=DIRECTION('',(0.,0.,1.));
#8722=DIRECTION('',(1.,0.,0.));
#8723=DIRECTION('',(0.,0.,-1.));
#8724=DIRECTION('',(0.,1.,0.));
#8725=DIRECTION('',(0.,-0.485642931178632,0.874157276121538));
#8726=DIRECTION('',(0.,0.,1.));
#8727=DIRECTION('',(0.,-1.,0.));
#8728=DIRECTION('',(0.,0.,-1.));
#8729=DIRECTION('',(0.,0.,1.));
#8730=DIRECTION('',(1.,0.,0.));
#8731=DIRECTION('',(-1.,0.,0.));
#8732=DIRECTION('',(0.,0.,1.));
#8733=DIRECTION('',(0.,0.485642931178632,-0.874157276121538));
#8734=DIRECTION('',(0.,-1.,0.));
#8735=DIRECTION('',(0.,0.,-1.));
#8736=DIRECTION('',(-1.,0.,0.));
#8737=DIRECTION('',(0.,0.,-1.));
#8738=DIRECTION('',(-1.,0.,0.));
#8739=DIRECTION('',(-1.,0.,0.));
#8740=DIRECTION('',(0.,0.,-1.));
#8741=DIRECTION('',(-1.,0.,0.));
#8742=DIRECTION('',(0.,1.,0.));
#8743=DIRECTION('',(0.,-1.,0.));
#8744=DIRECTION('',(1.,0.,0.));
#8745=DIRECTION('',(1.,0.,0.));
#8746=DIRECTION('',(0.,0.,-1.));
#8747=DIRECTION('',(0.,1.,0.));
#8748=DIRECTION('',(0.,-0.485642931178632,0.874157276121538));
#8749=DIRECTION('',(0.,0.,1.));
#8750=DIRECTION('',(0.,-1.,0.));
#8751=DIRECTION('',(0.,0.,-1.));
#8752=DIRECTION('',(0.,0.,1.));
#8753=DIRECTION('',(1.,0.,0.));
#8754=DIRECTION('',(-1.,0.,0.));
#8755=DIRECTION('',(0.,0.,1.));
#8756=DIRECTION('',(0.,0.485642931178632,-0.874157276121538));
#8757=DIRECTION('',(0.,-1.,0.));
#8758=DIRECTION('',(0.,0.,-1.));
#8759=DIRECTION('',(-1.,0.,0.));
#8760=DIRECTION('',(0.,0.,-1.));
#8761=DIRECTION('',(-1.,0.,0.));
#8762=DIRECTION('',(-1.,0.,0.));
#8763=DIRECTION('',(1.,0.,0.));
#8764=DIRECTION('',(0.,0.,-1.));
#8765=DIRECTION('',(0.,1.,0.));
#8766=DIRECTION('',(0.,-0.485642931178632,0.874157276121538));
#8767=DIRECTION('',(0.,0.,1.));
#8768=DIRECTION('',(0.,-1.,0.));
#8769=DIRECTION('',(0.,0.,-1.));
#8770=DIRECTION('',(0.,0.,1.));
#8771=DIRECTION('',(1.,0.,0.));
#8772=DIRECTION('',(-1.,0.,0.));
#8773=DIRECTION('',(0.,0.,1.));
#8774=DIRECTION('',(0.,0.485642931178632,-0.874157276121538));
#8775=DIRECTION('',(0.,-1.,0.));
#8776=DIRECTION('',(0.,0.,-1.));
#8777=DIRECTION('',(-1.,0.,0.));
#8778=DIRECTION('',(0.,0.,-1.));
#8779=DIRECTION('',(-1.,0.,0.));
#8780=DIRECTION('',(-1.,0.,0.));
#8781=DIRECTION('',(0.,0.,-1.));
#8782=DIRECTION('',(-1.,0.,0.));
#8783=DIRECTION('',(0.,1.,0.));
#8784=DIRECTION('',(0.,-1.,0.));
#8785=DIRECTION('',(1.,0.,0.));
#8786=DIRECTION('',(1.,0.,0.));
#8787=DIRECTION('',(0.,0.,-1.));
#8788=DIRECTION('',(0.,1.,0.));
#8789=DIRECTION('',(0.,-0.485642931178632,0.874157276121538));
#8790=DIRECTION('',(0.,0.,1.));
#8791=DIRECTION('',(0.,-1.,0.));
#8792=DIRECTION('',(0.,0.,-1.));
#8793=DIRECTION('',(0.,0.,1.));
#8794=DIRECTION('',(1.,0.,0.));
#8795=DIRECTION('',(-1.,0.,0.));
#8796=DIRECTION('',(0.,0.,1.));
#8797=DIRECTION('',(0.,0.485642931178632,-0.874157276121538));
#8798=DIRECTION('',(0.,-1.,0.));
#8799=DIRECTION('',(0.,0.,-1.));
#8800=DIRECTION('',(-1.,0.,0.));
#8801=DIRECTION('',(0.,0.,-1.));
#8802=DIRECTION('',(-1.,0.,0.));
#8803=DIRECTION('',(-1.,0.,0.));
#8804=DIRECTION('',(0.,0.,-1.));
#8805=DIRECTION('',(-1.,0.,0.));
#8806=DIRECTION('',(0.,0.,-1.));
#8807=DIRECTION('',(-1.,0.,0.));
#8808=DIRECTION('',(0.,0.,-1.));
#8809=DIRECTION('',(-1.,0.,0.));
#8810=DIRECTION('',(0.,0.,-1.));
#8811=DIRECTION('',(-1.,0.,0.));
#8812=DIRECTION('',(0.,0.,-1.));
#8813=DIRECTION('',(-1.,0.,0.));
#8814=DIRECTION('',(0.,0.,-1.));
#8815=DIRECTION('',(-1.,0.,0.));
#8816=DIRECTION('',(0.,0.,-1.));
#8817=DIRECTION('',(-1.,0.,0.));
#8818=DIRECTION('',(0.,0.,-1.));
#8819=DIRECTION('',(-1.,0.,0.));
#8820=DIRECTION('',(0.,0.,-1.));
#8821=DIRECTION('',(-1.,0.,0.));
#8822=DIRECTION('',(0.,0.,-1.));
#8823=DIRECTION('',(-1.,0.,0.));
#8824=DIRECTION('',(0.,0.,-1.));
#8825=DIRECTION('',(-1.,0.,0.));
#8826=DIRECTION('',(0.,0.,-1.));
#8827=DIRECTION('',(-1.,0.,0.));
#8828=DIRECTION('',(0.,-0.874157276121538,-0.485642931178632));
#8829=DIRECTION('',(1.,0.,0.));
#8830=DIRECTION('',(0.,-0.874157276121538,-0.485642931178632));
#8831=DIRECTION('',(1.,0.,0.));
#8832=DIRECTION('',(0.,-0.874157276121537,-0.485642931178632));
#8833=DIRECTION('',(1.,0.,0.));
#8834=DIRECTION('',(0.,-0.874157276121537,-0.485642931178632));
#8835=DIRECTION('',(1.,0.,0.));
#8836=DIRECTION('',(0.,0.,-1.));
#8837=DIRECTION('',(-1.,0.,0.));
#8838=DIRECTION('',(0.,0.,-1.));
#8839=DIRECTION('',(-1.,0.,0.));
#8840=DIRECTION('',(1.,0.,0.));
#8841=DIRECTION('',(0.,0.,-1.));
#8842=DIRECTION('',(0.,0.,1.));
#8843=DIRECTION('',(0.,1.,0.));
#8844=DIRECTION('',(0.,0.,1.));
#8845=DIRECTION('',(-1.,0.,0.));
#8846=DIRECTION('',(0.,0.,1.));
#8847=DIRECTION('',(0.,0.,1.));
#8848=DIRECTION('',(0.,-1.,0.));
#8849=DIRECTION('',(0.,0.,-1.));
#8850=DIRECTION('',(1.,0.,0.));
#8851=DIRECTION('',(0.,0.,-1.));
#8852=DIRECTION('',(0.,0.,1.));
#8853=DIRECTION('',(0.,1.,0.));
#8854=DIRECTION('',(0.,0.,1.));
#8855=DIRECTION('',(0.,1.,0.));
#8856=DIRECTION('',(0.,-1.,0.));
#8857=DIRECTION('',(0.,0.,-1.));
#8858=DIRECTION('',(-0.70710678118655,0.,-0.707106781186546));
#8859=DIRECTION('',(1.,0.,0.));
#8860=DIRECTION('',(1.,0.,0.));
#8861=DIRECTION('',(4.95635278850517E-16,1.,0.));
#8862=DIRECTION('',(-1.,4.95635278850517E-16,0.));
#8863=DIRECTION('',(-1.,4.95635278850517E-16,0.));
#8864=DIRECTION('',(0.70710678118655,-3.50467066670487E-16,0.707106781186546));
#8865=DIRECTION('',(-1.,4.95635278850517E-16,0.));
#8866=DIRECTION('',(0.,0.,-1.));
#8867=DIRECTION('',(-1.,0.,0.));
#8868=DIRECTION('',(0.,0.,-1.));
#8869=DIRECTION('',(-1.,0.,0.));
#8870=DIRECTION('',(0.,0.,-1.));
#8871=DIRECTION('',(-1.,0.,0.));
#8872=DIRECTION('',(0.,-1.,0.));
#8873=DIRECTION('',(4.95635278850518E-16,-1.,0.));
#8874=DIRECTION('',(1.,4.95635278850518E-16,0.));
#8875=DIRECTION('',(-0.707106781186551,-3.50467066670488E-16,0.707106781186544));
#8876=DIRECTION('',(0.,0.,1.));
#8877=DIRECTION('',(1.,4.95635278850518E-16,0.));
#8878=DIRECTION('',(-1.,-1.98254111540207E-15,0.));
#8879=DIRECTION('',(1.98254111540207E-15,-1.,0.));
#8880=DIRECTION('',(1.98254111540207E-15,-1.,0.));
#8881=DIRECTION('',(0.,0.,1.));
#8882=DIRECTION('',(1.98254111540207E-15,-1.,0.));
#8883=DIRECTION('',(0.,1.,0.));
#8884=DIRECTION('',(0.,0.,1.));
#8885=DIRECTION('',(0.707106781186551,0.,-0.707106781186544));
#8886=DIRECTION('',(-1.,0.,0.));
#8887=DIRECTION('',(0.,0.,-1.));
#8888=DIRECTION('',(-1.,0.,0.));
#8889=DIRECTION('',(0.,0.,-1.));
#8890=DIRECTION('',(-1.,0.,0.));
#8891=DIRECTION('',(0.,0.,-1.));
#8892=DIRECTION('',(-1.,0.,0.));
#8893=DIRECTION('',(0.,0.,-1.));
#8894=DIRECTION('',(-1.,0.,0.));
#8895=DIRECTION('',(0.,0.,-1.));
#8896=DIRECTION('',(-1.,0.,0.));
#8897=DIRECTION('',(0.,0.,-1.));
#8898=DIRECTION('',(-1.,0.,0.));
#8899=DIRECTION('',(0.,0.,-1.));
#8900=DIRECTION('',(-1.,0.,0.));
#8901=DIRECTION('',(0.,0.,-1.));
#8902=DIRECTION('',(-1.,0.,0.));
#8903=DIRECTION('',(0.707106781186546,0.,-0.70710678118655));
#8904=DIRECTION('',(0.,1.,0.));
#8905=DIRECTION('',(-0.707106781186544,-1.40186826668194E-15,-0.707106781186551));
#8906=DIRECTION('',(1.98254111540207E-15,-1.,0.));
#8907=DIRECTION('',(-1.,0.,0.));
#8908=DIRECTION('',(0.,0.,1.));
#8909=DIRECTION('',(-1.,0.,0.));
#8910=DIRECTION('',(0.,0.,1.));
#8911=DIRECTION('',(1.,0.,0.));
#8912=DIRECTION('',(0.,0.,-1.));
#8913=DIRECTION('',(1.,0.,0.));
#8914=DIRECTION('',(0.,0.,-1.));
#8915=DIRECTION('',(0.,0.,1.));
#8916=DIRECTION('',(1.,0.,0.));
#8917=DIRECTION('',(0.,1.,0.));
#8918=DIRECTION('',(-1.,0.,0.));
#8919=DIRECTION('',(0.,-1.,0.));
#8920=DIRECTION('',(1.,0.,0.));
#8921=DIRECTION('',(0.,-0.707106570452016,-0.707106991921016));
#8922=DIRECTION('',(0.,-0.707106991921016,0.707106570452016));
#8923=DIRECTION('',(0.,0.707106991921016,-0.707106570452016));
#8924=DIRECTION('',(1.,0.,0.));
#8925=DIRECTION('',(0.,-0.707106991921016,0.707106570452016));
#8926=DIRECTION('',(1.,0.,0.));
#8927=DIRECTION('',(0.,-1.,0.));
#8928=DIRECTION('',(0.,0.,-1.));
#8929=DIRECTION('',(0.,0.,1.));
#8930=DIRECTION('',(0.,0.,-1.));
#8931=DIRECTION('',(-1.,0.,0.));
#8932=DIRECTION('',(0.,0.,-1.));
#8933=DIRECTION('',(0.,0.,1.));
#8934=DIRECTION('',(0.,1.,0.));
#8935=DIRECTION('',(0.,0.,1.));
#8936=DIRECTION('',(0.,0.,1.));
#8937=DIRECTION('',(1.,0.,0.));
#8938=DIRECTION('',(0.,0.,1.));
#8939=DIRECTION('',(0.,0.,1.));
#8940=DIRECTION('',(1.,0.,0.));
#8941=DIRECTION('',(0.,-1.,0.));
#8942=DIRECTION('',(1.,0.,0.));
#8943=DIRECTION('',(1.,0.,0.));
#8944=DIRECTION('',(0.,1.,0.));
#8945=DIRECTION('',(0.,1.,0.));
#8946=DIRECTION('',(-1.,0.,0.));
#8947=DIRECTION('',(0.,0.,-1.));
#8948=DIRECTION('',(1.,0.,0.));
#8949=DIRECTION('',(-1.,0.,0.));
#8950=DIRECTION('',(0.,-1.,0.));
#8951=DIRECTION('',(0.577350269189626,-0.577350269189626,0.577350269189626));
#8952=DIRECTION('',(0.707106765322401,0.707106797050693,3.17282911610484E-8));
#8953=DIRECTION('',(0.718873086818576,-0.585048618558824,0.375419230954334));
#8954=DIRECTION('',(0.631219074777771,0.775604589747053,-2.92069875784673E-8));
#8955=CARTESIAN_POINT('',(0.,0.,0.));
#8956=CARTESIAN_POINT('',(90.073585610009,24.,-15.59389104295));
#8957=CARTESIAN_POINT('',(105.,24.,-16.36592674255));
#8958=CARTESIAN_POINT('',(105.00000152587,24.,-16.39999961853));
#8959=CARTESIAN_POINT('',(105.,24.,-14.5));
#8960=CARTESIAN_POINT('',(69.599998474121,24.,-16.39999961853));
#8961=CARTESIAN_POINT('',(74.90000152587,24.,-16.39999961853));
#8962=CARTESIAN_POINT('',(74.900000095367,24.,-14.5));
#8963=CARTESIAN_POINT('',(74.900000095367,24.,-14.5));
#8964=CARTESIAN_POINT('',(70.,24.,-14.5));
#8965=CARTESIAN_POINT('',(90.185393440636,23.440387618629,-16.39999961853));
#8966=CARTESIAN_POINT('',(105.00000152587,23.440387618629,-16.39999961853));
#8967=CARTESIAN_POINT('',(105.00000152587,23.25156211853,-16.39999961853));
#8968=CARTESIAN_POINT('',(69.599998474121,23.25156211853,-16.39999961853));
#8969=CARTESIAN_POINT('',(74.90000152587,23.25156211853,-16.39999961853));
#8970=CARTESIAN_POINT('',(74.90000152587,23.440387618629,-16.39999961853));
#8971=CARTESIAN_POINT('',(90.185393440636,23.440387618629,-16.39999961853));
#8972=CARTESIAN_POINT('',(90.185393440636,29.400001525879,-16.39999961853));
#8973=CARTESIAN_POINT('',(105.00000152587,29.400001525879,-16.39999961853));
#8974=CARTESIAN_POINT('',(110.40000152587,29.400001525879,-16.3999996185283));
#8975=CARTESIAN_POINT('',(105.00000152587,23.440387618629,-16.39999961853));
#8976=CARTESIAN_POINT('',(105.00000152587,27.200000762939,-16.39999961853));
#8977=CARTESIAN_POINT('',(110.40000152587,27.200000762939,-16.39999961853));
#8978=CARTESIAN_POINT('',(104.900000095367,27.200000762939,-16.39999961853));
#8979=CARTESIAN_POINT('',(104.900000095367,27.000000762939,-16.39999961853));
#8980=CARTESIAN_POINT('',(104.900000095367,27.000000762939,-16.39999961853));
#8981=CARTESIAN_POINT('',(74.900000095367,27.000000762939,-16.39999961853));
#8982=CARTESIAN_POINT('',(74.900000095367,27.000000762939,-16.39999961853));
#8983=CARTESIAN_POINT('',(74.900000095367,27.000000762939,-16.39999961853));
#8984=CARTESIAN_POINT('',(74.90000152587,29.400001525879,-16.39999961853));
#8985=CARTESIAN_POINT('',(90.185393440636,29.400001525879,-16.39999961853));
#8986=CARTESIAN_POINT('',(69.599998474121,29.400001525879,-16.39999961853));
#8987=CARTESIAN_POINT('',(69.599998474121,40.400001525879,-16.39999961853));
#8988=CARTESIAN_POINT('',(69.599998474121,40.400001525879,-16.39999961853));
#8989=CARTESIAN_POINT('',(110.40000152587,40.400001525879,-16.39999961853));
#8990=CARTESIAN_POINT('',(110.40000152587,40.400001525879,-16.39999961853));
#8991=CARTESIAN_POINT('',(110.40000152587,27.200000762939,-16.39999961853));
#8992=CARTESIAN_POINT('',(89.902555340564,23.119947037367,-16.38489135731));
#8993=CARTESIAN_POINT('',(110.40000152587,23.25156211853,-16.39999961853));
#8994=CARTESIAN_POINT('',(105.00000152587,23.22586409893,-16.3974686083071));
#8995=CARTESIAN_POINT('',(74.90000152587,23.0826214341214,-16.3833605698526));
#8996=CARTESIAN_POINT('',(105.00000152587,23.1206589800501,-16.3804820005077));
#8997=CARTESIAN_POINT('',(105.00000152587,23.197285391058,-16.3928542387091));
#8998=CARTESIAN_POINT('',(110.40000152587,23.25156211853,-16.39999961853));
#8999=CARTESIAN_POINT('',(84.650001525879,22.992742538452,-16.36592674255));
#9000=CARTESIAN_POINT('',(69.404907226563,23.056470870972,-16.3807849884));
#9001=CARTESIAN_POINT('',(74.90000152587,23.0334999932687,-16.375429333623));
#9002=CARTESIAN_POINT('',(74.90000152587,23.1192395694757,-16.3892729998674));
#9003=CARTESIAN_POINT('',(89.882202124516,23.202508735713,-16.39516832743));
#9004=CARTESIAN_POINT('',(105.00000152587,23.202508735713,-16.39516832743));
#9005=CARTESIAN_POINT('',(74.90000152587,23.202508735713,-16.39516832743));
#9006=CARTESIAN_POINT('',(97.96132596684,22.93097726379,-16.34034247241));
#9007=CARTESIAN_POINT('',(106.05000305175,22.992742538452,-16.36592674255));
#9008=CARTESIAN_POINT('',(105.00000152587,22.9927425384522,-16.3659267425481));
#9009=CARTESIAN_POINT('',(105.00000152587,22.93097726379,-16.34034247241));
#9010=CARTESIAN_POINT('',(105.00000152587,22.7515621185297,-16.2660255432107));
#9011=CARTESIAN_POINT('',(95.349998474121,22.75156211853,-16.26602554321));
#9012=CARTESIAN_POINT('',(74.90000152587,22.7515621185297,-16.2660255432107));
#9013=CARTESIAN_POINT('',(74.90000152587,22.93097726379,-16.34034247241));
#9014=CARTESIAN_POINT('',(74.90000152587,22.9927425384526,-16.3659267425473));
#9015=CARTESIAN_POINT('',(79.300003051758,22.992742538452,-16.36592674255));
#9016=CARTESIAN_POINT('',(103.43867190234,22.597493932713,-16.14780548156));
#9017=CARTESIAN_POINT('',(105.00000152587,22.597493932713,-16.14780548156));
#9018=CARTESIAN_POINT('',(105.00000152587,22.5444545745846,-16.1071071624706));
#9019=CARTESIAN_POINT('',(100.69999694824,22.544454574585,-16.10710716247));
#9020=CARTESIAN_POINT('',(74.90000152587,22.5444545745846,-16.1071071624706));
#9021=CARTESIAN_POINT('',(74.90000152587,22.597493932713,-16.14780548156));
#9022=CARTESIAN_POINT('',(98.088669611262,22.426234514315,-15.95303897845));
#9023=CARTESIAN_POINT('',(105.00000152587,22.426234514315,-15.95303897845));
#9024=CARTESIAN_POINT('',(105.00000152587,22.400001525879,-15.9188513043741));
#9025=CARTESIAN_POINT('',(98.088669611262,22.400001525879,-15.9188513043741));
#9026=CARTESIAN_POINT('',(106.05000305175,22.4000015258775,-15.918851304374));
#9027=CARTESIAN_POINT('',(106.05000305175,22.385536193848,-15.89999961853));
#9028=CARTESIAN_POINT('',(106.05000305175,22.385536193848,-15.89999961853));
#9029=CARTESIAN_POINT('',(95.349998474121,22.385536193848,-15.89999961853));
#9030=CARTESIAN_POINT('',(73.949996948242,22.385536193848,-15.89999961853));
#9031=CARTESIAN_POINT('',(73.949996948242,22.544454574585,-16.10710716247));
#9032=CARTESIAN_POINT('',(73.949996948242,22.4000015258787,-15.9188513043731));
#9033=CARTESIAN_POINT('',(98.088669611262,22.400001525879,-15.918851304374));
#9034=CARTESIAN_POINT('',(74.90000152587,22.400001525879,-15.9188513043741));
#9035=CARTESIAN_POINT('',(74.90000152587,22.426234514315,-15.95303897845));
#9036=CARTESIAN_POINT('',(110.65221582655,27.200000762939,-16.34127649099));
#9037=CARTESIAN_POINT('',(105.,27.2,-16.36592674255));
#9038=CARTESIAN_POINT('',(105.,27.2,-14.5));
#9039=CARTESIAN_POINT('',(110.,27.200000762939,-14.5));
#9040=CARTESIAN_POINT('',(104.900000095367,27.200000762939,-14.5));
#9041=CARTESIAN_POINT('',(104.900000095367,27.200000762939,-16.39999961853));
#9042=CARTESIAN_POINT('',(111.40000152587,27.853554004697,-15.25355314639));
#9043=CARTESIAN_POINT('',(111.40000152587,24.,-15.39999961853));
#9044=CARTESIAN_POINT('',(111.400001525873,22.400001525879,-15.3999996185302));
#9045=CARTESIAN_POINT('',(111.400001525876,22.2515621185313,-15.3999996185728));
#9046=CARTESIAN_POINT('',(111.40000152587,22.400001525879,-15.25355314639));
#9047=CARTESIAN_POINT('',(111.40000152587,22.400001525879,-15.19999961853));
#9048=CARTESIAN_POINT('',(111.40000152587,28.216288398924,-15.19999980926));
#9049=CARTESIAN_POINT('',(111.40000152587,29.400001525879,-15.19999961853));
#9050=CARTESIAN_POINT('',(111.40000152587,29.400001525879,-15.25355314639));
#9051=CARTESIAN_POINT('',(111.400001525873,29.400001525879,-15.3999996185304));
#9052=CARTESIAN_POINT('',(111.40000152587,40.400001525879,-15.39999961853));
#9053=CARTESIAN_POINT('',(111.40000152587,40.400001525879,-15.39999961853));
#9054=CARTESIAN_POINT('',(111.40000152587,40.400001525879,-15.39999961853));
#9055=CARTESIAN_POINT('',(111.40000152587,40.400001525879,-1.399999976158));
#9056=CARTESIAN_POINT('',(111.40000152587,40.400001525879,-1.399999976158));
#9057=CARTESIAN_POINT('',(111.40000152587,33.6000003814695,-1.399999976158));
#9058=CARTESIAN_POINT('',(111.40000152587,33.6000003814695,-15.25355314639));
#9059=CARTESIAN_POINT('',(111.40000152587,33.6000003814695,-3.5));
#9060=CARTESIAN_POINT('',(111.40000152587,33.6000003814695,-15.25355314639));
#9061=CARTESIAN_POINT('',(111.40000152587,33.6000003814695,-5.));
#9062=CARTESIAN_POINT('',(111.40000152587,27.853554004697,-5.));
#9063=CARTESIAN_POINT('',(111.40000152587,7.51822861926729,-5.));
#9064=CARTESIAN_POINT('',(111.40000152587,22.25156211853,-15.19999980926));
#9065=CARTESIAN_POINT('',(111.40000152587,22.25156211853,-15.19999980926));
#9066=CARTESIAN_POINT('',(111.40000152587,22.25156211853,-15.39999961853));
#9067=CARTESIAN_POINT('',(110.59219842161,38.263329612775,-16.37469743316));
#9068=CARTESIAN_POINT('',(110.65882110595,36.,-16.36592674255));
#9069=CARTESIAN_POINT('',(110.658821105951,29.400001525879,-16.3659267425516));
#9070=CARTESIAN_POINT('',(110.65882110595,40.400001525879,-16.36592674255));
#9071=CARTESIAN_POINT('',(110.59219842161,29.400001525879,-16.37469743316));
#9072=CARTESIAN_POINT('',(110.40000152587,40.400001525879,-16.39999961853));
#9073=CARTESIAN_POINT('',(110.83791933722,38.263329481541,-16.29174108474));
#9074=CARTESIAN_POINT('',(110.90000152587,36.,-16.26602554321));
#9075=CARTESIAN_POINT('',(110.900001525871,29.400001525879,-16.2660255432107));
#9076=CARTESIAN_POINT('',(110.90000152587,40.400001525879,-16.26602554321));
#9077=CARTESIAN_POINT('',(110.83791933722,29.400001525879,-16.29174108474));
#9078=CARTESIAN_POINT('',(110.65882110595,40.400001525879,-16.36592674255));
#9079=CARTESIAN_POINT('',(111.05379756739,38.263329635563,-16.14801430414));
#9080=CARTESIAN_POINT('',(111.10710906982,36.,-16.10710716247));
#9081=CARTESIAN_POINT('',(111.10710906982,29.400001525879,-16.10710716247));
#9082=CARTESIAN_POINT('',(111.10710906982,40.400001525879,-16.10710716247));
#9083=CARTESIAN_POINT('',(111.05379756739,29.400001525879,-16.14801430414));
#9084=CARTESIAN_POINT('',(110.90000152587,40.400001525879,-16.26602554321));
#9085=CARTESIAN_POINT('',(111.22511607544,38.263328816311,-15.95331110051));
#9086=CARTESIAN_POINT('',(111.26602172851,36.,-15.89999961853));
#9087=CARTESIAN_POINT('',(111.266021728511,29.400001525879,-15.8999996185304));
#9088=CARTESIAN_POINT('',(111.26602172851,40.400001525879,-15.89999961853));
#9089=CARTESIAN_POINT('',(111.22511607544,29.400001525879,-15.95331110051));
#9090=CARTESIAN_POINT('',(111.10710906982,40.400001525879,-16.10710716247));
#9091=CARTESIAN_POINT('',(111.34021162926,38.263329996569,-15.72090140223));
#9092=CARTESIAN_POINT('',(111.3659286499,27.200000762939,-15.6588191986));
#9093=CARTESIAN_POINT('',(111.3659286499,29.400001525879,-15.6588191986));
#9094=CARTESIAN_POINT('',(111.3659286499,40.400001525879,-15.6588191986));
#9095=CARTESIAN_POINT('',(111.34021162926,29.400001525879,-15.72090140223));
#9096=CARTESIAN_POINT('',(111.26602172851,40.400001525879,-15.89999961853));
#9097=CARTESIAN_POINT('',(111.37469934062,29.336671723206,-15.59219651343));
#9098=CARTESIAN_POINT('',(111.37469934062,29.400001525879,-15.59219651343));
#9099=CARTESIAN_POINT('',(111.3659286499,40.400001525879,-15.6588191986));
#9100=CARTESIAN_POINT('',(111.39876576599,23.10311100525,-15.42516011088));
#9101=CARTESIAN_POINT('',(111.395187377927,22.2563762664794,-15.4980173110962));
#9102=CARTESIAN_POINT('',(111.395319561119,22.3042513529459,-15.4953260162849));
#9103=CARTESIAN_POINT('',(111.39545174431,22.3521264394124,-15.4926347214737));
#9104=CARTESIAN_POINT('',(111.395583927501,22.400001525879,-15.4899434266624));
#9105=CARTESIAN_POINT('',(111.3955839275,22.400001525879,-15.4899434266628));
#9106=CARTESIAN_POINT('',(111.39518737793,22.256376266479,-15.49801731109));
#9107=CARTESIAN_POINT('',(111.39876576599,22.400001525879,-15.42516011088));
#9108=CARTESIAN_POINT('',(111.39518737793,22.2563762664794,-15.49801731109));
#9109=CARTESIAN_POINT('',(111.38864072778,23.188737973677,-15.5148875728));
#9110=CARTESIAN_POINT('',(111.3659286499,24.,-15.6588191986));
#9111=CARTESIAN_POINT('',(111.39277728662,22.400001525879,-15.5112628366915));
#9112=CARTESIAN_POINT('',(111.392237760095,22.400001525879,-15.5153611120736));
#9113=CARTESIAN_POINT('',(111.37728333165,23.107719060368,-15.60099059767));
#9114=CARTESIAN_POINT('',(111.3659286499,24.,-15.6588191986));
#9115=CARTESIAN_POINT('',(111.37967301007,22.400001525879,-15.59985239915));
#9116=CARTESIAN_POINT('',(111.38078308105,22.270776748657,-15.59508991241));
#9117=CARTESIAN_POINT('',(111.379457083168,22.400001525879,-15.6013121416562));
#9118=CARTESIAN_POINT('',(111.38078308105,22.270776748657,-15.59508991241));
#9119=CARTESIAN_POINT('',(111.3589555635,23.101348154291,-15.67401390674));
#9120=CARTESIAN_POINT('',(111.3659286499,24.,-15.6588191986));
#9121=CARTESIAN_POINT('',(111.325701309777,22.400001525879,-15.7773268914526));
#9122=CARTESIAN_POINT('',(111.32388305664,22.327682495117,-15.78268337249));
#9123=CARTESIAN_POINT('',(111.357275187842,22.400001525879,-15.6735028883385));
#9124=CARTESIAN_POINT('',(111.32388305664,22.327682495117,-15.78268337249));
#9125=CARTESIAN_POINT('',(111.31964366242,23.224208672863,-15.78092821109));
#9126=CARTESIAN_POINT('',(111.26602172851,24.,-15.89999961853));
#9127=CARTESIAN_POINT('',(111.321380855255,22.400001525879,-15.7877566897237));
#9128=CARTESIAN_POINT('',(111.323540766648,22.400001525879,-15.7825425531077));
#9129=CARTESIAN_POINT('',(111.27285131114,23.135602476284,-15.88240467994));
#9130=CARTESIAN_POINT('',(111.23146820068,22.420091629028,-15.95557022094));
#9131=CARTESIAN_POINT('',(111.251559547823,22.4000015258795,-15.9179839513662));
#9132=CARTESIAN_POINT('',(111.271130128666,22.400001525879,-15.8814818684705));
#9133=CARTESIAN_POINT('',(108.71711286911,22.379390734715,-15.88387068776));
#9134=CARTESIAN_POINT('',(111.23146820068,22.420091629028,-15.95557022094));
#9135=CARTESIAN_POINT('',(108.219028369991,22.400001525879,-15.9232621591612));
#9136=CARTESIAN_POINT('',(108.717179921979,22.400001525879,-15.9223951120496));
#9137=CARTESIAN_POINT('',(111.32388305664,22.327682495117,-15.78268337249));
#9138=CARTESIAN_POINT('',(108.57710074447,22.443107293896,-15.98016714573));
#9139=CARTESIAN_POINT('',(108.57721498324,22.400001525879,-15.9239905550562));
#9140=CARTESIAN_POINT('',(105.55107772559,23.086485398717,-16.37826772869));
#9141=CARTESIAN_POINT('',(105.00000152587,23.086485398717,-16.37826772869));
#9142=CARTESIAN_POINT('',(68.599998474121,33.796871457138,-15.34996955497));
#9143=CARTESIAN_POINT('',(68.599998474121,27.200000762939,-15.39999961853));
#9144=CARTESIAN_POINT('',(68.5999984741213,29.400001525879,-15.39999961853));
#9145=CARTESIAN_POINT('',(68.599998474121,40.400001525879,-15.39999961853));
#9146=CARTESIAN_POINT('',(68.599998474121,29.400001525879,-15.34996955497));
#9147=CARTESIAN_POINT('',(68.599998474121,29.400001525879,-15.19999961853));
#9148=CARTESIAN_POINT('',(68.599998474121,33.796871457138,-15.19999961853));
#9149=CARTESIAN_POINT('',(68.599998474121,22.400001525879,-15.19999961853));
#9150=CARTESIAN_POINT('',(68.599998474121,22.400001525879,-15.34996955497));
#9151=CARTESIAN_POINT('',(68.5999984741212,22.400001525879,-15.39999961853));
#9152=CARTESIAN_POINT('',(68.599998474121,22.25156211853,-15.39999961853));
#9153=CARTESIAN_POINT('',(68.5999984741212,22.25156211853,-15.3999996185275));
#9154=CARTESIAN_POINT('',(68.599998474121,22.25156211853,-15.19999980926));
#9155=CARTESIAN_POINT('',(68.599998474121,22.25156211853,-15.19999980926));
#9156=CARTESIAN_POINT('',(68.599998474121,22.25156211853,-15.19999980926));
#9157=CARTESIAN_POINT('',(68.599998474121,3.625714063644,-2.305182218552));
#9158=CARTESIAN_POINT('',(68.599998474121,22.60000038147,-6.617519855499));
#9159=CARTESIAN_POINT('',(68.599998474121,22.60000038147,-6.617519855499));
#9160=CARTESIAN_POINT('',(68.599998474121,22.60000038147,-15.19999980926));
#9161=CARTESIAN_POINT('',(68.599998474121,22.60000038147,-6.69999980926));
#9162=CARTESIAN_POINT('',(68.599998474121,29.9052375051229,-6.69999980926));
#9163=CARTESIAN_POINT('',(68.599998474121,28.60000038147,-6.69999980926));
#9164=CARTESIAN_POINT('',(68.599998474121,28.60000038147,-15.19999980926));
#9165=CARTESIAN_POINT('',(68.599998474121,28.60000038147,-5.900000095367));
#9166=CARTESIAN_POINT('',(68.599998474121,28.60000038147,-5.900000095367));
#9167=CARTESIAN_POINT('',(68.599998474121,35.,-5.900000095367));
#9168=CARTESIAN_POINT('',(68.599998474121,35.,-5.900000095367));
#9169=CARTESIAN_POINT('',(68.599998474121,35.,-1.399999976158));
#9170=CARTESIAN_POINT('',(68.599998474121,35.,-1.399999976158));
#9171=CARTESIAN_POINT('',(68.599998474121,40.400001525879,-1.399999976158));
#9172=CARTESIAN_POINT('',(68.599998474121,40.400001525879,-15.39999961853));
#9173=CARTESIAN_POINT('',(68.625300659487,38.263329612775,-15.59219651426));
#9174=CARTESIAN_POINT('',(68.634071350098,36.,-15.6588191986));
#9175=CARTESIAN_POINT('',(68.6340713500976,29.400001525879,-15.6588191986002));
#9176=CARTESIAN_POINT('',(68.634071350098,40.400001525879,-15.6588191986));
#9177=CARTESIAN_POINT('',(68.625300659487,29.400001525879,-15.59219651426));
#9178=CARTESIAN_POINT('',(68.599998474121,40.400001525879,-15.39999961853));
#9179=CARTESIAN_POINT('',(68.708261250845,38.263329996569,-15.8379174149));
#9180=CARTESIAN_POINT('',(68.733978271484,36.,-15.89999961853));
#9181=CARTESIAN_POINT('',(68.7339782714857,29.400001525879,-15.8999996185287));
#9182=CARTESIAN_POINT('',(68.733978271484,40.400001525879,-15.89999961853));
#9183=CARTESIAN_POINT('',(68.708261250845,29.400001525879,-15.8379174149));
#9184=CARTESIAN_POINT('',(68.634071350098,40.400001525879,-15.6588191986));
#9185=CARTESIAN_POINT('',(68.851985277102,38.263328816311,-16.05379568048));
#9186=CARTESIAN_POINT('',(68.892890930176,36.,-16.10710716247));
#9187=CARTESIAN_POINT('',(68.8928909301756,29.400001525879,-16.1071071624705));
#9188=CARTESIAN_POINT('',(68.892890930176,40.400001525879,-16.10710716247));
#9189=CARTESIAN_POINT('',(68.851985277102,29.400001525879,-16.05379568048));
#9190=CARTESIAN_POINT('',(68.733978271484,40.400001525879,-15.89999961853));
#9191=CARTESIAN_POINT('',(69.046686971691,38.263329635563,-16.22511840154));
#9192=CARTESIAN_POINT('',(69.099998474121,36.,-16.26602554321));
#9193=CARTESIAN_POINT('',(69.0999984741211,29.400001525879,-16.2660255432096));
#9194=CARTESIAN_POINT('',(69.099998474121,40.400001525879,-16.26602554321));
#9195=CARTESIAN_POINT('',(69.046686971691,29.400001525879,-16.22511840154));
#9196=CARTESIAN_POINT('',(68.892890930176,40.400001525879,-16.10710716247));
#9197=CARTESIAN_POINT('',(69.279096705384,38.263329481541,-16.34021120102));
#9198=CARTESIAN_POINT('',(69.341178894043,27.200000762939,-16.36592674255));
#9199=CARTESIAN_POINT('',(69.341178894043,29.400001525879,-16.3659267425501));
#9200=CARTESIAN_POINT('',(69.341178894043,40.400001525879,-16.36592674255));
#9201=CARTESIAN_POINT('',(69.279096705384,29.400001525879,-16.34021120102));
#9202=CARTESIAN_POINT('',(69.099998474121,40.400001525879,-16.26602554321));
#9203=CARTESIAN_POINT('',(69.407801579215,29.336671723206,-16.37469743327));
#9204=CARTESIAN_POINT('',(69.407801579215,29.400001525879,-16.37469743327));
#9205=CARTESIAN_POINT('',(69.341178894043,40.400001525879,-16.36592674255));
#9206=CARTESIAN_POINT('',(74.352391471663,23.015992964845,-16.37134757403));
#9207=CARTESIAN_POINT('',(74.90000152587,23.015992964845,-16.37134757403));
#9208=CARTESIAN_POINT('',(71.422899255527,22.443107293896,-15.98016714573));
#9209=CARTESIAN_POINT('',(68.768531799316,22.420091629028,-15.95557022094));
#9210=CARTESIAN_POINT('',(71.7809716298493,22.4000015258795,-15.9232621591631));
#9211=CARTESIAN_POINT('',(71.4227850167572,22.400001525879,-15.9239905550562));
#9212=CARTESIAN_POINT('',(71.282887130886,22.379390734715,-15.88387068776));
#9213=CARTESIAN_POINT('',(68.768531799316,22.420091629028,-15.95557022094));
#9214=CARTESIAN_POINT('',(68.7484404521715,22.400001525879,-15.9179839513644));
#9215=CARTESIAN_POINT('',(68.676116943359,22.327682495117,-15.78268337249));
#9216=CARTESIAN_POINT('',(71.2828200780167,22.400001525879,-15.9223951120496));
#9217=CARTESIAN_POINT('',(68.676116943359,22.327682495117,-15.78268337249));
#9218=CARTESIAN_POINT('',(68.727148688856,23.135602476284,-15.88240467994));
#9219=CARTESIAN_POINT('',(68.733978271484,24.,-15.89999961853));
#9220=CARTESIAN_POINT('',(68.6786191447399,22.400001525879,-15.7877566897234));
#9221=CARTESIAN_POINT('',(68.7288698713304,22.400001525879,-15.8814818684705));
#9222=CARTESIAN_POINT('',(68.680356337575,23.224208672863,-15.78092821109));
#9223=CARTESIAN_POINT('',(68.634071350098,24.,-15.6588191986));
#9224=CARTESIAN_POINT('',(68.6742986902198,22.400001525879,-15.7773268914531));
#9225=CARTESIAN_POINT('',(68.6764592333471,22.400001525879,-15.7825425531077));
#9226=CARTESIAN_POINT('',(68.641044436499,23.101348154291,-15.67401390674));
#9227=CARTESIAN_POINT('',(68.634071350098,24.,-15.6588191986));
#9228=CARTESIAN_POINT('',(68.6203269899296,22.400001525879,-15.5998523991496));
#9229=CARTESIAN_POINT('',(68.619216918945,22.270776748657,-15.59508991241));
#9230=CARTESIAN_POINT('',(68.6427248121566,22.400001525879,-15.6735028883385));
#9231=CARTESIAN_POINT('',(68.676116943359,22.327682495117,-15.78268337249));
#9232=CARTESIAN_POINT('',(68.622716668346,23.107719060368,-15.60099059767));
#9233=CARTESIAN_POINT('',(68.634071350098,24.,-15.6588191986));
#9234=CARTESIAN_POINT('',(68.6072227133775,22.400001525879,-15.5112628366917));
#9235=CARTESIAN_POINT('',(68.60481262207,22.256376266479,-15.49801731109));
#9236=CARTESIAN_POINT('',(68.6205429168283,22.400001525879,-15.6013121416562));
#9237=CARTESIAN_POINT('',(68.619216918945,22.270776748657,-15.59508991241));
#9238=CARTESIAN_POINT('',(68.611359272218,23.188737973677,-15.5148875728));
#9239=CARTESIAN_POINT('',(68.6048126220717,22.2563762664793,-15.4980173110957));
#9240=CARTESIAN_POINT('',(68.6046804388805,22.3042513529459,-15.4953260162844));
#9241=CARTESIAN_POINT('',(68.6045482556893,22.3521264394124,-15.4926347214732));
#9242=CARTESIAN_POINT('',(68.6044160724981,22.400001525879,-15.4899434266619));
#9243=CARTESIAN_POINT('',(68.6044160724971,22.400001525879,-15.489943426662));
#9244=CARTESIAN_POINT('',(68.6077622399032,22.400001525879,-15.5153611120736));
#9245=CARTESIAN_POINT('',(68.601234234008,23.10311100525,-15.42516011088));
#9246=CARTESIAN_POINT('',(68.601234234008,22.400001525879,-15.42516011088));
#9247=CARTESIAN_POINT('',(68.6048126220704,22.256376266479,-15.49801731109));
#9248=CARTESIAN_POINT('',(74.900000095367,27.2,-14.5));
#9249=CARTESIAN_POINT('',(74.900000095367,27.000000762939,-14.5));
#9250=CARTESIAN_POINT('',(74.900000095367,27.000000762939,-14.5));
#9251=CARTESIAN_POINT('',(74.900000095367,27.2,-14.5));
#9252=CARTESIAN_POINT('',(74.90000152587,22.400001525879,-20.80999961853));
#9253=CARTESIAN_POINT('',(74.90000152587,22.400001525879,-20.80999961853));
#9254=CARTESIAN_POINT('',(74.90000152587,29.400001525879,-20.80999961853));
#9255=CARTESIAN_POINT('',(74.90000152587,29.400001525879,-20.80999961853));
#9256=CARTESIAN_POINT('',(74.90000152587,29.400001525879,-20.80999961853));
#9257=CARTESIAN_POINT('',(110.,12.357433801831,-0.257433897198));
#9258=CARTESIAN_POINT('',(110.,40.,0.));
#9259=CARTESIAN_POINT('',(110.,40.,0.));
#9260=CARTESIAN_POINT('',(110.,40.,-14.5));
#9261=CARTESIAN_POINT('',(110.,24.,-14.5));
#9262=CARTESIAN_POINT('',(110.,23.700000762939,-14.5));
#9263=CARTESIAN_POINT('',(110.,23.700000762939,-14.5));
#9264=CARTESIAN_POINT('',(110.,4.199999809265,-1.));
#9265=CARTESIAN_POINT('',(110.,4.199999809265,-1.));
#9266=CARTESIAN_POINT('',(110.,4.199999809265,0.));
#9267=CARTESIAN_POINT('',(110.,40.,0.));
#9268=CARTESIAN_POINT('',(29.60000038147,19.630225375966,-8.705225304441));
#9269=CARTESIAN_POINT('',(29.60000038147,20.,-14.55000019073));
#9270=CARTESIAN_POINT('',(29.60000038147,20.,-5.69999980926));
#9271=CARTESIAN_POINT('',(29.60000038147,20.,-2.200000047684));
#9272=CARTESIAN_POINT('',(29.60000038147,19.630225375966,-5.69999980926));
#9273=CARTESIAN_POINT('',(29.60000038147,18.60000038147,-5.69999980926));
#9274=CARTESIAN_POINT('',(29.60000038147,18.60000038147,-2.200000047684));
#9275=CARTESIAN_POINT('',(29.60000038147,18.60000038147,-2.200000047684));
#9276=CARTESIAN_POINT('',(29.60000038147,20.,-2.200000047684));
#9277=CARTESIAN_POINT('',(28.220502173652,20.,-12.13198424872));
#9278=CARTESIAN_POINT('',(20.39999961853,20.,-14.55000019073));
#9279=CARTESIAN_POINT('',(20.39999961853,20.,-5.69999980926));
#9280=CARTESIAN_POINT('',(20.39999961853,20.,-1.399999976158));
#9281=CARTESIAN_POINT('',(28.220502173652,20.,-5.69999980926));
#9282=CARTESIAN_POINT('',(25.39999961853,20.,-2.200000047684));
#9283=CARTESIAN_POINT('',(25.39999961853,20.,-2.200000047684));
#9284=CARTESIAN_POINT('',(25.39999961853,20.,-2.200000047684));
#9285=CARTESIAN_POINT('',(25.39999961853,20.,-1.399999976158));
#9286=CARTESIAN_POINT('',(25.39999961853,20.,-1.399999976158));
#9287=CARTESIAN_POINT('',(20.39999961853,18.968578957467,-8.306421316715));
#9288=CARTESIAN_POINT('',(20.39999961853,18.60000038147,-14.55000019073));
#9289=CARTESIAN_POINT('',(20.39999961853,18.60000038147,-5.69999980926));
#9290=CARTESIAN_POINT('',(20.39999961853,18.60000038147,-1.399999976158));
#9291=CARTESIAN_POINT('',(20.39999961853,18.968578957467,-5.69999980926));
#9292=CARTESIAN_POINT('',(20.39999961853,20.,-1.399999976158));
#9293=CARTESIAN_POINT('',(5.5,26.705573364245,-9.995522423732));
#9294=CARTESIAN_POINT('',(5.5,28.60000038147,-14.19999980926));
#9295=CARTESIAN_POINT('',(5.5,28.60000038147,-6.69999980926));
#9296=CARTESIAN_POINT('',(5.5,28.60000038147,-3.579899072647));
#9297=CARTESIAN_POINT('',(5.5,26.705573364245,-6.69999980926));
#9298=CARTESIAN_POINT('',(5.5,22.60000038147,-6.69999980926));
#9299=CARTESIAN_POINT('',(5.5,22.60000038147,-3.579899072647));
#9300=CARTESIAN_POINT('',(5.5,22.60000038147,-3.579899072647));
#9301=CARTESIAN_POINT('',(5.5,28.60000038147,-3.579899072647));
#9302=CARTESIAN_POINT('',(6.247785768659,28.60000038147,-15.14127642648));
#9303=CARTESIAN_POINT('',(6.247785768659,28.60000038147,-6.69999980926));
#9304=CARTESIAN_POINT('',(5.5,28.60000038147,-3.579899072647));
#9305=CARTESIAN_POINT('',(25.39999961853,28.60000038147,-3.579899072647));
#9306=CARTESIAN_POINT('',(25.39999961853,28.60000038147,-3.579899072647));
#9307=CARTESIAN_POINT('',(25.39999961853,28.60000038147,-5.900000095367));
#9308=CARTESIAN_POINT('',(68.599998474121,28.60000038147,-5.900000095367));
#9309=CARTESIAN_POINT('',(19.,21.946712872328,-7.794128712993));
#9310=CARTESIAN_POINT('',(19.,20.420101165771,-1.399999976158));
#9311=CARTESIAN_POINT('',(19.,20.420101165771,-1.399999976158));
#9312=CARTESIAN_POINT('',(19.,22.60000038147,-3.579899072647));
#9313=CARTESIAN_POINT('',(19.,22.60000038147,-14.55000019073));
#9314=CARTESIAN_POINT('',(19.,22.60000038147,-6.69999980926));
#9315=CARTESIAN_POINT('',(19.,21.946712872328,-6.69999980926));
#9316=CARTESIAN_POINT('',(19.,18.60000038147,-6.69999980926));
#9317=CARTESIAN_POINT('',(19.,18.60000038147,-1.399999976158));
#9318=CARTESIAN_POINT('',(19.,18.60000038147,-1.399999976158));
#9319=CARTESIAN_POINT('',(19.,20.420101165771,-1.399999976158));
#9320=CARTESIAN_POINT('',(31.842891000313,22.60000038147,-4.85581884523));
#9321=CARTESIAN_POINT('',(31.,22.60000038147,-14.55000019073));
#9322=CARTESIAN_POINT('',(31.,22.60000038147,-6.69999980926));
#9323=CARTESIAN_POINT('',(31.,22.60000038147,-3.579899072647));
#9324=CARTESIAN_POINT('',(31.842891000313,22.60000038147,-6.69999980926));
#9325=CARTESIAN_POINT('',(32.200000762939,22.60000038147,-6.617519855499));
#9326=CARTESIAN_POINT('',(32.200000762939,22.60000038147,-6.617519855499));
#9327=CARTESIAN_POINT('',(32.200000762939,22.60000038147,-3.579899072647));
#9328=CARTESIAN_POINT('',(32.200000762939,22.60000038147,-3.579899072647));
#9329=CARTESIAN_POINT('',(31.,22.60000038147,-3.579899072647));
#9330=CARTESIAN_POINT('',(5.963586782871,22.60000038147,-14.72102300257));
#9331=CARTESIAN_POINT('',(5.963586782871,22.60000038147,-6.69999980926));
#9332=CARTESIAN_POINT('',(19.,22.60000038147,-3.579899072647));
#9333=CARTESIAN_POINT('',(31.,19.323743694011,-7.788693421069));
#9334=CARTESIAN_POINT('',(31.,18.60000038147,-14.55000019073));
#9335=CARTESIAN_POINT('',(31.,18.60000038147,-6.69999980926));
#9336=CARTESIAN_POINT('',(31.,18.60000038147,-2.200000047684));
#9337=CARTESIAN_POINT('',(31.,19.323743694011,-6.69999980926));
#9338=CARTESIAN_POINT('',(31.,22.60000038147,-3.579899072647));
#9339=CARTESIAN_POINT('',(31.,21.220100402832,-2.200000047684));
#9340=CARTESIAN_POINT('',(31.,18.60000038147,-2.200000047684));
#9341=CARTESIAN_POINT('',(19.038170512654,18.60000038147,-14.713939361));
#9342=CARTESIAN_POINT('',(19.038170512654,18.60000038147,-6.69999980926));
#9343=CARTESIAN_POINT('',(29.60000038147,18.60000038147,-2.200000047684));
#9344=CARTESIAN_POINT('',(30.1762026721594,18.60000038147,-5.69999980926));
#9345=CARTESIAN_POINT('',(20.39999961853,18.60000038147,-1.399999976158));
#9346=CARTESIAN_POINT('',(0.,0.,-3.5));
#9347=CARTESIAN_POINT('',(138.,28.1000003814695,-3.5));
#9348=CARTESIAN_POINT('',(138.,28.1055559370251,-3.5));
#9349=CARTESIAN_POINT('',(138.,33.6000003814695,-3.5));
#9350=CARTESIAN_POINT('',(0.,28.1055559370251,-3.5));
#9351=CARTESIAN_POINT('',(144.305540897793,28.1055559370251,-3.5));
#9352=CARTESIAN_POINT('',(144.305540897793,34.5,-3.5));
#9353=CARTESIAN_POINT('',(144.305540897793,33.6000003814695,-3.5));
#9354=CARTESIAN_POINT('',(111.379962915617,33.6000003814695,-3.5));
#9355=CARTESIAN_POINT('',(146.,33.6000003814695,-3.5));
#9356=CARTESIAN_POINT('',(146.,33.6000003814695,-3.5));
#9357=CARTESIAN_POINT('',(146.,2.799999952316,-3.5));
#9358=CARTESIAN_POINT('',(146.,2.799999952316,-3.5));
#9359=CARTESIAN_POINT('',(111.379962915617,2.799999952316,-3.5));
#9360=CARTESIAN_POINT('',(111.379962915617,2.799999952316,-3.5));
#9361=CARTESIAN_POINT('',(111.379962915617,33.6000003814695,-3.5));
#9362=CARTESIAN_POINT('',(111.379962915617,33.6000003814695,-3.5));
#9363=CARTESIAN_POINT('',(111.379962915617,33.6000003814695,-3.5));
#9364=CARTESIAN_POINT('',(117.015160056997,33.6000003814695,-3.5));
#9365=CARTESIAN_POINT('',(117.015160056997,28.2,-3.5));
#9366=CARTESIAN_POINT('',(117.015160056997,28.2055555555556,-3.5));
#9367=CARTESIAN_POINT('',(0.,28.2055555555556,-3.5));
#9368=CARTESIAN_POINT('',(123.315160056997,28.2055555555556,-3.5));
#9369=CARTESIAN_POINT('',(123.315160056997,34.5,-3.5));
#9370=CARTESIAN_POINT('',(123.315160056997,33.6000003814695,-3.5));
#9371=CARTESIAN_POINT('',(111.379962915617,33.6000003814695,-3.5));
#9372=CARTESIAN_POINT('',(118.8,27.2,-3.5));
#9373=CARTESIAN_POINT('',(118.8,27.2,-3.5));
#9374=CARTESIAN_POINT('',(118.8,14.7,-3.5));
#9375=CARTESIAN_POINT('',(118.8,14.7,-3.5));
#9376=CARTESIAN_POINT('',(142.4,14.7,-3.5));
#9377=CARTESIAN_POINT('',(142.4,14.7,-3.5));
#9378=CARTESIAN_POINT('',(142.4,27.2,-3.5));
#9379=CARTESIAN_POINT('',(142.4,27.2,-3.5));
#9380=CARTESIAN_POINT('',(117.005540897793,10.,-3.5));
#9381=CARTESIAN_POINT('',(117.005540897793,10.,-3.5));
#9382=CARTESIAN_POINT('',(123.305540897793,10.,-3.5));
#9383=CARTESIAN_POINT('',(117.005540897793,3.70000000000001,-3.5));
#9384=CARTESIAN_POINT('',(117.005540897793,3.70555555555556,-3.5));
#9385=CARTESIAN_POINT('',(0.,3.70555555555556,-3.5));
#9386=CARTESIAN_POINT('',(123.305540897793,3.70555555555556,-3.5));
#9387=CARTESIAN_POINT('',(123.305540897793,10.,-3.5));
#9388=CARTESIAN_POINT('',(138.005540897793,10.,-3.5));
#9389=CARTESIAN_POINT('',(138.005540897793,10.,-3.5));
#9390=CARTESIAN_POINT('',(144.305540897793,10.,-3.5));
#9391=CARTESIAN_POINT('',(138.005540897793,3.7,-3.5));
#9392=CARTESIAN_POINT('',(138.005540897793,3.70555555555556,-3.5));
#9393=CARTESIAN_POINT('',(0.,3.70555555555556,-3.5));
#9394=CARTESIAN_POINT('',(144.305540897793,3.70555555555556,-3.5));
#9395=CARTESIAN_POINT('',(144.305540897793,10.,-3.5));
#9396=CARTESIAN_POINT('',(0.,0.,-5.));
#9397=CARTESIAN_POINT('',(111.379962915617,2.799999952316,-5.));
#9398=CARTESIAN_POINT('',(111.379962915617,2.799999952316,-5.));
#9399=CARTESIAN_POINT('',(111.379962915617,7.51822867234897,-5.));
#9400=CARTESIAN_POINT('',(48.476261937561,2.799999952316,-5.));
#9401=CARTESIAN_POINT('',(110.,2.799999952316,-5.));
#9402=CARTESIAN_POINT('',(110.,33.6000003814695,-5.));
#9403=CARTESIAN_POINT('',(110.,7.51822872543065,-5.));
#9404=CARTESIAN_POINT('',(85.742927977631,7.51822872543065,-5.));
#9405=CARTESIAN_POINT('',(118.8,27.2,-9.));
#9406=CARTESIAN_POINT('',(118.8,27.2,-9.));
#9407=CARTESIAN_POINT('',(118.8,27.2,-3.));
#9408=CARTESIAN_POINT('',(118.8,14.7,-3.));
#9409=CARTESIAN_POINT('',(118.8,14.7,-3.));
#9410=CARTESIAN_POINT('',(118.8,14.7,-9.));
#9411=CARTESIAN_POINT('',(118.8,14.7,-9.));
#9412=CARTESIAN_POINT('',(142.4,14.7,-3.));
#9413=CARTESIAN_POINT('',(142.4,14.7,-3.));
#9414=CARTESIAN_POINT('',(142.4,14.7,-9.));
#9415=CARTESIAN_POINT('',(142.4,14.7,-9.));
#9416=CARTESIAN_POINT('',(142.4,27.2,-3.));
#9417=CARTESIAN_POINT('',(142.4,27.2,-3.));
#9418=CARTESIAN_POINT('',(142.4,27.2,-9.));
#9419=CARTESIAN_POINT('',(142.4,27.2,-9.));
#9420=CARTESIAN_POINT('',(118.8,27.2,-3.));
#9421=CARTESIAN_POINT('',(146.,22.48170774459,-14.38010436633));
#9422=CARTESIAN_POINT('',(146.,7.83724709185326,-12.29999980926));
#9423=CARTESIAN_POINT('',(146.,6.13724709185326,-12.29999980926));
#9424=CARTESIAN_POINT('',(146.,15.799999952316,-12.29999980926));
#9425=CARTESIAN_POINT('',(146.,14.099999952316,-12.29999980926));
#9426=CARTESIAN_POINT('',(146.,2.799999952316,-1.399999976158));
#9427=CARTESIAN_POINT('',(146.,2.799999952316,-15.19999980926));
#9428=CARTESIAN_POINT('',(146.,33.6000003814695,-5.));
#9429=CARTESIAN_POINT('',(146.,33.6000003814695,-1.399999976158));
#9430=CARTESIAN_POINT('',(146.,41.599998474121,-1.399999976158));
#9431=CARTESIAN_POINT('',(146.,41.599998474121,-1.399999976158));
#9432=CARTESIAN_POINT('',(146.,41.599998474121,-1.399999976158));
#9433=CARTESIAN_POINT('',(146.,41.599998474121,-5.199999809265));
#9434=CARTESIAN_POINT('',(146.,41.599998474121,-12.19999980926));
#9435=CARTESIAN_POINT('',(146.,41.599998474121,-12.19999980926));
#9436=CARTESIAN_POINT('',(146.,38.599998474121,-15.19999980926));
#9437=CARTESIAN_POINT('',(146.,38.599998474121,-15.19999980926));
#9438=CARTESIAN_POINT('',(146.,2.799999952316,-15.19999980926));
#9439=CARTESIAN_POINT('',(29.325589340157,41.400001525879,-2.775589566654));
#9440=CARTESIAN_POINT('',(33.15,41.400001525879,-2.775589566654));
#9441=CARTESIAN_POINT('',(33.15,41.400001525879,-5.199999809265));
#9442=CARTESIAN_POINT('',(33.15,41.400001525879,-5.300000095367));
#9443=CARTESIAN_POINT('',(32.499999934435,41.400001525879,-5.95000016093201));
#9444=CARTESIAN_POINT('',(32.55,41.400001525879,-5.900000095367));
#9445=CARTESIAN_POINT('',(25.39999961853,41.400001525879,-5.900000095367));
#9446=CARTESIAN_POINT('',(25.39999961853,41.400001525879,-5.900000095367));
#9447=CARTESIAN_POINT('',(25.39999961853,41.400001525879,-1.399999976158));
#9448=CARTESIAN_POINT('',(25.39999961853,41.400001525879,-1.399999976158));
#9449=CARTESIAN_POINT('',(35.,41.400001525879,-1.399999976158));
#9450=CARTESIAN_POINT('',(35.,41.400001525879,-1.399999976158));
#9451=CARTESIAN_POINT('',(35.,41.400001525879,-5.900000095367));
#9452=CARTESIAN_POINT('',(35.,41.400001525879,-5.199999809265));
#9453=CARTESIAN_POINT('',(29.325589340157,41.400001525879,-5.199999809265));
#9454=CARTESIAN_POINT('',(54.533436966795,35.,-2.621360433955));
#9455=CARTESIAN_POINT('',(42.524154663086,35.,-5.900000095367));
#9456=CARTESIAN_POINT('',(45.8955572133919,35.,-5.900000095367));
#9457=CARTESIAN_POINT('',(48.5751772593875,35.,-8.57962014136255));
#9458=CARTESIAN_POINT('',(45.2955572133919,35.,-5.300000095367));
#9459=CARTESIAN_POINT('',(45.2955572133919,35.,-2.621360433955));
#9460=CARTESIAN_POINT('',(45.2955572133919,35.,-5.199999809265));
#9461=CARTESIAN_POINT('',(54.533436966795,35.,-5.199999809265));
#9462=CARTESIAN_POINT('',(43.8055408977925,35.,-5.199999809265));
#9463=CARTESIAN_POINT('',(43.8055408977925,35.,-5.91));
#9464=CARTESIAN_POINT('',(43.8055408977925,35.,-1.399999976158));
#9465=CARTESIAN_POINT('',(68.599998474121,35.,-1.399999976158));
#9466=CARTESIAN_POINT('',(35.,41.068878228074,-3.756651287669));
#9467=CARTESIAN_POINT('',(35.,40.951057434082,-5.900000095367));
#9468=CARTESIAN_POINT('',(34.9999999999999,40.9510574340821,-5.199999809265));
#9469=CARTESIAN_POINT('',(35.,40.951057434082,-1.399999976158));
#9470=CARTESIAN_POINT('',(35.,41.068878228074,-5.199999809265));
#9471=CARTESIAN_POINT('',(35.,40.951057434082,-1.399999976158));
#9472=CARTESIAN_POINT('',(35.024687010168,40.979982214417,-3.637371985726));
#9473=CARTESIAN_POINT('',(35.032978057861,40.989696502686,-5.900000095367));
#9474=CARTESIAN_POINT('',(35.0329780578613,40.9896965026857,-5.199999809265));
#9475=CARTESIAN_POINT('',(35.032978057861,40.989696502686,-1.399999976158));
#9476=CARTESIAN_POINT('',(35.024687010168,40.979982214417,-5.199999809265));
#9477=CARTESIAN_POINT('',(35.032978057861,40.989696502686,-1.399999976158));
#9478=CARTESIAN_POINT('',(35.057933492917,41.018395681345,-3.637370571262));
#9479=CARTESIAN_POINT('',(35.066314697266,41.028034210205,-5.900000095367));
#9480=CARTESIAN_POINT('',(35.0663146972658,41.0280342102052,-5.199999809265));
#9481=CARTESIAN_POINT('',(35.066314697266,41.028034210205,-1.399999976158));
#9482=CARTESIAN_POINT('',(35.057933492917,41.018395681345,-5.199999809265));
#9483=CARTESIAN_POINT('',(35.066314697266,41.028034210205,-1.399999976158));
#9484=CARTESIAN_POINT('',(35.091530001252,41.056499232871,-3.637372082803));
#9485=CARTESIAN_POINT('',(35.099998474121,41.066059112549,-5.900000095367));
#9486=CARTESIAN_POINT('',(35.099998474121,41.066059112549,-5.199999809265));
#9487=CARTESIAN_POINT('',(35.099998474121,41.066059112549,-1.399999976158));
#9488=CARTESIAN_POINT('',(35.091530001252,41.056499232871,-5.199999809265));
#9489=CARTESIAN_POINT('',(35.099998474121,41.066059112549,-1.399999976158));
#9490=CARTESIAN_POINT('',(35.099998474121,38.642592633083,-4.240437721893));
#9491=CARTESIAN_POINT('',(35.099998474121,40.3588104304961,-5.91));
#9492=CARTESIAN_POINT('',(35.099998474121,40.3588104304961,-5.199999809265));
#9493=CARTESIAN_POINT('',(35.099998474121,40.3588104304961,-1.399999976158));
#9494=CARTESIAN_POINT('',(35.099998474121,38.642592633083,-5.199999809265));
#9495=CARTESIAN_POINT('',(35.099998474121,37.400001525879,-1.399999976158));
#9496=CARTESIAN_POINT('',(55.206359386623,34.835867771473,-5.900000095367));
#9497=CARTESIAN_POINT('',(55.206359386623,30.7,-5.900000095367));
#9498=CARTESIAN_POINT('',(32.55,30.7,-5.900000095367));
#9499=CARTESIAN_POINT('',(45.8955572133919,30.7,-5.900000095367));
#9500=CARTESIAN_POINT('',(45.8955572133919,34.835867771473,-5.900000095367));
#9501=CARTESIAN_POINT('',(25.39999961853,28.60000038147,-5.900000095367));
#9502=CARTESIAN_POINT('',(32.55,34.835867771473,-5.900000095367));
#9503=CARTESIAN_POINT('',(39.25,37.35,-5.91));
#9504=CARTESIAN_POINT('',(39.25,37.35,-5.199999809265));
#9505=CARTESIAN_POINT('',(42.115827252545,41.599998474121,-5.199999809265));
#9506=CARTESIAN_POINT('',(42.115827252545,41.599998474121,-5.91));
#9507=CARTESIAN_POINT('',(42.115827252545,41.599998474121,-1.399999976158));
#9508=CARTESIAN_POINT('',(39.25,37.35,-1.399999976158));
#9509=CARTESIAN_POINT('',(39.25,37.35,-5.91));
#9510=CARTESIAN_POINT('',(36.384172747455,41.599998474121,-5.91));
#9511=CARTESIAN_POINT('',(36.384172747455,41.599998474121,-1.399999976158));
#9512=CARTESIAN_POINT('',(36.384172747455,41.599998474121,-5.199999809265));
#9513=CARTESIAN_POINT('',(39.25,37.35,-5.199999809265));
#9514=CARTESIAN_POINT('',(39.25,37.35,-1.399999976158));
#9515=CARTESIAN_POINT('',(73.462602547165,41.599998474121,-4.237397321705));
#9516=CARTESIAN_POINT('',(146.,41.599998474121,-5.199999809265));
#9517=CARTESIAN_POINT('',(2.799999952316,41.599998474121,-1.399999976158));
#9518=CARTESIAN_POINT('',(22.598075186759,19.601924622507,-1.399999976158));
#9519=CARTESIAN_POINT('',(25.39999961853,41.400001525879,-1.399999976158));
#9520=CARTESIAN_POINT('',(25.39999961853,30.779899597168,-1.399999976158));
#9521=CARTESIAN_POINT('',(25.39999961853,30.779899597168,-1.399999976158));
#9522=CARTESIAN_POINT('',(3.32010102272,30.779899597168,-1.399999976158));
#9523=CARTESIAN_POINT('',(3.32010102272,30.779899597168,-1.399999976158));
#9524=CARTESIAN_POINT('',(3.32010102272,20.420101165771,-1.399999976158));
#9525=CARTESIAN_POINT('',(3.32010102272,20.420101165771,-1.399999976158));
#9526=CARTESIAN_POINT('',(25.39999961853,20.,-1.399999976158));
#9527=CARTESIAN_POINT('',(25.39999961853,2.799999952316,-1.399999976158));
#9528=CARTESIAN_POINT('',(2.799999952316,2.799999952316,-1.399999976158));
#9529=CARTESIAN_POINT('',(2.799999952316,2.799999952316,-1.399999976158));
#9530=CARTESIAN_POINT('',(2.799999952316,2.799999952316,-1.399999976158));
#9531=CARTESIAN_POINT('',(2.799999952316,41.599998474121,-1.399999976158));
#9532=CARTESIAN_POINT('',(2.799999952316,41.599998474121,-1.399999976158));
#9533=CARTESIAN_POINT('',(26.799999237061,35.979054333452,-1.370946048017));
#9534=CARTESIAN_POINT('',(26.800000095367,24.,-3.));
#9535=CARTESIAN_POINT('',(26.800000095367,24.0000000000002,-2.99999999999983));
#9536=CARTESIAN_POINT('',(26.799999237061,24.000000762939,-5.5));
#9537=CARTESIAN_POINT('',(26.799999237061,27.200000762939,-5.5));
#9538=CARTESIAN_POINT('',(26.799999237061,27.200000762939,-5.5));
#9539=CARTESIAN_POINT('',(26.799999237061,27.200000762939,-5.5));
#9540=CARTESIAN_POINT('',(26.799999237061,28.200000762939,-4.5));
#9541=CARTESIAN_POINT('',(26.799999237061,27.200000762939,-4.5));
#9542=CARTESIAN_POINT('',(26.799999237061,40.,-4.5));
#9543=CARTESIAN_POINT('',(26.799999237061,40.,-4.5));
#9544=CARTESIAN_POINT('',(26.799999237061,40.,0.));
#9545=CARTESIAN_POINT('',(26.799999237061,40.,0.));
#9546=CARTESIAN_POINT('',(26.799999237061,30.200000762939,0.));
#9547=CARTESIAN_POINT('',(26.799999237061,27.200000762939,-3.));
#9548=CARTESIAN_POINT('',(26.799999237061,27.200000762939,-3.));
#9549=CARTESIAN_POINT('',(26.800000095367,27.200000762939,-3.));
#9550=CARTESIAN_POINT('',(90.073585610009,24.,-15.59389104295));
#9551=CARTESIAN_POINT('',(6.900000095367,24.,-3.));
#9552=CARTESIAN_POINT('',(33.599998474121,24.,-3.));
#9553=CARTESIAN_POINT('',(33.599998474121,24.,-5.5));
#9554=CARTESIAN_POINT('',(33.599998474121,24.000000762939,-5.5));
#9555=CARTESIAN_POINT('',(26.799999237061,24.000000762939,-5.5));
#9556=CARTESIAN_POINT('',(0.,20.278319394472,-1.378319299104));
#9557=CARTESIAN_POINT('',(0.,0.,0.));
#9558=CARTESIAN_POINT('',(0.,0.,0.));
#9559=CARTESIAN_POINT('',(0.,0.,-5.199999809265));
#9560=CARTESIAN_POINT('',(0.,43.,0.));
#9561=CARTESIAN_POINT('',(0.,43.,0.));
#9562=CARTESIAN_POINT('',(0.,43.,-5.199999809265));
#9563=CARTESIAN_POINT('',(0.,43.,-5.199999809265));
#9564=CARTESIAN_POINT('',(0.,0.,-5.199999809265));
#9565=CARTESIAN_POINT('',(73.322645800777,43.,-1.322647231289));
#9566=CARTESIAN_POINT('',(149.19999694824,43.,0.));
#9567=CARTESIAN_POINT('',(149.19999694824,43.,0.));
#9568=CARTESIAN_POINT('',(149.19999694824,43.,-5.199999809265));
#9569=CARTESIAN_POINT('',(149.19999694824,43.,-5.199999809265));
#9570=CARTESIAN_POINT('',(0.,43.,-5.199999809265));
#9571=CARTESIAN_POINT('',(149.19999694824,22.721680605528,-1.378319299104));
#9572=CARTESIAN_POINT('',(149.19999694824,0.,0.));
#9573=CARTESIAN_POINT('',(149.19999694824,0.,0.));
#9574=CARTESIAN_POINT('',(149.19999694824,0.,-5.199999809265));
#9575=CARTESIAN_POINT('',(149.19999694824,0.,-5.199999809265));
#9576=CARTESIAN_POINT('',(149.19999694824,43.,-5.199999809265));
#9577=CARTESIAN_POINT('',(75.877351147465,0.,-1.322647231289));
#9578=CARTESIAN_POINT('',(0.,0.,0.));
#9579=CARTESIAN_POINT('',(149.19999694824,0.,-5.199999809265));
#9580=CARTESIAN_POINT('',(33.167473350762,5.377688936802,-0.800000011921));
#9581=CARTESIAN_POINT('',(32.900001525879,6.599999904633,-0.800000011921));
#9582=CARTESIAN_POINT('',(32.900001525879,6.599999904633,-0.800000011921));
#9583=CARTESIAN_POINT('',(27.5,6.599999904633,-0.800000011921));
#9584=CARTESIAN_POINT('',(32.900001525879,5.400000095367,-0.800000011921));
#9585=CARTESIAN_POINT('',(32.900001525879,5.400000095367,-0.800000011921));
#9586=CARTESIAN_POINT('',(27.5,5.400000095367,-0.800000011921));
#9587=CARTESIAN_POINT('',(27.5,5.400000095367,-0.800000011921));
#9588=CARTESIAN_POINT('',(27.5,6.599999904633,-0.800000011921));
#9589=CARTESIAN_POINT('',(33.599998474121,4.199999809265,-0.800000011921));
#9590=CARTESIAN_POINT('',(33.599998474121,4.199999809265,-0.800000011921));
#9591=CARTESIAN_POINT('',(26.799999237061,4.199999809265,-0.800000011921));
#9592=CARTESIAN_POINT('',(33.599998474121,21.799999237061,-0.800000011921));
#9593=CARTESIAN_POINT('',(33.599998474121,21.799999237061,-0.800000011921));
#9594=CARTESIAN_POINT('',(26.799999237061,21.799999237061,-0.800000011921));
#9595=CARTESIAN_POINT('',(26.799999237061,21.799999237061,-0.800000011921));
#9596=CARTESIAN_POINT('',(26.799999237061,4.199999809265,-0.800000011921));
#9597=CARTESIAN_POINT('',(90.246875488129,4.199999809265,-0.746875488129));
#9598=CARTESIAN_POINT('',(70.,4.199999809265,-1.));
#9599=CARTESIAN_POINT('',(70.,4.199999809265,-1.));
#9600=CARTESIAN_POINT('',(33.599998474121,4.199999809265,-1.));
#9601=CARTESIAN_POINT('',(33.599998474121,4.199999809265,-1.));
#9602=CARTESIAN_POINT('',(33.599998474121,4.199999809265,-0.800000011921));
#9603=CARTESIAN_POINT('',(26.799999237061,4.199999809265,0.));
#9604=CARTESIAN_POINT('',(26.799999237061,4.199999809265,0.));
#9605=CARTESIAN_POINT('',(110.,4.199999809265,0.));
#9606=CARTESIAN_POINT('',(26.799999237061,13.078083085196,-0.59802867892));
#9607=CARTESIAN_POINT('',(26.799999237061,21.,0.));
#9608=CARTESIAN_POINT('',(26.799999237061,21.,0.));
#9609=CARTESIAN_POINT('',(26.799999237061,4.199999809265,0.));
#9610=CARTESIAN_POINT('',(31.041803891233,38.332466656736,-4.5));
#9611=CARTESIAN_POINT('',(70.000000095367,28.200000762939,-4.5));
#9612=CARTESIAN_POINT('',(70.,28.200000762939,-4.5));
#9613=CARTESIAN_POINT('',(70.,33.599998474121,-4.5));
#9614=CARTESIAN_POINT('',(70.,33.599998474121,-4.5));
#9615=CARTESIAN_POINT('',(43.971790313721,33.599998474121,-4.5));
#9616=CARTESIAN_POINT('',(43.971790313721,33.599998474121,-4.5));
#9617=CARTESIAN_POINT('',(43.25199508667,32.84024810791,-4.5));
#9618=CARTESIAN_POINT('',(43.25199508667,32.84024810791,-4.5));
#9619=CARTESIAN_POINT('',(42.412925720215,32.214721679688,-4.5));
#9620=CARTESIAN_POINT('',(42.412925720215,32.214721679688,-4.5));
#9621=CARTESIAN_POINT('',(41.479274749756,31.741828918457,-4.5));
#9622=CARTESIAN_POINT('',(41.479274749756,31.741828918457,-4.5));
#9623=CARTESIAN_POINT('',(40.478534698486,31.43549156189,-4.5));
#9624=CARTESIAN_POINT('',(40.478534698486,31.43549156189,-4.5));
#9625=CARTESIAN_POINT('',(39.440155029297,31.30472946167,-4.5));
#9626=CARTESIAN_POINT('',(39.440155029297,31.30472946167,-4.5));
#9627=CARTESIAN_POINT('',(38.394706726074,31.35338973999,-4.5));
#9628=CARTESIAN_POINT('',(38.394706726074,31.35338973999,-4.5));
#9629=CARTESIAN_POINT('',(37.372966766357,31.580038070679,-4.5));
#9630=CARTESIAN_POINT('',(37.372966766357,31.580038070679,-4.5));
#9631=CARTESIAN_POINT('',(36.405006408691,31.978008270264,-4.5));
#9632=CARTESIAN_POINT('',(36.405006408691,31.978008270264,-4.5));
#9633=CARTESIAN_POINT('',(35.519317626953,32.535579681396,-4.5));
#9634=CARTESIAN_POINT('',(35.519317626953,32.535579681396,-4.5));
#9635=CARTESIAN_POINT('',(34.74197769165,33.236343383789,-4.5));
#9636=CARTESIAN_POINT('',(34.74197769165,33.236343383789,-4.5));
#9637=CARTESIAN_POINT('',(34.095867156982,34.059669494629,-4.5));
#9638=CARTESIAN_POINT('',(34.095867156982,34.059669494629,-4.5));
#9639=CARTESIAN_POINT('',(33.599998474121,34.981323242188,-4.5));
#9640=CARTESIAN_POINT('',(33.599998474121,34.981323242188,-4.5));
#9641=CARTESIAN_POINT('',(33.599998474121,40.,-4.5));
#9642=CARTESIAN_POINT('',(33.599998474121,40.,-4.5));
#9643=CARTESIAN_POINT('',(26.799999237061,40.,-4.5));
#9644=CARTESIAN_POINT('',(30.986463810726,40.,-1.463535044865));
#9645=CARTESIAN_POINT('',(33.599998474121,40.,0.));
#9646=CARTESIAN_POINT('',(33.599998474121,40.,0.));
#9647=CARTESIAN_POINT('',(26.799999237061,40.,0.));
#9648=CARTESIAN_POINT('',(33.599998474121,36.796168913485,-1.555507292392));
#9649=CARTESIAN_POINT('',(33.599998474121,34.981323242188,0.));
#9650=CARTESIAN_POINT('',(33.599998474121,34.981323242188,0.));
#9651=CARTESIAN_POINT('',(33.599998474121,40.,0.));
#9652=CARTESIAN_POINT('',(33.957674084144,34.316524117375,-2.481620001778));
#9653=CARTESIAN_POINT('',(34.095867156982,34.059669494629,0.));
#9654=CARTESIAN_POINT('',(34.095867156982,34.059669494629,0.));
#9655=CARTESIAN_POINT('',(33.599998474121,34.981323242188,0.));
#9656=CARTESIAN_POINT('',(34.56191394495,33.46579512048,-2.481619385298));
#9657=CARTESIAN_POINT('',(34.74197769165,33.236343383789,0.));
#9658=CARTESIAN_POINT('',(34.74197769165,33.236343383789,0.));
#9659=CARTESIAN_POINT('',(34.095867156982,34.059669494629,0.));
#9660=CARTESIAN_POINT('',(35.302681696579,32.730874673646,-2.481619610136));
#9661=CARTESIAN_POINT('',(35.519317626953,32.535579681396,0.));
#9662=CARTESIAN_POINT('',(35.519317626953,32.535579681396,0.));
#9663=CARTESIAN_POINT('',(34.74197769165,33.236343383789,0.));
#9664=CARTESIAN_POINT('',(36.158174830892,32.133397199178,-2.481619920075));
#9665=CARTESIAN_POINT('',(36.405006408691,31.978008270264,0.));
#9666=CARTESIAN_POINT('',(36.405006408691,31.978008270264,0.));
#9667=CARTESIAN_POINT('',(35.519317626953,32.535579681396,0.));
#9668=CARTESIAN_POINT('',(37.103207055208,31.690947908293,-2.481619646365));
#9669=CARTESIAN_POINT('',(37.372966766357,31.580038070679,0.));
#9670=CARTESIAN_POINT('',(37.372966766357,31.580038070679,0.));
#9671=CARTESIAN_POINT('',(36.405006408691,31.978008270264,0.));
#9672=CARTESIAN_POINT('',(38.109959314106,31.416554075472,-2.481619136172));
#9673=CARTESIAN_POINT('',(38.394706726074,31.35338973999,0.));
#9674=CARTESIAN_POINT('',(38.394706726074,31.35338973999,0.));
#9675=CARTESIAN_POINT('',(37.372966766357,31.580038070679,0.));
#9676=CARTESIAN_POINT('',(39.148800262949,31.318290537791,-2.481619872109));
#9677=CARTESIAN_POINT('',(39.440155029297,31.30472946167,0.));
#9678=CARTESIAN_POINT('',(39.440155029297,31.30472946167,0.));
#9679=CARTESIAN_POINT('',(38.394706726074,31.35338973999,0.));
#9680=CARTESIAN_POINT('',(40.189149867104,31.399049623121,-2.481619972513));
#9681=CARTESIAN_POINT('',(40.478534698486,31.43549156189,0.));
#9682=CARTESIAN_POINT('',(40.478534698486,31.43549156189,0.));
#9683=CARTESIAN_POINT('',(39.440155029297,31.30472946167,0.));
#9684=CARTESIAN_POINT('',(41.200379760096,31.656456144794,-2.48161924843));
#9685=CARTESIAN_POINT('',(41.479274749756,31.741828918457,0.));
#9686=CARTESIAN_POINT('',(41.479274749756,31.741828918457,0.));
#9687=CARTESIAN_POINT('',(40.478534698486,31.43549156189,0.));
#9688=CARTESIAN_POINT('',(42.152727601441,32.082931738106,-2.481620031084));
#9689=CARTESIAN_POINT('',(42.412925720215,32.214721679688,0.));
#9690=CARTESIAN_POINT('',(42.412925720215,32.214721679688,0.));
#9691=CARTESIAN_POINT('',(41.479274749756,31.741828918457,0.));
#9692=CARTESIAN_POINT('',(43.018155924264,32.665920952271,-2.481619016358));
#9693=CARTESIAN_POINT('',(43.25199508667,32.84024810791,0.));
#9694=CARTESIAN_POINT('',(43.25199508667,32.84024810791,0.));
#9695=CARTESIAN_POINT('',(42.412925720215,32.214721679688,0.));
#9696=CARTESIAN_POINT('',(43.771191461214,33.388264572692,-2.481619485074));
#9697=CARTESIAN_POINT('',(43.971790313721,33.599998474121,0.));
#9698=CARTESIAN_POINT('',(43.971790313721,33.599998474121,0.));
#9699=CARTESIAN_POINT('',(43.25199508667,32.84024810791,0.));
#9700=CARTESIAN_POINT('',(58.014360960761,33.599998474121,-1.221534196099));
#9701=CARTESIAN_POINT('',(70.,33.599998474121,0.));
#9702=CARTESIAN_POINT('',(70.,33.599998474121,0.));
#9703=CARTESIAN_POINT('',(43.971790313721,33.599998474121,0.));
#9704=CARTESIAN_POINT('',(92.988241800248,40.,-4.261758199752));
#9705=CARTESIAN_POINT('',(70.,40.,0.));
#9706=CARTESIAN_POINT('',(70.,40.,0.));
#9707=CARTESIAN_POINT('',(70.,40.,-14.5));
#9708=CARTESIAN_POINT('',(70.,40.,-14.5));
#9709=CARTESIAN_POINT('',(70.,40.,-14.5));
#9710=CARTESIAN_POINT('',(89.925281435349,23.775281816819,-14.5));
#9711=CARTESIAN_POINT('',(104.900000095367,27.000000762939,-14.5));
#9712=CARTESIAN_POINT('',(104.900000095367,27.000000762939,-14.5));
#9713=CARTESIAN_POINT('',(104.900000095367,27.000000762939,-14.5));
#9714=CARTESIAN_POINT('',(105.,27.2,-14.5));
#9715=CARTESIAN_POINT('',(70.,23.700000762939,-14.5));
#9716=CARTESIAN_POINT('',(70.,23.700000762939,-14.5));
#9717=CARTESIAN_POINT('',(110.,23.700000762939,-14.5));
#9718=CARTESIAN_POINT('',(70.,15.688646728506,-6.408967908172));
#9719=CARTESIAN_POINT('',(70.,33.599998474121,0.));
#9720=CARTESIAN_POINT('',(70.,20.9898397916365,-11.7101609713025));
#9721=CARTESIAN_POINT('',(70.000000095367,27.200000762939,-5.5));
#9722=CARTESIAN_POINT('',(70.000000095367,24.000000762939,-5.5));
#9723=CARTESIAN_POINT('',(70.000000095367,24.000000762939,-5.5));
#9724=CARTESIAN_POINT('',(70.,4.199999809265,-1.));
#9725=CARTESIAN_POINT('',(70.,23.700000762939,-14.5));
#9726=CARTESIAN_POINT('',(94.303598685279,17.488385577175,-10.19965123555));
#9727=CARTESIAN_POINT('',(17.297791089619,33.152208958064,0.));
#9728=CARTESIAN_POINT('',(145.4,14.7,0.));
#9729=CARTESIAN_POINT('',(145.4,30.2,0.));
#9730=CARTESIAN_POINT('',(145.4,11.7,0.));
#9731=CARTESIAN_POINT('',(118.8,11.7,0.));
#9732=CARTESIAN_POINT('',(115.8,11.7,0.));
#9733=CARTESIAN_POINT('',(115.8,27.2,0.));
#9734=CARTESIAN_POINT('',(115.8,30.2,0.));
#9735=CARTESIAN_POINT('',(142.4,30.2,0.));
#9736=CARTESIAN_POINT('',(3.900000095367,21.,0.));
#9737=CARTESIAN_POINT('',(3.900000095367,21.,0.));
#9738=CARTESIAN_POINT('',(3.900000095367,30.200000762939,0.));
#9739=CARTESIAN_POINT('',(3.900000095367,30.200000762939,0.));
#9740=CARTESIAN_POINT('',(26.799999237061,30.200000762939,0.));
#9741=CARTESIAN_POINT('',(39.25,37.35,0.));
#9742=CARTESIAN_POINT('',(42.75,37.35,0.));
#9743=CARTESIAN_POINT('',(31.651210496361,23.192675981717,-2.192675775487));
#9744=CARTESIAN_POINT('',(33.599998474121,24.,-3.));
#9745=CARTESIAN_POINT('',(6.900000095367,24.,-3.));
#9746=CARTESIAN_POINT('',(6.900000095367,24.,-3.));
#9747=CARTESIAN_POINT('',(3.900000095367,21.,0.));
#9748=CARTESIAN_POINT('',(19.,22.60000038147,-1.600000023842));
#9749=CARTESIAN_POINT('',(19.,22.60000038147,-1.600000023842));
#9750=CARTESIAN_POINT('',(20.39999961853,22.60000038147,-1.600000023842));
#9751=CARTESIAN_POINT('',(20.39999961853,22.60000038147,-1.600000023842));
#9752=CARTESIAN_POINT('',(20.39999961853,22.39999961853,-1.399999976158));
#9753=CARTESIAN_POINT('',(20.39999961853,22.39999961853,-1.399999976158));
#9754=CARTESIAN_POINT('',(19.,22.39999961853,-1.399999976158));
#9755=CARTESIAN_POINT('',(19.,22.39999961853,-1.399999976158));
#9756=CARTESIAN_POINT('',(19.,22.60000038147,-1.600000023842));
#9757=CARTESIAN_POINT('',(31.,22.60000038147,-1.600000023842));
#9758=CARTESIAN_POINT('',(31.,22.60000038147,-1.600000023842));
#9759=CARTESIAN_POINT('',(29.60000038147,22.60000038147,-1.600000023842));
#9760=CARTESIAN_POINT('',(31.,22.39999961853,-1.399999976158));
#9761=CARTESIAN_POINT('',(31.,22.39999961853,-1.399999976158));
#9762=CARTESIAN_POINT('',(29.60000038147,22.39999961853,-1.399999976158));
#9763=CARTESIAN_POINT('',(29.60000038147,22.39999961853,-1.399999976158));
#9764=CARTESIAN_POINT('',(29.60000038147,22.60000038147,-1.600000023842));
#9765=CARTESIAN_POINT('',(17.798850912156,28.029061612597,-2.170939150343));
#9766=CARTESIAN_POINT('',(26.799999237061,27.200000762939,-3.));
#9767=CARTESIAN_POINT('',(6.900000095367,27.200000762939,-3.));
#9768=CARTESIAN_POINT('',(6.900000095367,27.200000762939,-3.));
#9769=CARTESIAN_POINT('',(5.701719784247,23.879126239566,-1.80171968888));
#9770=CARTESIAN_POINT('',(6.900000095367,24.,-3.));
#9771=CARTESIAN_POINT('',(147.80000305175,20.594799906518,-2.39480057409));
#9772=CARTESIAN_POINT('',(147.80000305175,1.399999976158,-1.399999976158));
#9773=CARTESIAN_POINT('',(147.80000305175,1.399999976158,-1.399999976158));
#9774=CARTESIAN_POINT('',(147.80000305175,1.399999976158,-5.199999809265));
#9775=CARTESIAN_POINT('',(147.80000305175,41.599998474121,-1.399999976158));
#9776=CARTESIAN_POINT('',(147.80000305175,41.599998474121,-1.399999976158));
#9777=CARTESIAN_POINT('',(147.80000305175,41.599998474121,-5.199999809265));
#9778=CARTESIAN_POINT('',(147.80000305175,41.599998474121,-5.199999809265));
#9779=CARTESIAN_POINT('',(147.80000305175,1.399999976158,-5.199999809265));
#9780=CARTESIAN_POINT('',(25.39999961853,34.820339183792,-2.05620762614));
#9781=CARTESIAN_POINT('',(25.39999961853,30.779899597168,-1.399999976158));
#9782=CARTESIAN_POINT('',(16.161366493191,29.186937769451,-2.992961716763));
#9783=CARTESIAN_POINT('',(3.32010102272,30.779899597168,-1.399999976158));
#9784=CARTESIAN_POINT('',(4.763218442075,24.251513909908,-2.843117474431));
#9785=CARTESIAN_POINT('',(3.32010102272,20.420101165771,-1.399999976158));
#9786=CARTESIAN_POINT('',(85.742927977631,16.438769492951,-11.17575885236));
#9787=CARTESIAN_POINT('',(110.,16.438769492951,-11.17575885236));
#9788=CARTESIAN_POINT('',(110.,2.799999952316,-1.733534097672));
#9789=CARTESIAN_POINT('',(68.599998474121,2.799999952316,-1.733534097672));
#9790=CARTESIAN_POINT('',(68.599998474121,2.799999952316,-1.733534097672));
#9791=CARTESIAN_POINT('',(68.599998474121,3.625714063644,-2.305182218552));
#9792=CARTESIAN_POINT('',(111.40000152587,22.25156211853,-15.19999980926));
#9793=CARTESIAN_POINT('',(85.742927977631,7.51822872543065,-5.));
#9794=CARTESIAN_POINT('',(68.599998474121,3.141927045732,-2.075976491413));
#9795=CARTESIAN_POINT('',(68.599998474121,3.625714063644,-2.305182218552));
#9796=CARTESIAN_POINT('',(68.599998474121,2.799999952316,-2.117520093918));
#9797=CARTESIAN_POINT('',(68.599998474121,2.799999952316,-2.117520093918));
#9798=CARTESIAN_POINT('',(32.200000762939,2.908406754668,-2.189894100364));
#9799=CARTESIAN_POINT('',(32.200000762939,3.,-2.200000047684));
#9800=CARTESIAN_POINT('',(32.200000762939,3.,-2.200000047684));
#9801=CARTESIAN_POINT('',(32.200000762939,2.799999952316,-2.200000047684));
#9802=CARTESIAN_POINT('',(32.200000762939,3.,-2.162974596024));
#9803=CARTESIAN_POINT('',(32.200000762939,3.,-2.162974596024));
#9804=CARTESIAN_POINT('',(32.200000762939,2.799999952316,-2.117520093918));
#9805=CARTESIAN_POINT('',(32.200000762939,2.799999952316,-2.117520093918));
#9806=CARTESIAN_POINT('',(32.200000762939,2.799999952316,-2.200000047684));
#9807=CARTESIAN_POINT('',(73.462602547165,41.599998474121,-4.237397321705));
#9808=CARTESIAN_POINT('',(2.799999952316,41.599998474121,-5.199999809265));
#9809=CARTESIAN_POINT('',(2.799999952316,41.599998474121,-5.199999809265));
#9810=CARTESIAN_POINT('',(146.,41.599998474121,-5.199999809265));
#9811=CARTESIAN_POINT('',(148.32488309981,42.239915300145,-5.199999809265));
#9812=CARTESIAN_POINT('',(39.25,37.35,-5.2));
#9813=CARTESIAN_POINT('',(42.75,37.35,-5.2));
#9814=CARTESIAN_POINT('',(45.2955572133919,42.7,-5.199999809265));
#9815=CARTESIAN_POINT('',(45.2955572133919,31.3,-5.199999809265));
#9816=CARTESIAN_POINT('',(45.2955572133919,31.3,-5.199999809265));
#9817=CARTESIAN_POINT('',(33.15,31.3,-5.199999809265));
#9818=CARTESIAN_POINT('',(33.15,31.3,-5.199999809265));
#9819=CARTESIAN_POINT('',(1.399999976158,41.599998474121,-5.199999809265));
#9820=CARTESIAN_POINT('',(1.399999976158,41.599998474121,-5.199999809265));
#9821=CARTESIAN_POINT('',(1.399999976158,1.399999976158,-5.199999809265));
#9822=CARTESIAN_POINT('',(1.399999976158,1.399999976158,-5.199999809265));
#9823=CARTESIAN_POINT('',(25.507791519165,1.399999976158,-5.199999809265));
#9824=CARTESIAN_POINT('',(25.507791519165,1.399999976158,-5.199999809265));
#9825=CARTESIAN_POINT('',(33.707790374756,1.399999976158,-5.199999809265));
#9826=CARTESIAN_POINT('',(33.707790374756,1.399999976158,-5.199999809265));
#9827=CARTESIAN_POINT('',(147.39999389648,1.399999976158,-5.199999809265));
#9828=CARTESIAN_POINT('',(147.39999389648,1.399999976158,-5.199999809265));
#9829=CARTESIAN_POINT('',(147.80000305175,1.399999976158,-5.199999809265));
#9830=CARTESIAN_POINT('',(147.39999389648,41.599998474121,-5.199999809265));
#9831=CARTESIAN_POINT('',(147.39999389648,41.599998474121,-5.199999809265));
#9832=CARTESIAN_POINT('',(146.,41.599998474121,-5.199999809265));
#9833=CARTESIAN_POINT('',(147.50524508386,41.599998474121,-3.394753282966));
#9834=CARTESIAN_POINT('',(147.39999389648,41.599998474121,-5.199999809265));
#9835=CARTESIAN_POINT('',(147.39999389648,41.599998474121,-1.399999976158));
#9836=CARTESIAN_POINT('',(147.39999389648,41.599998474121,-1.399999976158));
#9837=CARTESIAN_POINT('',(147.50049370821,21.599503991042,-1.399999976158));
#9838=CARTESIAN_POINT('',(147.39999389648,41.599998474121,-1.399999976158));
#9839=CARTESIAN_POINT('',(147.39999389648,1.399999976158,-1.399999976158));
#9840=CARTESIAN_POINT('',(147.39999389648,1.399999976158,-1.399999976158));
#9841=CARTESIAN_POINT('',(147.50524508386,1.399999976158,-3.205246502457));
#9842=CARTESIAN_POINT('',(147.39999389648,1.399999976158,-1.399999976158));
#9843=CARTESIAN_POINT('',(147.01533889185,41.599998474121,-9.015341752878));
#9844=CARTESIAN_POINT('',(147.39999389648,41.599998474121,-12.19999980926));
#9845=CARTESIAN_POINT('',(147.39999389648,41.599998474121,-12.19999980926));
#9846=CARTESIAN_POINT('',(146.,41.599998474121,-12.19999980926));
#9847=CARTESIAN_POINT('',(15.455960430047,1.399999976158,-8.197935126879));
#9848=CARTESIAN_POINT('',(25.507791519165,1.399999976158,-5.199999809265));
#9849=CARTESIAN_POINT('',(25.507791519165,1.399999976158,-15.19999980926));
#9850=CARTESIAN_POINT('',(1.399999976158,1.399999976158,-15.19999980926));
#9851=CARTESIAN_POINT('',(1.399999976158,1.399999976158,-15.19999980926));
#9852=CARTESIAN_POINT('',(25.507791519165,1.399999976158,-15.19999980926));
#9853=CARTESIAN_POINT('',(2.799999952316,22.48170774459,-14.38010436633));
#9854=CARTESIAN_POINT('',(2.799999952316,15.799999952316,-12.3210379535842));
#9855=CARTESIAN_POINT('',(2.799999952316,15.799999952316,-14.0210379535842));
#9856=CARTESIAN_POINT('',(2.799999952316,7.799999952316,-12.29999980926));
#9857=CARTESIAN_POINT('',(2.799999952316,7.799999952316,-13.99999980926));
#9858=CARTESIAN_POINT('',(2.799999952316,2.799999952316,-15.19999980926));
#9859=CARTESIAN_POINT('',(2.799999952316,2.799999952316,-15.19999980926));
#9860=CARTESIAN_POINT('',(2.799999952316,38.599998474121,-15.19999980926));
#9861=CARTESIAN_POINT('',(2.799999952316,38.599998474121,-15.19999980926));
#9862=CARTESIAN_POINT('',(2.799999952316,41.599998474121,-12.19999980926));
#9863=CARTESIAN_POINT('',(2.799999952316,41.599998474121,-12.19999980926));
#9864=CARTESIAN_POINT('',(2.799999952316,41.599998474121,-5.199999809265));
#9865=CARTESIAN_POINT('',(12.933829740217,21.993591433327,-2.973490157666));
#9866=CARTESIAN_POINT('',(19.,22.529289381238,-1.470710618762));
#9867=CARTESIAN_POINT('',(19.,22.60000038147,-1.600000023842));
#9868=CARTESIAN_POINT('',(19.,22.60000038147,-1.399999976158));
#9869=CARTESIAN_POINT('',(19.,22.60000038147,-1.399999976158));
#9870=CARTESIAN_POINT('',(19.653553037056,22.453553227791,-1.399999976158));
#9871=CARTESIAN_POINT('',(20.39999961853,22.60000038147,-1.399999976158));
#9872=CARTESIAN_POINT('',(20.39999961853,22.60000038147,-1.399999976158));
#9873=CARTESIAN_POINT('',(19.,22.60000038147,-1.399999976158));
#9874=CARTESIAN_POINT('',(19.746446427948,22.60000038147,-1.546446618683));
#9875=CARTESIAN_POINT('',(20.39999961853,22.60000038147,-1.600000023842));
#9876=CARTESIAN_POINT('',(20.39999961853,22.529289381238,-1.470710618762));
#9877=CARTESIAN_POINT('',(31.384858368611,22.06217882093,-3.042077883806));
#9878=CARTESIAN_POINT('',(32.200000762939,21.220100402832,-2.200000047684));
#9879=CARTESIAN_POINT('',(32.200000762939,21.220100402832,-2.200000047684));
#9880=CARTESIAN_POINT('',(31.,21.220100402832,-2.200000047684));
#9881=CARTESIAN_POINT('',(30.253553418526,22.453553227791,-1.399999976158));
#9882=CARTESIAN_POINT('',(29.60000038147,22.39999961853,-1.399999976158));
#9883=CARTESIAN_POINT('',(29.60000038147,22.60000038147,-1.399999976158));
#9884=CARTESIAN_POINT('',(31.,22.60000038147,-1.399999976158));
#9885=CARTESIAN_POINT('',(31.,22.60000038147,-1.399999976158));
#9886=CARTESIAN_POINT('',(29.60000038147,22.60000038147,-1.399999976158));
#9887=CARTESIAN_POINT('',(29.60000038147,22.529289381238,-1.470710618762));
#9888=CARTESIAN_POINT('',(29.60000038147,22.60000038147,-1.600000023842));
#9889=CARTESIAN_POINT('',(30.346446809418,22.60000038147,-1.546446618683));
#9890=CARTESIAN_POINT('',(31.,22.60000038147,-1.600000023842));
#9891=CARTESIAN_POINT('',(31.,22.529289381238,-1.470710618762));
#9892=CARTESIAN_POINT('',(25.39999961853,11.595351343215,-1.995351378978));
#9893=CARTESIAN_POINT('',(25.39999961853,2.799999952316,-2.200000047684));
#9894=CARTESIAN_POINT('',(25.39999961853,2.799999952316,-2.200000047684));
#9895=CARTESIAN_POINT('',(25.39999961853,2.799999952316,-1.399999976158));
#9896=CARTESIAN_POINT('',(22.598075186759,19.601924622507,-1.399999976158));
#9897=CARTESIAN_POINT('',(22.598075186759,33.6000003814695,-1.399999976158));
#9898=CARTESIAN_POINT('',(111.3659286499,40.658821105957,-1.399999976158));
#9899=CARTESIAN_POINT('',(111.3659286499,40.658821105957,-1.399999976158));
#9900=CARTESIAN_POINT('',(111.26602172851,40.900001525879,-1.399999976158));
#9901=CARTESIAN_POINT('',(111.26602172851,40.900001525879,-1.399999976158));
#9902=CARTESIAN_POINT('',(111.10710906982,41.107109069824,-1.399999976158));
#9903=CARTESIAN_POINT('',(111.10710906982,41.107109069824,-1.399999976158));
#9904=CARTESIAN_POINT('',(110.90000152587,41.266025543213,-1.399999976158));
#9905=CARTESIAN_POINT('',(110.90000152587,41.266025543213,-1.399999976158));
#9906=CARTESIAN_POINT('',(110.65882110595,41.365924835205,-1.399999976158));
#9907=CARTESIAN_POINT('',(110.65882110595,41.365924835205,-1.399999976158));
#9908=CARTESIAN_POINT('',(110.40000152587,41.400001525879,-1.399999976158));
#9909=CARTESIAN_POINT('',(110.40000152587,41.400001525879,-1.399999976158));
#9910=CARTESIAN_POINT('',(69.599998474121,41.400001525879,-1.399999976158));
#9911=CARTESIAN_POINT('',(69.599998474121,41.400001525879,-1.399999976158));
#9912=CARTESIAN_POINT('',(69.341178894043,41.365924835205,-1.399999976158));
#9913=CARTESIAN_POINT('',(69.341178894043,41.365924835205,-1.399999976158));
#9914=CARTESIAN_POINT('',(69.099998474121,41.266025543213,-1.399999976158));
#9915=CARTESIAN_POINT('',(69.099998474121,41.266025543213,-1.399999976158));
#9916=CARTESIAN_POINT('',(68.892890930176,41.107109069824,-1.399999976158));
#9917=CARTESIAN_POINT('',(68.892890930176,41.107109069824,-1.399999976158));
#9918=CARTESIAN_POINT('',(68.733978271484,40.900001525879,-1.399999976158));
#9919=CARTESIAN_POINT('',(68.733978271484,40.900001525879,-1.399999976158));
#9920=CARTESIAN_POINT('',(68.634071350098,40.658821105957,-1.399999976158));
#9921=CARTESIAN_POINT('',(68.634071350098,40.658821105957,-1.399999976158));
#9922=CARTESIAN_POINT('',(68.599998474121,40.400001525879,-1.399999976158));
#9923=CARTESIAN_POINT('',(1.399999976158,21.782713176534,-14.38253166499));
#9924=CARTESIAN_POINT('',(1.399999976158,15.799999952316,-12.3210379535842));
#9925=CARTESIAN_POINT('',(1.399999976158,15.799999952316,-10.6210379535842));
#9926=CARTESIAN_POINT('',(1.399999976158,7.799999952316,-12.29999980926));
#9927=CARTESIAN_POINT('',(1.399999976158,7.799999952316,-10.59999980926));
#9928=CARTESIAN_POINT('',(1.399999976158,38.599998474121,-15.19999980926));
#9929=CARTESIAN_POINT('',(1.399999976158,38.599998474121,-15.19999980926));
#9930=CARTESIAN_POINT('',(1.399999976158,41.599998474121,-12.19999980926));
#9931=CARTESIAN_POINT('',(1.399999976158,1.399999976158,-15.19999980926));
#9932=CARTESIAN_POINT('',(1.399999976158,41.599998474121,-12.19999980926));
#9933=CARTESIAN_POINT('',(2.415343129688,41.599998474121,-9.015342974716));
#9934=CARTESIAN_POINT('',(1.399999976158,41.599998474121,-12.19999980926));
#9935=CARTESIAN_POINT('',(1.806255191735,40.307707394696,-13.49229088869));
#9936=CARTESIAN_POINT('',(1.399999976158,38.599998474121,-15.19999980926));
#9937=CARTESIAN_POINT('',(147.39999389648,21.782713176534,-14.38253166499));
#9938=CARTESIAN_POINT('',(147.39999389648,7.83724709185326,-12.29999980926));
#9939=CARTESIAN_POINT('',(147.39999389648,7.83724709185326,-13.99999980926));
#9940=CARTESIAN_POINT('',(147.39999389648,15.799999952316,-12.29999980926));
#9941=CARTESIAN_POINT('',(147.39999389648,15.799999952316,-13.99999980926));
#9942=CARTESIAN_POINT('',(147.39999389648,38.599998474121,-15.19999980926));
#9943=CARTESIAN_POINT('',(147.39999389648,38.599998474121,-15.19999980926));
#9944=CARTESIAN_POINT('',(147.39999389648,1.399999976158,-15.19999980926));
#9945=CARTESIAN_POINT('',(147.39999389648,41.599998474121,-12.19999980926));
#9946=CARTESIAN_POINT('',(147.39999389648,1.399999976158,-15.19999980926));
#9947=CARTESIAN_POINT('',(14.493116715158,2.439220943654,-15.19999980926));
#9948=CARTESIAN_POINT('',(25.507791519165,2.799999952316,-15.19999980926));
#9949=CARTESIAN_POINT('',(25.507791519165,2.799999952316,-15.19999980926));
#9950=CARTESIAN_POINT('',(25.507791519165,1.399999976158,-15.19999980926));
#9951=CARTESIAN_POINT('',(146.99374067711,39.892290291506,-13.90770799188));
#9952=CARTESIAN_POINT('',(146.,38.599998474121,-15.19999980926));
#9953=CARTESIAN_POINT('',(89.950116869245,22.25156211853,-15.34988284465));
#9954=CARTESIAN_POINT('',(111.40000152587,22.25156211853,-15.39999961853));
#9955=CARTESIAN_POINT('',(68.625315063152,40.592307832705,-3.669894084669));
#9956=CARTESIAN_POINT('',(68.634071350098,40.658821105957,-6.066666603088));
#9957=CARTESIAN_POINT('',(68.634071350098,40.658821105957,-15.39999961853));
#9958=CARTESIAN_POINT('',(68.599998474121,40.400001525879,-15.39999961853));
#9959=CARTESIAN_POINT('',(68.708303484872,40.838021277358,-3.669893699499));
#9960=CARTESIAN_POINT('',(68.733978271484,40.900001525879,-6.066666603088));
#9961=CARTESIAN_POINT('',(68.733978271484,40.900001525879,-15.39999961853));
#9962=CARTESIAN_POINT('',(68.634071350098,40.658821105957,-15.39999961853));
#9963=CARTESIAN_POINT('',(68.85205245356,41.053885137508,-3.66989488399));
#9964=CARTESIAN_POINT('',(68.892890930176,41.107109069824,-6.066666603088));
#9965=CARTESIAN_POINT('',(68.892890930176,41.107109069824,-15.39999961853));
#9966=CARTESIAN_POINT('',(68.733978271484,40.900001525879,-15.39999961853));
#9967=CARTESIAN_POINT('',(69.046774528953,41.225186076408,-3.669894335865));
#9968=CARTESIAN_POINT('',(69.099998474121,41.266025543213,-6.066666603088));
#9969=CARTESIAN_POINT('',(69.099998474121,41.266025543213,-15.39999961853));
#9970=CARTESIAN_POINT('',(68.892890930176,41.107109069824,-15.39999961853));
#9971=CARTESIAN_POINT('',(69.279198664339,41.340252017043,-3.66989438866));
#9972=CARTESIAN_POINT('',(69.341178894043,41.365924835205,-15.39999961853));
#9973=CARTESIAN_POINT('',(69.341178894043,41.365924835205,-15.39999961853));
#9974=CARTESIAN_POINT('',(69.099998474121,41.266025543213,-15.39999961853));
#9975=CARTESIAN_POINT('',(69.40769217097,41.374682102962,-13.13010592533));
#9976=CARTESIAN_POINT('',(69.341178894043,41.365924835205,-15.39999961853));
#9977=CARTESIAN_POINT('',(69.599998474121,41.400001525879,-15.39999961853));
#9978=CARTESIAN_POINT('',(69.599998474121,41.400001525879,-15.39999961853));
#9979=CARTESIAN_POINT('',(92.916215858445,41.400001525879,-11.31621565578));
#9980=CARTESIAN_POINT('',(110.40000152587,41.400001525879,-15.39999961853));
#9981=CARTESIAN_POINT('',(110.40000152587,41.400001525879,-15.39999961853));
#9982=CARTESIAN_POINT('',(69.599998474121,41.400001525879,-15.39999961853));
#9983=CARTESIAN_POINT('',(110.59230782926,41.374682102932,-3.669893967141));
#9984=CARTESIAN_POINT('',(110.65882110595,41.365924835205,-6.066666603088));
#9985=CARTESIAN_POINT('',(110.65882110595,41.365924835205,-15.39999961853));
#9986=CARTESIAN_POINT('',(110.40000152587,41.400001525879,-15.39999961853));
#9987=CARTESIAN_POINT('',(110.83802129617,41.291698361375,-3.66989438866));
#9988=CARTESIAN_POINT('',(110.90000152587,41.266025543213,-6.066666603088));
#9989=CARTESIAN_POINT('',(110.90000152587,41.266025543213,-15.39999961853));
#9990=CARTESIAN_POINT('',(110.65882110595,41.365924835205,-15.39999961853));
#9991=CARTESIAN_POINT('',(111.05388512465,41.147948536629,-3.669894335865));
#9992=CARTESIAN_POINT('',(111.10710906982,41.107109069824,-6.066666603088));
#9993=CARTESIAN_POINT('',(111.10710906982,41.107109069824,-15.39999961853));
#9994=CARTESIAN_POINT('',(110.90000152587,41.266025543213,-15.39999961853));
#9995=CARTESIAN_POINT('',(111.2251832519,40.953225458195,-3.66989488399));
#9996=CARTESIAN_POINT('',(111.26602172851,40.900001525879,-6.066666603088));
#9997=CARTESIAN_POINT('',(111.26602172851,40.900001525879,-15.39999961853));
#9998=CARTESIAN_POINT('',(111.10710906982,41.107109069824,-15.39999961853));
#9999=CARTESIAN_POINT('',(111.34025386329,40.720801354478,-3.669893699499));
#10000=CARTESIAN_POINT('',(111.3659286499,40.658821105957,-15.39999961853));
#10001=CARTESIAN_POINT('',(111.3659286499,40.658821105957,-15.39999961853));
#10002=CARTESIAN_POINT('',(111.26602172851,40.900001525879,-15.39999961853));
#10003=CARTESIAN_POINT('',(111.37468493687,40.592307832474,-13.13010580781));
#10004=CARTESIAN_POINT('',(111.3659286499,40.658821105957,-15.39999961853));
#10005=CARTESIAN_POINT('',(110.74951450618,41.282777493671,-15.66269086128));
#10006=CARTESIAN_POINT('',(110.85903930664,41.232425689697,-15.71040534973));
#10007=CARTESIAN_POINT('',(110.85903930664,41.232425689697,-15.71040534973));
#10008=CARTESIAN_POINT('',(110.62023162841,41.2903175354,-15.79853630065));
#10009=CARTESIAN_POINT('',(110.55390930175,41.370468139648,-15.58574390411));
#10010=CARTESIAN_POINT('',(110.55390930175,41.370468139648,-15.58574390411));
#10011=CARTESIAN_POINT('',(110.7886428833,41.317504882813,-15.48453044891));
#10012=CARTESIAN_POINT('',(110.7886428833,41.317504882813,-15.48453044891));
#10013=CARTESIAN_POINT('',(110.85903930664,41.232425689697,-15.71040534973));
#10014=CARTESIAN_POINT('',(110.79703819867,41.16754799376,-15.87296222764));
#10015=CARTESIAN_POINT('',(110.89540100097,41.096664428711,-15.91888046264));
#10016=CARTESIAN_POINT('',(110.89540100097,41.096664428711,-15.91888046264));
#10017=CARTESIAN_POINT('',(110.65448760986,41.162422180176,-15.99493598938));
#10018=CARTESIAN_POINT('',(110.62023162841,41.2903175354,-15.79853630065));
#10019=CARTESIAN_POINT('',(110.89540100097,41.096664428711,-15.91888046264));
#10020=CARTESIAN_POINT('',(111.15924954289,40.867579869869,-15.81931371192));
#10021=CARTESIAN_POINT('',(111.10255432128,40.983428955078,-15.8074645996));
#10022=CARTESIAN_POINT('',(111.10255432128,40.983428955078,-15.8074645996));
#10023=CARTESIAN_POINT('',(111.10255432128,40.807464599609,-15.98342990875));
#10024=CARTESIAN_POINT('',(111.26183319091,40.830436706543,-15.66827964782));
#10025=CARTESIAN_POINT('',(111.26183319091,40.830436706543,-15.66827964782));
#10026=CARTESIAN_POINT('',(111.26183319091,40.830436706543,-15.66827964782));
#10027=CARTESIAN_POINT('',(111.26183319091,40.668281555176,-15.83043575286));
#10028=CARTESIAN_POINT('',(111.10255432128,40.807464599609,-15.98342990875));
#10029=CARTESIAN_POINT('',(110.80976241615,41.008130757663,-16.05782582621));
#10030=CARTESIAN_POINT('',(110.89540100097,40.918880462646,-16.09666442871));
#10031=CARTESIAN_POINT('',(110.89540100097,40.918880462646,-16.09666442871));
#10032=CARTESIAN_POINT('',(110.65448760986,40.994937896729,-16.16242218017));
#10033=CARTESIAN_POINT('',(110.65448760986,41.162422180176,-15.99493598938));
#10034=CARTESIAN_POINT('',(110.89540100097,40.918880462646,-16.09666442871));
#10035=CARTESIAN_POINT('',(111.18108848127,40.588598917356,-15.97105077881));
#10036=CARTESIAN_POINT('',(111.06656646728,40.601123809814,-16.11779975891));
#10037=CARTESIAN_POINT('',(111.06656646728,40.601123809814,-16.11779975891));
#10038=CARTESIAN_POINT('',(111.22866821289,40.478130340576,-15.95426082611));
#10039=CARTESIAN_POINT('',(111.10255432128,40.807464599609,-15.98342990875));
#10040=CARTESIAN_POINT('',(111.22866821289,40.478130340576,-15.95426082611));
#10041=CARTESIAN_POINT('',(110.78687352748,40.814688948418,-16.20549581965));
#10042=CARTESIAN_POINT('',(110.85903930664,40.71040725708,-16.23242378234));
#10043=CARTESIAN_POINT('',(110.85903930664,40.71040725708,-16.23242378234));
#10044=CARTESIAN_POINT('',(110.62023162841,40.798538208008,-16.2903175354));
#10045=CARTESIAN_POINT('',(110.65448760986,40.994937896729,-16.16242218017));
#10046=CARTESIAN_POINT('',(110.85903930664,40.71040725708,-16.23242378234));
#10047=CARTESIAN_POINT('',(110.72983539715,40.599552651721,-16.30655816439));
#10048=CARTESIAN_POINT('',(110.55390930175,40.585742950439,-16.37046813964));
#10049=CARTESIAN_POINT('',(110.55390930175,40.585742950439,-16.37046813964));
#10050=CARTESIAN_POINT('',(110.7886428833,40.484531402588,-16.31750297546));
#10051=CARTESIAN_POINT('',(110.62023162841,40.798538208008,-16.2903175354));
#10052=CARTESIAN_POINT('',(110.7886428833,40.484531402588,-16.31750297546));
#10053=CARTESIAN_POINT('',(110.66289569967,40.497300622605,-16.35152020423));
#10054=CARTESIAN_POINT('',(110.65882110595,40.400001525879,-16.36592674255));
#10055=CARTESIAN_POINT('',(110.55390930175,40.585742950439,-16.37046813964));
#10056=CARTESIAN_POINT('',(110.78051805323,40.422988949959,-16.31697280848));
#10057=CARTESIAN_POINT('',(110.90000152587,40.400001525879,-16.26602554321));
#10058=CARTESIAN_POINT('',(110.85261840733,40.546537524463,-16.26713180617));
#10059=CARTESIAN_POINT('',(110.90000152587,40.400001525879,-16.26602554321));
#10060=CARTESIAN_POINT('',(111.32327601828,40.433625081029,-15.75593072407));
#10061=CARTESIAN_POINT('',(111.36237335205,40.510814666748,-15.64810848236));
#10062=CARTESIAN_POINT('',(111.36237335205,40.510814666748,-15.64810848236));
#10063=CARTESIAN_POINT('',(111.3659286499,40.400001525879,-15.6588191986));
#10064=CARTESIAN_POINT('',(111.37897091343,40.433044348293,-15.5485027574));
#10065=CARTESIAN_POINT('',(111.40000152587,40.400001525879,-15.39999961853));
#10066=CARTESIAN_POINT('',(111.19054550184,40.999887844512,-15.42128590833));
#10067=CARTESIAN_POINT('',(111.10710906982,41.107109069824,-15.39999961853));
#10068=CARTESIAN_POINT('',(111.22866821289,40.954261779785,-15.47813129425));
#10069=CARTESIAN_POINT('',(111.22866821289,40.954261779785,-15.47813129425));
#10070=CARTESIAN_POINT('',(111.1354682443,41.057567600989,-15.49651701451));
#10071=CARTESIAN_POINT('',(111.06656646728,41.11780166626,-15.60112094879));
#10072=CARTESIAN_POINT('',(111.06656646728,41.11780166626,-15.60112094879));
#10073=CARTESIAN_POINT('',(111.10710906982,41.107109069824,-15.39999961853));
#10074=CARTESIAN_POINT('',(111.01793127801,41.168803696011,-15.46632378436));
#10075=CARTESIAN_POINT('',(110.90000152587,41.266025543213,-15.39999961853));
#10076=CARTESIAN_POINT('',(111.19237166296,40.928921894045,-15.65329299794));
#10077=CARTESIAN_POINT('',(111.06656646728,41.11780166626,-15.60112094879));
#10078=CARTESIAN_POINT('',(111.26183319091,40.830436706543,-15.66827964782));
#10079=CARTESIAN_POINT('',(111.25410711653,40.885834709463,-15.5328951664));
#10080=CARTESIAN_POINT('',(111.26183319091,40.830436706543,-15.66827964782));
#10081=CARTESIAN_POINT('',(111.29674670726,40.793565069185,-15.52390545674));
#10082=CARTESIAN_POINT('',(111.36237335205,40.648109436035,-15.51081275939));
#10083=CARTESIAN_POINT('',(111.36237335205,40.648109436035,-15.51081275939));
#10084=CARTESIAN_POINT('',(111.36237335205,40.648109436035,-15.51081275939));
#10085=CARTESIAN_POINT('',(111.32327601266,40.755932350392,-15.43362320371));
#10086=CARTESIAN_POINT('',(111.36237335205,40.648109436035,-15.51081275939));
#10087=CARTESIAN_POINT('',(111.37897090838,40.548504427866,-15.43304241429));
#10088=CARTESIAN_POINT('',(111.36237335205,40.648109436035,-15.51081275939));
#10089=CARTESIAN_POINT('',(111.37626958948,40.513186510529,-15.51318498363));
#10090=CARTESIAN_POINT('',(111.36237335205,40.648109436035,-15.51081275939));
#10091=CARTESIAN_POINT('',(111.32444473793,40.616207467681,-15.67090216204));
#10092=CARTESIAN_POINT('',(111.26183319091,40.668281555176,-15.83043575286));
#10093=CARTESIAN_POINT('',(111.2967466994,40.523907429158,-15.79356378738));
#10094=CARTESIAN_POINT('',(111.26183319091,40.668281555176,-15.83043575286));
#10095=CARTESIAN_POINT('',(111.25410709683,40.532896710372,-15.88583337804));
#10096=CARTESIAN_POINT('',(111.22866821289,40.478130340576,-15.95426082611));
#10097=CARTESIAN_POINT('',(111.19054540473,40.421286929699,-15.99988631593));
#10098=CARTESIAN_POINT('',(111.22866821289,40.478130340576,-15.95426082611));
#10099=CARTESIAN_POINT('',(111.13546811466,40.49651848524,-16.057566133));
#10100=CARTESIAN_POINT('',(111.06656646728,40.601123809814,-16.11779975891));
#10101=CARTESIAN_POINT('',(111.01793126874,40.466326018019,-16.16880249273));
#10102=CARTESIAN_POINT('',(111.06656646728,40.601123809814,-16.11779975891));
#10103=CARTESIAN_POINT('',(110.93989177205,40.566439350538,-16.20750378973));
#10104=CARTESIAN_POINT('',(111.06656646728,40.601123809814,-16.11779975891));
#10105=CARTESIAN_POINT('',(110.95643195785,40.806094160181,-16.10393932019));
#10106=CARTESIAN_POINT('',(111.10255432128,40.807464599609,-15.98342990875));
#10107=CARTESIAN_POINT('',(110.96918243113,40.993991734595,-15.94153948919));
#10108=CARTESIAN_POINT('',(111.10255432128,40.983428955078,-15.8074645996));
#10109=CARTESIAN_POINT('',(110.94570439424,41.143994253833,-15.74458565379));
#10110=CARTESIAN_POINT('',(111.06656646728,41.11780166626,-15.60112094879));
#10111=CARTESIAN_POINT('',(110.93989171825,41.207505031205,-15.56643729983));
#10112=CARTESIAN_POINT('',(110.90000152587,41.266025543213,-15.39999961853));
#10113=CARTESIAN_POINT('',(110.85261842022,41.267133132103,-15.54653564561));
#10114=CARTESIAN_POINT('',(110.90000152587,41.266025543213,-15.39999961853));
#10115=CARTESIAN_POINT('',(110.78051825207,41.316972542437,-15.42298735009));
#10116=CARTESIAN_POINT('',(110.65882110595,41.365924835205,-15.39999961853));
#10117=CARTESIAN_POINT('',(110.66289541831,41.351520347648,-15.49730015694));
#10118=CARTESIAN_POINT('',(110.65882110595,41.365924835205,-15.39999961853));
#10119=CARTESIAN_POINT('',(110.53452920697,41.379340982038,-15.45907908375));
#10120=CARTESIAN_POINT('',(110.40000152587,41.400001525879,-15.39999961853));
#10121=CARTESIAN_POINT('',(110.44717234814,41.380050409626,-15.5397119144));
#10122=CARTESIAN_POINT('',(110.40000152587,41.365924835205,-15.6588191986));
#10123=CARTESIAN_POINT('',(110.40000152587,41.365924835205,-15.6588191986));
#10124=CARTESIAN_POINT('',(110.40000152587,41.400001525879,-15.39999961853));
#10125=CARTESIAN_POINT('',(110.52864152185,41.33897537645,-15.68921656893));
#10126=CARTESIAN_POINT('',(110.40000152587,41.365924835205,-15.6588191986));
#10127=CARTESIAN_POINT('',(110.47308713213,41.308356607051,-15.78359329252));
#10128=CARTESIAN_POINT('',(110.40000152587,41.266025543213,-15.89999961853));
#10129=CARTESIAN_POINT('',(110.40000152587,41.266025543213,-15.89999961853));
#10130=CARTESIAN_POINT('',(110.40000152587,41.365924835205,-15.6588191986));
#10131=CARTESIAN_POINT('',(110.55565013427,41.238159380247,-15.9008596809));
#10132=CARTESIAN_POINT('',(110.40000152587,41.266025543213,-15.89999961853));
#10133=CARTESIAN_POINT('',(110.48747872673,41.178607603513,-16.00014819112));
#10134=CARTESIAN_POINT('',(110.40000152587,41.107109069824,-16.10710716247));
#10135=CARTESIAN_POINT('',(110.40000152587,41.107109069824,-16.10710716247));
#10136=CARTESIAN_POINT('',(110.40000152587,41.266025543213,-15.89999961853));
#10137=CARTESIAN_POINT('',(110.56473172097,41.088706787301,-16.08870553602));
#10138=CARTESIAN_POINT('',(110.40000152587,41.107109069824,-16.10710716247));
#10139=CARTESIAN_POINT('',(110.48747862284,41.000150125867,-16.17860697327));
#10140=CARTESIAN_POINT('',(110.40000152587,40.900001525879,-16.26602554321));
#10141=CARTESIAN_POINT('',(110.40000152587,40.900001525879,-16.26602554321));
#10142=CARTESIAN_POINT('',(110.40000152587,41.107109069824,-16.10710716247));
#10143=CARTESIAN_POINT('',(110.55565013427,40.900861588257,-16.23815938024));
#10144=CARTESIAN_POINT('',(110.40000152587,40.900001525879,-16.26602554321));
#10145=CARTESIAN_POINT('',(110.47308708875,40.783595158374,-16.30835728203));
#10146=CARTESIAN_POINT('',(110.40000152587,40.658821105957,-16.36592674255));
#10147=CARTESIAN_POINT('',(110.40000152587,40.658821105957,-16.36592674255));
#10148=CARTESIAN_POINT('',(110.40000152587,40.900001525879,-16.26602554321));
#10149=CARTESIAN_POINT('',(110.52864163906,40.689217543998,-16.33897600699));
#10150=CARTESIAN_POINT('',(110.40000152587,40.658821105957,-16.36592674255));
#10151=CARTESIAN_POINT('',(110.44717232809,40.539713264379,-16.38005026559));
#10152=CARTESIAN_POINT('',(110.40000152587,40.400001525879,-16.39999961853));
#10153=CARTESIAN_POINT('',(110.40000152587,40.658821105957,-16.36592674255));
#10154=CARTESIAN_POINT('',(110.53452915116,40.459079888971,-16.37934095956));
#10155=CARTESIAN_POINT('',(69.337309991093,41.282777518898,-15.7495162612));
#10156=CARTESIAN_POINT('',(69.201461791992,41.2903175354,-15.62023353576));
#10157=CARTESIAN_POINT('',(69.201461791992,41.2903175354,-15.62023353576));
#10158=CARTESIAN_POINT('',(69.289596557617,41.232425689697,-15.85904216766));
#10159=CARTESIAN_POINT('',(69.414253234863,41.370468139648,-15.55391311645));
#10160=CARTESIAN_POINT('',(69.414253234863,41.370468139648,-15.55391311645));
#10161=CARTESIAN_POINT('',(69.515472412109,41.317504882813,-15.78864383697));
#10162=CARTESIAN_POINT('',(69.515472412109,41.317504882813,-15.78864383697));
#10163=CARTESIAN_POINT('',(69.289596557617,41.232425689697,-15.85904216766));
#10164=CARTESIAN_POINT('',(69.028949507041,40.58859880077,-16.18108804407));
#10165=CARTESIAN_POINT('',(69.045738220215,40.478130340576,-16.22866821289));
#10166=CARTESIAN_POINT('',(69.045738220215,40.478130340576,-16.22866821289));
#10167=CARTESIAN_POINT('',(69.169563293457,40.668281555176,-16.26182937622));
#10168=CARTESIAN_POINT('',(68.882202148438,40.601123809814,-16.06656837463));
#10169=CARTESIAN_POINT('',(68.882202148438,40.601123809814,-16.06656837463));
#10170=CARTESIAN_POINT('',(68.882202148438,40.601123809814,-16.06656837463));
#10171=CARTESIAN_POINT('',(69.016571044922,40.807464599609,-16.10255432128));
#10172=CARTESIAN_POINT('',(69.169563293457,40.668281555176,-16.26182937622));
#10173=CARTESIAN_POINT('',(69.578711942795,40.999887675642,-16.19054605456));
#10174=CARTESIAN_POINT('',(69.599998474121,41.107109069824,-16.10710716247));
#10175=CARTESIAN_POINT('',(69.599998474121,41.107109069824,-16.10710716247));
#10176=CARTESIAN_POINT('',(69.521865844727,40.954261779785,-16.22866821289));
#10177=CARTESIAN_POINT('',(69.599998474121,40.900001525879,-16.26602554321));
#10178=CARTESIAN_POINT('',(69.599998474121,40.900001525879,-16.26602554321));
#10179=CARTESIAN_POINT('',(69.521865844727,40.954261779785,-16.22866821289));
#10180=CARTESIAN_POINT('',(69.503482066748,41.057567349833,-16.13546858732));
#10181=CARTESIAN_POINT('',(69.398880004883,41.11780166626,-16.06656837463));
#10182=CARTESIAN_POINT('',(69.398880004883,41.11780166626,-16.06656837463));
#10183=CARTESIAN_POINT('',(69.599998474121,41.107109069824,-16.10710716247));
#10184=CARTESIAN_POINT('',(69.533675401518,41.168803963178,-16.01793030027));
#10185=CARTESIAN_POINT('',(69.599998474121,41.266025543213,-15.89999961853));
#10186=CARTESIAN_POINT('',(69.599998474121,41.266025543213,-15.89999961853));
#10187=CARTESIAN_POINT('',(69.599998474121,41.107109069824,-16.10710716247));
#10188=CARTESIAN_POINT('',(69.433563039791,41.207504861856,-15.93989288139));
#10189=CARTESIAN_POINT('',(69.289596557617,41.232425689697,-15.85904216766));
#10190=CARTESIAN_POINT('',(69.599998474121,41.266025543213,-15.89999961853));
#10191=CARTESIAN_POINT('',(69.453464539663,41.267133090193,-15.85261903673));
#10192=CARTESIAN_POINT('',(69.599998474121,41.266025543213,-15.89999961853));
#10193=CARTESIAN_POINT('',(69.577012209003,41.316972747351,-15.78051660209));
#10194=CARTESIAN_POINT('',(69.599998474121,41.365924835205,-15.6588191986));
#10195=CARTESIAN_POINT('',(69.599998474121,41.365924835205,-15.6588191986));
#10196=CARTESIAN_POINT('',(69.599998474121,41.266025543213,-15.89999961853));
#10197=CARTESIAN_POINT('',(69.502699156047,41.351520302899,-15.66289674662));
#10198=CARTESIAN_POINT('',(69.599998474121,41.365924835205,-15.6588191986));
#10199=CARTESIAN_POINT('',(69.540918593955,41.3793410486,-15.53452857176));
#10200=CARTESIAN_POINT('',(69.599998474121,41.400001525879,-15.39999961853));
#10201=CARTESIAN_POINT('',(69.599998474121,41.365924835205,-15.6588191986));
#10202=CARTESIAN_POINT('',(69.460285605744,41.38005035946,-15.44717259683));
#10203=CARTESIAN_POINT('',(69.341178894043,41.365924835205,-15.39999961853));
#10204=CARTESIAN_POINT('',(69.310781532938,41.338975549388,-15.52864219312));
#10205=CARTESIAN_POINT('',(69.341178894043,41.365924835205,-15.39999961853));
#10206=CARTESIAN_POINT('',(68.999851042322,41.178607471193,-15.48747683191));
#10207=CARTESIAN_POINT('',(68.892890930176,41.107109069824,-15.39999961853));
#10208=CARTESIAN_POINT('',(69.005065917969,41.162422180176,-15.65448570251));
#10209=CARTESIAN_POINT('',(69.005065917969,41.162422180176,-15.65448570251));
#10210=CARTESIAN_POINT('',(68.974377033526,41.080467363445,-15.74158273792));
#10211=CARTESIAN_POINT('',(68.837577819824,40.994937896729,-15.65448570251));
#10212=CARTESIAN_POINT('',(68.837577819824,40.994937896729,-15.65448570251));
#10213=CARTESIAN_POINT('',(69.081115722656,41.096664428711,-15.8954000473));
#10214=CARTESIAN_POINT('',(69.005065917969,41.162422180176,-15.65448570251));
#10215=CARTESIAN_POINT('',(69.081115722656,41.096664428711,-15.8954000473));
#10216=CARTESIAN_POINT('',(68.91129451745,41.088706874372,-15.56472991118));
#10217=CARTESIAN_POINT('',(68.892890930176,41.107109069824,-15.39999961853));
#10218=CARTESIAN_POINT('',(68.821393736455,41.000150174745,-15.48747699785));
#10219=CARTESIAN_POINT('',(68.733978271484,40.900001525879,-15.39999961853));
#10220=CARTESIAN_POINT('',(68.942172572454,41.0081306222,-15.809760901));
#10221=CARTESIAN_POINT('',(69.081115722656,41.096664428711,-15.8954000473));
#10222=CARTESIAN_POINT('',(68.903335571289,40.918880462646,-15.8954000473));
#10223=CARTESIAN_POINT('',(68.837577819824,40.994937896729,-15.65448570251));
#10224=CARTESIAN_POINT('',(68.761840515458,40.900861216552,-15.55564937677));
#10225=CARTESIAN_POINT('',(68.837577819824,40.994937896729,-15.65448570251));
#10226=CARTESIAN_POINT('',(68.709678649902,40.798538208008,-15.62023353576));
#10227=CARTESIAN_POINT('',(68.733978271484,40.900001525879,-15.39999961853));
#10228=CARTESIAN_POINT('',(68.691642114764,40.783595321284,-15.47308656415));
#10229=CARTESIAN_POINT('',(68.634071350098,40.658821105957,-15.39999961853));
#10230=CARTESIAN_POINT('',(69.180685718285,40.867579935864,-16.15924802718));
#10231=CARTESIAN_POINT('',(69.331718444824,40.830436706543,-16.26182937622));
#10232=CARTESIAN_POINT('',(69.331718444824,40.830436706543,-16.26182937622));
#10233=CARTESIAN_POINT('',(69.192535400391,40.983428955078,-16.10255432128));
#10234=CARTESIAN_POINT('',(69.169563293457,40.668281555176,-16.26182937622));
#10235=CARTESIAN_POINT('',(69.192535400391,40.983428955078,-16.10255432128));
#10236=CARTESIAN_POINT('',(69.037747165494,40.90889070944,-16.02855463578));
#10237=CARTESIAN_POINT('',(68.903335571289,40.918880462646,-15.8954000473));
#10238=CARTESIAN_POINT('',(69.192535400391,40.983428955078,-16.10255432128));
#10239=CARTESIAN_POINT('',(68.896061895318,40.806094360555,-15.95643280979));
#10240=CARTESIAN_POINT('',(68.767578125,40.71040725708,-15.85904216766));
#10241=CARTESIAN_POINT('',(68.767578125,40.71040725708,-15.85904216766));
#10242=CARTESIAN_POINT('',(68.903335571289,40.918880462646,-15.8954000473));
#10243=CARTESIAN_POINT('',(68.794503172295,40.81468879338,-15.78687443854));
#10244=CARTESIAN_POINT('',(68.709678649902,40.798538208008,-15.62023353576));
#10245=CARTESIAN_POINT('',(68.702769106551,40.692754502257,-15.68353074438));
#10246=CARTESIAN_POINT('',(68.629531860352,40.585742950439,-15.55391311645));
#10247=CARTESIAN_POINT('',(68.629531860352,40.585742950439,-15.55391311645));
#10248=CARTESIAN_POINT('',(68.709678649902,40.798538208008,-15.62023353576));
#10249=CARTESIAN_POINT('',(68.66102174128,40.689217180639,-15.52864226021));
#10250=CARTESIAN_POINT('',(68.634071350098,40.658821105957,-15.39999961853));
#10251=CARTESIAN_POINT('',(68.619948471914,40.539713622925,-15.44717257065));
#10252=CARTESIAN_POINT('',(68.599998474121,40.400001525879,-15.39999961853));
#10253=CARTESIAN_POINT('',(68.683027231627,40.422988933655,-15.78051667466));
#10254=CARTESIAN_POINT('',(68.733978271484,40.400001525879,-15.89999961853));
#10255=CARTESIAN_POINT('',(68.682495117188,40.484531402588,-15.78864383697));
#10256=CARTESIAN_POINT('',(68.682495117188,40.484531402588,-15.78864383697));
#10257=CARTESIAN_POINT('',(68.62065766376,40.45907993615,-15.53452846864));
#10258=CARTESIAN_POINT('',(68.634071350098,40.400001525879,-15.6588191986));
#10259=CARTESIAN_POINT('',(68.64847867396,40.497300268796,-15.66289730826));
#10260=CARTESIAN_POINT('',(68.682495117188,40.484531402588,-15.78864383697));
#10261=CARTESIAN_POINT('',(68.693442134363,40.599552862197,-15.72983843386));
#10262=CARTESIAN_POINT('',(68.682495117188,40.484531402588,-15.78864383697));
#10263=CARTESIAN_POINT('',(68.732869616898,40.546537667928,-15.85261908582));
#10264=CARTESIAN_POINT('',(68.733978271484,40.400001525879,-15.89999961853));
#10265=CARTESIAN_POINT('',(68.79249881926,40.566439195508,-15.93989274883));
#10266=CARTESIAN_POINT('',(68.733978271484,40.400001525879,-15.89999961853));
#10267=CARTESIAN_POINT('',(68.831198927749,40.46632632929,-16.01793054612));
#10268=CARTESIAN_POINT('',(68.892890930176,40.400001525879,-16.10710716247));
#10269=CARTESIAN_POINT('',(68.942433660078,40.496518137577,-16.13546828702));
#10270=CARTESIAN_POINT('',(68.892890930176,40.400001525879,-16.10710716247));
#10271=CARTESIAN_POINT('',(69.000112030514,40.421286883609,-16.19054582173));
#10272=CARTESIAN_POINT('',(69.099998474121,40.400001525879,-16.26602554321));
#10273=CARTESIAN_POINT('',(69.114165328755,40.532896537677,-16.25410670236));
#10274=CARTESIAN_POINT('',(69.099998474121,40.400001525879,-16.26602554321));
#10275=CARTESIAN_POINT('',(69.32909795087,40.616207529452,-16.32444331259));
#10276=CARTESIAN_POINT('',(69.351890563965,40.510814666748,-16.36237335205));
#10277=CARTESIAN_POINT('',(69.351890563965,40.510814666748,-16.36237335205));
#10278=CARTESIAN_POINT('',(69.489189147949,40.648109436035,-16.36237335205));
#10279=CARTESIAN_POINT('',(69.169563293457,40.668281555176,-16.26182937622));
#10280=CARTESIAN_POINT('',(69.489189147949,40.648109436035,-16.36237335205));
#10281=CARTESIAN_POINT('',(69.20643498734,40.5239075858,-16.29674677352));
#10282=CARTESIAN_POINT('',(69.099998474121,40.400001525879,-16.26602554321));
#10283=CARTESIAN_POINT('',(69.244067752052,40.433625178601,-16.32327710271));
#10284=CARTESIAN_POINT('',(69.341178894043,40.400001525879,-16.36592674255));
#10285=CARTESIAN_POINT('',(69.216404727328,41.308356551772,-15.47308680275));
#10286=CARTESIAN_POINT('',(69.099998474121,41.266025543213,-15.39999961853));
#10287=CARTESIAN_POINT('',(69.099140002453,41.23815965454,-15.55564886416));
#10288=CARTESIAN_POINT('',(69.005065917969,41.162422180176,-15.65448570251));
#10289=CARTESIAN_POINT('',(69.127038414811,41.167548107415,-15.79703852102));
#10290=CARTESIAN_POINT('',(69.081115722656,41.096664428711,-15.8954000473));
#10291=CARTESIAN_POINT('',(69.225000189052,41.07093891447,-16.0159517802));
#10292=CARTESIAN_POINT('',(69.192535400391,40.983428955078,-16.10255432128));
#10293=CARTESIAN_POINT('',(69.346705634551,40.928921913389,-16.19237059571));
#10294=CARTESIAN_POINT('',(69.331718444824,40.830436706543,-16.26182937622));
#10295=CARTESIAN_POINT('',(69.467103082539,40.885834835252,-16.254106716));
#10296=CARTESIAN_POINT('',(69.331718444824,40.830436706543,-16.26182937622));
#10297=CARTESIAN_POINT('',(69.476093382728,40.793564896195,-16.29674678561));
#10298=CARTESIAN_POINT('',(69.489189147949,40.648109436035,-16.36237335205));
#10299=CARTESIAN_POINT('',(69.566376150933,40.755932794022,-16.32327688892));
#10300=CARTESIAN_POINT('',(69.599998474121,40.658821105957,-16.36592674255));
#10301=CARTESIAN_POINT('',(69.599998474121,40.658821105957,-16.36592674255));
#10302=CARTESIAN_POINT('',(69.489189147949,40.648109436035,-16.36237335205));
#10303=CARTESIAN_POINT('',(69.5669570115,40.548503870235,-16.37896965195));
#10304=CARTESIAN_POINT('',(69.599998474121,40.400001525879,-16.39999961853));
#10305=CARTESIAN_POINT('',(69.489189147949,40.648109436035,-16.36237335205));
#10306=CARTESIAN_POINT('',(69.486814308453,40.513186752098,-16.37626882787));
#10307=CARTESIAN_POINT('',(69.351890563965,40.510814666748,-16.36237335205));
#10308=CARTESIAN_POINT('',(69.451495572122,40.433044310488,-16.37896957027));
#10309=CARTESIAN_POINT('',(105.30083343879,41.378705681571,-15.56174600212));
#10310=CARTESIAN_POINT('',(100.19999694824,41.365924835205,-15.6588191986));
#10311=CARTESIAN_POINT('',(97.713591376937,41.291639135913,-15.83816237304));
#10312=CARTESIAN_POINT('',(95.099998474121,41.266025543213,-15.89999961853));
#10313=CARTESIAN_POINT('',(92.613592955875,41.147854322652,-16.05400600146));
#10314=CARTESIAN_POINT('',(90.,41.107109069824,-16.10710716247));
#10315=CARTESIAN_POINT('',(87.513594757193,40.953102692772,-16.22527979683));
#10316=CARTESIAN_POINT('',(84.900001525879,40.900001525879,-16.26602554321));
#10317=CARTESIAN_POINT('',(82.413596127723,40.720658355753,-16.34031265903));
#10318=CARTESIAN_POINT('',(69.599998474121,40.658821105957,-16.36592674255));
#10319=CARTESIAN_POINT('',(72.086403739912,40.592461275078,-16.37466282923));
#10320=CARTESIAN_POINT('',(108.74356139519,22.274499686184,-15.60213268188));
#10321=CARTESIAN_POINT('',(111.39518737793,22.256376266479,-15.49801731109));
#10322=CARTESIAN_POINT('',(106.05000305175,22.285636901855,-15.6588191986));
#10323=CARTESIAN_POINT('',(111.38078308105,22.270776748657,-15.59508991241));
#10324=CARTESIAN_POINT('',(108.75129957123,22.292488316524,-15.67389523701));
#10325=CARTESIAN_POINT('',(111.32388305664,22.327682495117,-15.78268337249));
#10326=CARTESIAN_POINT('',(108.62327550786,22.331729941105,-15.78100686644));
#10327=CARTESIAN_POINT('',(106.05000305175,22.285636901855,-15.6588191986));
#10328=CARTESIAN_POINT('',(71.376724492138,22.331729941105,-15.78100686644));
#10329=CARTESIAN_POINT('',(73.949996948242,22.385536193848,-15.89999961853));
#10330=CARTESIAN_POINT('',(73.949996948242,22.285636901855,-15.6588191986));
#10331=CARTESIAN_POINT('',(68.676116943359,22.327682495117,-15.78268337249));
#10332=CARTESIAN_POINT('',(71.248700428765,22.292488316524,-15.67389523701));
#10333=CARTESIAN_POINT('',(68.619216918945,22.270776748657,-15.59508991241));
#10334=CARTESIAN_POINT('',(71.256438604804,22.274499686184,-15.60213268188));
#10335=CARTESIAN_POINT('',(68.60481262207,22.256376266479,-15.49801731109));
#10336=CARTESIAN_POINT('',(71.251880392389,22.269658060897,-15.55293995733));
#10337=CARTESIAN_POINT('',(68.599998474121,22.25156211853,-15.39999961853));
#10338=CARTESIAN_POINT('',(73.949205461079,22.27285696135,-15.56174744899));
#10339=CARTESIAN_POINT('',(79.300003051758,22.285636901855,-15.6588191986));
#10340=CARTESIAN_POINT('',(90.,22.285636901855,-15.6588191986));
#10341=CARTESIAN_POINT('',(68.599998474121,22.25156211853,-15.39999961853));
#10342=CARTESIAN_POINT('',(92.738670807818,22.311220681834,-15.72058446916));
#10343=CARTESIAN_POINT('',(90.,22.285636901855,-15.6588191986));
#10344=CARTESIAN_POINT('',(100.69764572526,22.272835722455,-15.58847028842));
#10345=CARTESIAN_POINT('',(90.,22.285636901855,-15.6588191986));
#10346=CARTESIAN_POINT('',(89.997471970195,22.261886233146,-15.50146078224));
#10347=CARTESIAN_POINT('',(68.599998474121,22.25156211853,-15.39999961853));
#10348=CARTESIAN_POINT('',(90.023331796851,22.252766969427,-15.42453079331));
#10349=CARTESIAN_POINT('',(89.506076916119,2.447818235496,-15.19999980926));
#10350=CARTESIAN_POINT('',(33.707790374756,2.799999952316,-15.19999980926));
#10351=CARTESIAN_POINT('',(33.707790374756,2.799999952316,-15.19999980926));
#10352=CARTESIAN_POINT('',(33.707790374756,1.399999976158,-15.19999980926));
#10353=CARTESIAN_POINT('',(146.,2.799999952316,-15.19999980926));
#10354=CARTESIAN_POINT('',(33.707790374756,1.399999976158,-15.19999980926));
#10355=CARTESIAN_POINT('',(88.163626281393,1.399999976158,-12.59026566349));
#10356=CARTESIAN_POINT('',(33.707790374756,1.399999976158,-15.19999980926));
#10357=CARTESIAN_POINT('',(25.480731823868,2.799999952316,-8.673163673454));
#10358=CARTESIAN_POINT('',(25.507791519165,2.799999952316,-2.200000047684));
#10359=CARTESIAN_POINT('',(25.507791519165,2.799999952316,-2.200000047684));
#10360=CARTESIAN_POINT('',(25.507791519165,2.799999952316,-15.19999980926));
#10361=CARTESIAN_POINT('',(48.476261937561,2.799999952316,-5.981127464714));
#10362=CARTESIAN_POINT('',(110.,2.799999952316,-5.981127464714));
#10363=CARTESIAN_POINT('',(111.379962915617,2.799999952316,-3.5));
#10364=CARTESIAN_POINT('',(33.707790374756,2.799999952316,-2.117520093918));
#10365=CARTESIAN_POINT('',(33.707790374756,2.799999952316,-2.117520093918));
#10366=CARTESIAN_POINT('',(68.599998474121,2.799999952316,-2.117520093918));
#10367=CARTESIAN_POINT('',(29.287454390307,2.42033652089,-1.399999976158));
#10368=CARTESIAN_POINT('',(25.507791519165,2.799999952316,-1.399999976158));
#10369=CARTESIAN_POINT('',(25.507791519165,2.799999952316,-1.399999976158));
#10370=CARTESIAN_POINT('',(25.507791519165,1.399999976158,-1.399999976158));
#10371=CARTESIAN_POINT('',(33.707790374756,2.799999952316,-1.399999976158));
#10372=CARTESIAN_POINT('',(33.707790374756,2.799999952316,-1.399999976158));
#10373=CARTESIAN_POINT('',(33.707790374756,1.399999976158,-1.399999976158));
#10374=CARTESIAN_POINT('',(33.707790374756,1.399999976158,-1.399999976158));
#10375=CARTESIAN_POINT('',(25.507791519165,1.399999976158,-1.399999976158));
#10376=CARTESIAN_POINT('',(28.87438906599,2.799999952316,-2.179252995738));
#10377=CARTESIAN_POINT('',(32.200000762939,2.799999952316,-2.200000047684));
#10378=CARTESIAN_POINT('',(33.707790374756,2.799999952316,-2.117520093918));
#10379=CARTESIAN_POINT('',(33.707790374756,2.799999952316,-1.399999976158));
#10380=CARTESIAN_POINT('',(25.507791519165,2.799999952316,-2.200000047684));
#10381=CARTESIAN_POINT('',(25.507791519165,1.774381081644,-10.52561869185));
#10382=CARTESIAN_POINT('',(25.507791519165,1.399999976158,-5.199999809265));
#10383=CARTESIAN_POINT('',(33.707790374756,1.774381081644,-10.52561869185));
#10384=CARTESIAN_POINT('',(33.707790374756,1.399999976158,-1.399999976158));
#10385=CARTESIAN_POINT('',(30.348366190723,1.399999976158,-4.040575136474));
#10386=CARTESIAN_POINT('',(32.899997711182,5.082158630097,-5.434276228133));
#10387=CARTESIAN_POINT('',(32.899997711182,4.,-9.199999809265));
#10388=CARTESIAN_POINT('',(32.899997711182,4.,-9.199999809265));
#10389=CARTESIAN_POINT('',(32.899997711182,8.,-9.199999809265));
#10390=CARTESIAN_POINT('',(32.899997711182,4.,-2.200000047684));
#10391=CARTESIAN_POINT('',(32.899997711182,4.,-2.200000047684));
#10392=CARTESIAN_POINT('',(32.899997711182,5.400000095367,-2.200000047684));
#10393=CARTESIAN_POINT('',(32.899997711182,5.400000095367,-2.200000047684));
#10394=CARTESIAN_POINT('',(32.899997711182,6.599999904633,-2.200000047684));
#10395=CARTESIAN_POINT('',(32.899997711182,6.599999904633,-2.200000047684));
#10396=CARTESIAN_POINT('',(32.899997711182,8.,-2.200000047684));
#10397=CARTESIAN_POINT('',(32.899997711182,8.,-2.200000047684));
#10398=CARTESIAN_POINT('',(32.899997711182,8.,-9.199999809265));
#10399=CARTESIAN_POINT('',(32.900000133576,5.810977237363,-1.310977267167));
#10400=CARTESIAN_POINT('',(32.900001525879,5.400000095367,-0.800000011921));
#10401=CARTESIAN_POINT('',(32.899997711182,6.599999904633,-2.200000047684));
#10402=CARTESIAN_POINT('',(29.894631435304,6.599999904633,-1.805367450089));
#10403=CARTESIAN_POINT('',(27.5,6.599999904633,-2.200000047684));
#10404=CARTESIAN_POINT('',(27.5,6.599999904633,-2.200000047684));
#10405=CARTESIAN_POINT('',(32.899997711182,6.599999904633,-2.200000047684));
#10406=CARTESIAN_POINT('',(32.200000762939,14.796346835101,-2.549602083171));
#10407=CARTESIAN_POINT('',(32.200000762939,9.,-2.200000047684));
#10408=CARTESIAN_POINT('',(32.200000762939,9.,-2.200000047684));
#10409=CARTESIAN_POINT('',(32.200000762939,9.,-3.526610851288));
#10410=CARTESIAN_POINT('',(32.200000762939,21.220100402832,-2.200000047684));
#10411=CARTESIAN_POINT('',(32.200000762939,9.,-3.526610851288));
#10412=CARTESIAN_POINT('',(30.505366287039,4.394632616236,-2.200000047684));
#10413=CARTESIAN_POINT('',(27.5,4.,-2.200000047684));
#10414=CARTESIAN_POINT('',(27.5,4.,-2.200000047684));
#10415=CARTESIAN_POINT('',(27.5,5.400000095367,-2.200000047684));
#10416=CARTESIAN_POINT('',(27.5,5.400000095367,-2.200000047684));
#10417=CARTESIAN_POINT('',(32.899997711182,5.400000095367,-2.200000047684));
#10418=CARTESIAN_POINT('',(29.249167672483,2.949166885702,-2.200000047684));
#10419=CARTESIAN_POINT('',(32.200000762939,3.,-2.200000047684));
#10420=CARTESIAN_POINT('',(26.200000762939,3.,-2.200000047684));
#10421=CARTESIAN_POINT('',(26.200000762939,9.,-2.200000047684));
#10422=CARTESIAN_POINT('',(26.200000762939,9.,-2.200000047684));
#10423=CARTESIAN_POINT('',(26.200000762939,3.,-2.200000047684));
#10424=CARTESIAN_POINT('',(29.894631424143,7.605367383764,-2.200000047684));
#10425=CARTESIAN_POINT('',(27.5,8.,-2.200000047684));
#10426=CARTESIAN_POINT('',(27.5,8.,-2.200000047684));
#10427=CARTESIAN_POINT('',(32.899997711182,8.,-2.200000047684));
#10428=CARTESIAN_POINT('',(32.906091911147,2.853385056178,-2.129653057604));
#10429=CARTESIAN_POINT('',(34.200000762939,3.,-2.162974596024));
#10430=CARTESIAN_POINT('',(34.200000762939,3.,-2.162974596024));
#10431=CARTESIAN_POINT('',(34.200000762939,9.,-3.526610851288));
#10432=CARTESIAN_POINT('',(34.200000762939,9.,-3.526610851288));
#10433=CARTESIAN_POINT('',(32.200000762939,9.,-3.526610851288));
#10434=CARTESIAN_POINT('',(48.043850560366,10.437255917017,-2.417558192652));
#10435=CARTESIAN_POINT('',(33.599998474121,4.199999809265,-1.));
#10436=CARTESIAN_POINT('',(70.,24.,-5.5));
#10437=CARTESIAN_POINT('',(33.599998474121,14.679548115699,-2.726042938119));
#10438=CARTESIAN_POINT('',(26.200000762939,5.054886128673,-4.754886057147));
#10439=CARTESIAN_POINT('',(26.200000762939,3.,-2.200000047684));
#10440=CARTESIAN_POINT('',(26.200000762939,3.,-9.199999809265));
#10441=CARTESIAN_POINT('',(26.200000762939,9.,-9.199999809265));
#10442=CARTESIAN_POINT('',(26.200000762939,9.,-9.199999809265));
#10443=CARTESIAN_POINT('',(26.200000762939,3.,-9.199999809265));
#10444=CARTESIAN_POINT('',(30.60872843999,9.,-7.60872843999));
#10445=CARTESIAN_POINT('',(31.299999237061,9.,-9.199999809265));
#10446=CARTESIAN_POINT('',(31.299999237061,9.,-9.199999809265));
#10447=CARTESIAN_POINT('',(31.299999237061,9.,-5.199999809265));
#10448=CARTESIAN_POINT('',(29.10000038147,9.,-9.199999809265));
#10449=CARTESIAN_POINT('',(29.10000038147,9.,-9.199999809265));
#10450=CARTESIAN_POINT('',(29.10000038147,9.,-5.199999809265));
#10451=CARTESIAN_POINT('',(29.10000038147,9.,-5.199999809265));
#10452=CARTESIAN_POINT('',(28.5,9.,-5.199999809265));
#10453=CARTESIAN_POINT('',(28.5,9.,-5.199999809265));
#10454=CARTESIAN_POINT('',(28.5,9.,-9.199999809265));
#10455=CARTESIAN_POINT('',(28.5,9.,-9.199999809265));
#10456=CARTESIAN_POINT('',(26.200000762939,9.,-9.199999809265));
#10457=CARTESIAN_POINT('',(34.200000762939,9.,-9.199999809265));
#10458=CARTESIAN_POINT('',(34.200000762939,9.,-9.199999809265));
#10459=CARTESIAN_POINT('',(31.89999961853,9.,-9.199999809265));
#10460=CARTESIAN_POINT('',(31.89999961853,9.,-9.199999809265));
#10461=CARTESIAN_POINT('',(31.89999961853,9.,-5.199999809265));
#10462=CARTESIAN_POINT('',(31.89999961853,9.,-5.199999809265));
#10463=CARTESIAN_POINT('',(31.299999237061,9.,-5.199999809265));
#10464=CARTESIAN_POINT('',(34.200000762939,5.015690337381,-5.130187783266));
#10465=CARTESIAN_POINT('',(34.200000762939,3.,-9.199999809265));
#10466=CARTESIAN_POINT('',(34.200000762939,3.,-9.199999809265));
#10467=CARTESIAN_POINT('',(34.200000762939,9.,-9.199999809265));
#10468=CARTESIAN_POINT('',(30.506696297495,4.,-6.506696297495));
#10469=CARTESIAN_POINT('',(31.299999237061,4.,-7.199999809265));
#10470=CARTESIAN_POINT('',(31.299999237061,4.,-7.199999809265));
#10471=CARTESIAN_POINT('',(31.299999237061,4.,-5.199999809265));
#10472=CARTESIAN_POINT('',(29.10000038147,4.,-7.199999809265));
#10473=CARTESIAN_POINT('',(29.10000038147,4.,-7.199999809265));
#10474=CARTESIAN_POINT('',(29.10000038147,4.,-5.199999809265));
#10475=CARTESIAN_POINT('',(29.10000038147,4.,-5.199999809265));
#10476=CARTESIAN_POINT('',(28.5,4.,-5.199999809265));
#10477=CARTESIAN_POINT('',(28.5,4.,-5.199999809265));
#10478=CARTESIAN_POINT('',(28.5,4.,-9.199999809265));
#10479=CARTESIAN_POINT('',(28.5,4.,-9.199999809265));
#10480=CARTESIAN_POINT('',(27.5,4.,-9.199999809265));
#10481=CARTESIAN_POINT('',(27.5,4.,-9.199999809265));
#10482=CARTESIAN_POINT('',(27.5,4.,-2.200000047684));
#10483=CARTESIAN_POINT('',(31.89999961853,4.,-9.199999809265));
#10484=CARTESIAN_POINT('',(31.89999961853,4.,-9.199999809265));
#10485=CARTESIAN_POINT('',(31.89999961853,4.,-5.199999809265));
#10486=CARTESIAN_POINT('',(31.89999961853,4.,-5.199999809265));
#10487=CARTESIAN_POINT('',(31.299999237061,4.,-5.199999809265));
#10488=CARTESIAN_POINT('',(27.771473086305,3.,-7.6214725141));
#10489=CARTESIAN_POINT('',(28.5,3.,-9.199999809265));
#10490=CARTESIAN_POINT('',(28.5,3.,-9.199999809265));
#10491=CARTESIAN_POINT('',(28.5,3.,-5.199999809265));
#10492=CARTESIAN_POINT('',(28.5,3.,-5.199999809265));
#10493=CARTESIAN_POINT('',(29.10000038147,3.,-5.199999809265));
#10494=CARTESIAN_POINT('',(29.10000038147,3.,-5.199999809265));
#10495=CARTESIAN_POINT('',(29.10000038147,3.,-9.199999809265));
#10496=CARTESIAN_POINT('',(29.10000038147,3.,-9.199999809265));
#10497=CARTESIAN_POINT('',(31.299999237061,3.,-9.199999809265));
#10498=CARTESIAN_POINT('',(31.299999237061,3.,-9.199999809265));
#10499=CARTESIAN_POINT('',(31.299999237061,3.,-5.199999809265));
#10500=CARTESIAN_POINT('',(31.299999237061,3.,-5.199999809265));
#10501=CARTESIAN_POINT('',(31.89999961853,3.,-5.199999809265));
#10502=CARTESIAN_POINT('',(31.89999961853,3.,-5.199999809265));
#10503=CARTESIAN_POINT('',(31.89999961853,3.,-9.199999809265));
#10504=CARTESIAN_POINT('',(31.89999961853,3.,-9.199999809265));
#10505=CARTESIAN_POINT('',(34.200000762939,3.,-9.199999809265));
#10506=CARTESIAN_POINT('',(28.146446609407,3.646446609407,-9.199999809265));
#10507=CARTESIAN_POINT('',(28.5,3.,-9.199999809265));
#10508=CARTESIAN_POINT('',(28.5,8.,-9.199999809265));
#10509=CARTESIAN_POINT('',(28.5,8.,-9.199999809265));
#10510=CARTESIAN_POINT('',(27.5,8.,-9.199999809265));
#10511=CARTESIAN_POINT('',(27.5,8.,-9.199999809265));
#10512=CARTESIAN_POINT('',(27.5,4.,-9.199999809265));
#10513=CARTESIAN_POINT('',(32.253552195112,8.353553530256,-9.199999809265));
#10514=CARTESIAN_POINT('',(31.89999961853,8.,-9.199999809265));
#10515=CARTESIAN_POINT('',(31.89999961853,8.,-9.199999809265));
#10516=CARTESIAN_POINT('',(31.89999961853,9.,-9.199999809265));
#10517=CARTESIAN_POINT('',(31.89999961853,4.,-9.199999809265));
#10518=CARTESIAN_POINT('',(29.893303321035,8.,-6.506696297495));
#10519=CARTESIAN_POINT('',(29.10000038147,8.,-7.199999809265));
#10520=CARTESIAN_POINT('',(29.10000038147,8.,-7.199999809265));
#10521=CARTESIAN_POINT('',(29.10000038147,8.,-5.199999809265));
#10522=CARTESIAN_POINT('',(31.299999237061,8.,-7.199999809265));
#10523=CARTESIAN_POINT('',(31.299999237061,8.,-7.199999809265));
#10524=CARTESIAN_POINT('',(31.299999237061,8.,-5.199999809265));
#10525=CARTESIAN_POINT('',(31.299999237061,8.,-5.199999809265));
#10526=CARTESIAN_POINT('',(31.89999961853,8.,-5.199999809265));
#10527=CARTESIAN_POINT('',(31.89999961853,8.,-5.199999809265));
#10528=CARTESIAN_POINT('',(31.89999961853,8.,-9.199999809265));
#10529=CARTESIAN_POINT('',(27.5,8.,-9.199999809265));
#10530=CARTESIAN_POINT('',(28.5,8.,-5.199999809265));
#10531=CARTESIAN_POINT('',(28.5,8.,-5.199999809265));
#10532=CARTESIAN_POINT('',(29.10000038147,8.,-5.199999809265));
#10533=CARTESIAN_POINT('',(31.491546976236,3.608452451559,-5.199999809265));
#10534=CARTESIAN_POINT('',(31.299999237061,4.,-5.199999809265));
#10535=CARTESIAN_POINT('',(31.89999961853,3.,-5.199999809265));
#10536=CARTESIAN_POINT('',(31.89999961853,3.719223593596,-7.419223402861));
#10537=CARTESIAN_POINT('',(28.908452642294,8.391547548441,-5.199999809265));
#10538=CARTESIAN_POINT('',(29.10000038147,8.,-5.199999809265));
#10539=CARTESIAN_POINT('',(28.5,9.,-5.199999809265));
#10540=CARTESIAN_POINT('',(28.5,8.280776406404,-7.419223402861));
#10541=CARTESIAN_POINT('',(31.708451879354,8.391547548441,-5.199999809265));
#10542=CARTESIAN_POINT('',(31.89999961853,8.,-5.199999809265));
#10543=CARTESIAN_POINT('',(31.299999237061,9.,-5.199999809265));
#10544=CARTESIAN_POINT('',(31.89999961853,8.719223593596,-7.419223402861));
#10545=CARTESIAN_POINT('',(31.299999237061,8.309016994375,-6.00901680364));
#10546=CARTESIAN_POINT('',(31.299999237061,8.39999961853,-9.199999809265));
#10547=CARTESIAN_POINT('',(31.299999237061,8.39999961853,-9.199999809265));
#10548=CARTESIAN_POINT('',(31.299999237061,9.,-9.199999809265));
#10549=CARTESIAN_POINT('',(28.691547739176,3.608452451559,-5.199999809265));
#10550=CARTESIAN_POINT('',(28.5,4.,-5.199999809265));
#10551=CARTESIAN_POINT('',(29.10000038147,3.,-5.199999809265));
#10552=CARTESIAN_POINT('',(28.5,3.280776406404,-7.419223402861));
#10553=CARTESIAN_POINT('',(29.10000038147,3.690983005625,-6.00901680364));
#10554=CARTESIAN_POINT('',(29.10000038147,3.5,-9.199999809265));
#10555=CARTESIAN_POINT('',(29.10000038147,3.5,-9.199999809265));
#10556=CARTESIAN_POINT('',(29.10000038147,3.,-9.199999809265));
#10557=CARTESIAN_POINT('',(27.5,6.189022762636,-1.310977267166));
#10558=CARTESIAN_POINT('',(27.5,5.400000095367,-2.200000047684));
#10559=CARTESIAN_POINT('',(29.894631435304,5.400000095367,-1.805367450089));
#10560=CARTESIAN_POINT('',(29.10000038147,8.838812469678,-7.338812469678));
#10561=CARTESIAN_POINT('',(29.10000038147,8.39999961853,-9.199999809265));
#10562=CARTESIAN_POINT('',(29.10000038147,8.39999961853,-9.199999809265));
#10563=CARTESIAN_POINT('',(29.10000038147,8.,-7.199999809265));
#10564=CARTESIAN_POINT('',(30.329912156909,8.570087461621,-9.199999809265));
#10565=CARTESIAN_POINT('',(29.10000038147,8.39999961853,-9.199999809265));
#10566=CARTESIAN_POINT('',(29.890097940187,8.139223108161,-7.89611601394));
#10567=CARTESIAN_POINT('',(31.299999237061,3.132782218537,-7.317217590728));
#10568=CARTESIAN_POINT('',(31.299999237061,3.5,-9.199999809265));
#10569=CARTESIAN_POINT('',(31.299999237061,3.5,-9.199999809265));
#10570=CARTESIAN_POINT('',(31.299999237061,4.,-7.199999809265));
#10571=CARTESIAN_POINT('',(30.089025525014,3.360974284252,-9.199999809265));
#10572=CARTESIAN_POINT('',(31.299999237061,3.5,-9.199999809265));
#10573=CARTESIAN_POINT('',(30.511647263548,3.825585610115,-7.897657368803));
#10574=CARTESIAN_POINT('',(26.800000095367,27.200000762939,-3.));
#10575=CARTESIAN_POINT('',(0.,0.,-5.5));
#10576=CARTESIAN_POINT('',(70.000000095367,27.200000762939,-5.5));
#10577=CARTESIAN_POINT('',(33.15,31.3,-7.199999809265));
#10578=CARTESIAN_POINT('',(33.15,31.3,-7.199999809265));
#10579=CARTESIAN_POINT('',(33.15,31.3,-5.300000095367));
#10580=CARTESIAN_POINT('',(33.15,31.3,-5.300000095367));
#10581=CARTESIAN_POINT('',(45.2955572133919,42.7,-7.199999809265));
#10582=CARTESIAN_POINT('',(45.2955572133919,42.7,-5.300000095367));
#10583=CARTESIAN_POINT('',(45.2955572133919,31.3,-5.300000095367));
#10584=CARTESIAN_POINT('',(45.2955572133919,31.3,-7.199999809265));
#10585=CARTESIAN_POINT('',(45.2955572133919,31.3,-7.199999809265));
#10586=CARTESIAN_POINT('',(45.2955572133919,31.3,-5.300000095367));
#10587=CARTESIAN_POINT('',(39.25,37.35,-5.2));
#10588=CARTESIAN_POINT('',(32.55,34.835867771473,-5.900000095367));
#10589=CARTESIAN_POINT('',(33.928622590491,32.078622590491,-4.521377504876));
#10590=CARTESIAN_POINT('',(55.206359386623,30.7,-5.900000095367));
#10591=CARTESIAN_POINT('',(44.5169346229009,32.078622590491,-4.521377504876));
#10592=CARTESIAN_POINT('',(45.8955572133919,34.835867771473,-5.900000095367));
#10593=CARTESIAN_POINT('',(70.000000095367,27.200000762939,-5.5));
#10594=CARTESIAN_POINT('',(110.,33.6000003814695,-5.));
#10595=CARTESIAN_POINT('',(146.,33.6000003814695,-5.));
#10596=CARTESIAN_POINT('',(111.379962915617,33.6000003814695,-3.5));
#10597=CARTESIAN_POINT('',(111.379962915617,33.6000003814695,-3.5));
#10598=CARTESIAN_POINT('',(142.4,27.2,-3.));
#10599=CARTESIAN_POINT('',(142.4,27.2,-3.));
#10600=CARTESIAN_POINT('',(118.8,27.2,-3.));
#10601=CARTESIAN_POINT('',(118.8,27.2,-3.));
#10602=CARTESIAN_POINT('',(118.8,14.7,-3.));
#10603=CARTESIAN_POINT('',(142.4,14.7,-3.));
#10604=CARTESIAN_POINT('',(134.533333333333,22.5666666666667,-10.8666666666667));
#10605=CARTESIAN_POINT('',(118.8,14.7,-3.));
#10606=CARTESIAN_POINT('',(0.,0.,-5.));
#10607=CARTESIAN_POINT('',(111.379962915617,33.6000003814695,-5.));
#10608=CARTESIAN_POINT('',(111.379962915617,33.6000003814695,-5.));
#10609=CARTESIAN_POINT('',(111.379962915617,2.799999952316,-5.));
#10610=CARTESIAN_POINT('',(111.379962915617,2.799999952316,-3.5));
#10611=CARTESIAN_POINT('',(111.379962915617,33.6000003814695,-3.5));
#10612=CARTESIAN_POINT('',(111.379962915617,33.6000003814695,-3.5));
#10613=CARTESIAN_POINT('',(117.005540897793,3.70000000000001,-5.29));
#10614=CARTESIAN_POINT('',(117.005540897793,3.70000000000001,-5.29));
#10615=CARTESIAN_POINT('',(117.005540897793,4.70000000000001,-5.29));
#10616=CARTESIAN_POINT('',(117.005540897793,10.,-5.29));
#10617=CARTESIAN_POINT('',(117.005540897793,4.70000000000001,-5.29));
#10618=CARTESIAN_POINT('',(117.005540897793,10.,-5.29));
#10619=CARTESIAN_POINT('',(117.005540897793,10.,-5.29));
#10620=CARTESIAN_POINT('',(123.305540897793,10.,-5.29));
#10621=CARTESIAN_POINT('',(123.305540897793,10.,-5.29));
#10622=CARTESIAN_POINT('',(117.005540897793,10.,-5.29));
#10623=CARTESIAN_POINT('',(123.305540897793,10.,-5.29));
#10624=CARTESIAN_POINT('',(123.305540897793,4.70000000000001,-5.29));
#10625=CARTESIAN_POINT('',(123.305540897793,4.70000000000001,-5.29));
#10626=CARTESIAN_POINT('',(123.305540897793,10.,-5.29));
#10627=CARTESIAN_POINT('',(0.,0.,-5.29));
#10628=CARTESIAN_POINT('',(120.165160056997,7.64,-5.29));
#10629=CARTESIAN_POINT('',(118.865160056997,7.64,-5.29));
#10630=CARTESIAN_POINT('',(117.005540897793,4.70000000000001,-5.29));
#10631=CARTESIAN_POINT('',(0.,0.,-3.5));
#10632=CARTESIAN_POINT('',(117.015160056997,28.2,-3.5));
#10633=CARTESIAN_POINT('',(117.015160056997,34.5,-3.5));
#10634=CARTESIAN_POINT('',(123.315160056997,34.5,-3.5));
#10635=CARTESIAN_POINT('',(123.315160056997,34.5,-3.5));
#10636=CARTESIAN_POINT('',(117.015160056997,34.5,-3.5));
#10637=CARTESIAN_POINT('',(117.015160056997,28.2,-5.29));
#10638=CARTESIAN_POINT('',(117.015160056997,28.2,-5.29));
#10639=CARTESIAN_POINT('',(117.015160056997,29.2,-5.29));
#10640=CARTESIAN_POINT('',(117.015160056997,34.5,-5.29));
#10641=CARTESIAN_POINT('',(117.015160056997,29.2,-5.29));
#10642=CARTESIAN_POINT('',(117.015160056997,34.5,-5.29));
#10643=CARTESIAN_POINT('',(117.015160056997,34.5,-5.29));
#10644=CARTESIAN_POINT('',(123.315160056997,34.5,-5.29));
#10645=CARTESIAN_POINT('',(123.315160056997,34.5,-5.29));
#10646=CARTESIAN_POINT('',(117.015160056997,34.5,-5.29));
#10647=CARTESIAN_POINT('',(123.315160056997,34.5,-5.29));
#10648=CARTESIAN_POINT('',(123.315160056997,29.2,-5.29));
#10649=CARTESIAN_POINT('',(123.315160056997,29.2,-5.29));
#10650=CARTESIAN_POINT('',(123.315160056997,34.5,-5.29));
#10651=CARTESIAN_POINT('',(0.,0.,-5.29));
#10652=CARTESIAN_POINT('',(120.171575319045,30.74,-5.29));
#10653=CARTESIAN_POINT('',(118.871575319045,30.74,-5.29));
#10654=CARTESIAN_POINT('',(117.015160056997,29.2,-5.29));
#10655=CARTESIAN_POINT('',(138.005540897793,3.7,-5.29));
#10656=CARTESIAN_POINT('',(138.005540897793,3.7,-5.29));
#10657=CARTESIAN_POINT('',(138.005540897793,4.7,-5.29));
#10658=CARTESIAN_POINT('',(138.005540897793,10.,-5.29));
#10659=CARTESIAN_POINT('',(138.005540897793,4.7,-5.29));
#10660=CARTESIAN_POINT('',(138.005540897793,10.,-5.29));
#10661=CARTESIAN_POINT('',(138.005540897793,10.,-5.29));
#10662=CARTESIAN_POINT('',(144.305540897793,10.,-5.29));
#10663=CARTESIAN_POINT('',(144.305540897793,10.,-5.29));
#10664=CARTESIAN_POINT('',(138.005540897793,10.,-5.29));
#10665=CARTESIAN_POINT('',(144.305540897793,10.,-5.29));
#10666=CARTESIAN_POINT('',(144.305540897793,4.7,-5.29));
#10667=CARTESIAN_POINT('',(144.305540897793,4.7,-5.29));
#10668=CARTESIAN_POINT('',(144.305540897793,10.,-5.29));
#10669=CARTESIAN_POINT('',(0.,0.,-5.29));
#10670=CARTESIAN_POINT('',(141.061575319045,7.64,-5.29));
#10671=CARTESIAN_POINT('',(139.761575319045,7.64,-5.29));
#10672=CARTESIAN_POINT('',(138.005540897793,4.7,-5.29));
#10673=CARTESIAN_POINT('',(0.,0.,-3.5));
#10674=CARTESIAN_POINT('',(138.,28.1000003814695,-3.5));
#10675=CARTESIAN_POINT('',(138.,34.5,-3.5));
#10676=CARTESIAN_POINT('',(144.305540897793,34.5,-3.5));
#10677=CARTESIAN_POINT('',(144.305540897793,34.5,-3.5));
#10678=CARTESIAN_POINT('',(138.,34.5,-3.5));
#10679=CARTESIAN_POINT('',(138.,28.1000003814695,-5.29));
#10680=CARTESIAN_POINT('',(138.,28.1000003814695,-5.29));
#10681=CARTESIAN_POINT('',(138.,29.1000003814695,-5.29));
#10682=CARTESIAN_POINT('',(138.,34.5,-5.29));
#10683=CARTESIAN_POINT('',(138.,29.1000003814695,-5.29));
#10684=CARTESIAN_POINT('',(138.,34.5,-5.29));
#10685=CARTESIAN_POINT('',(138.,34.5,-5.29));
#10686=CARTESIAN_POINT('',(144.305540897793,34.5,-5.29));
#10687=CARTESIAN_POINT('',(144.305540897793,34.5,-5.29));
#10688=CARTESIAN_POINT('',(138.,34.5,-5.29));
#10689=CARTESIAN_POINT('',(144.305540897793,34.5,-5.29));
#10690=CARTESIAN_POINT('',(144.305540897793,29.1000003814695,-5.29));
#10691=CARTESIAN_POINT('',(144.305540897793,29.1000003814695,-5.29));
#10692=CARTESIAN_POINT('',(144.305540897793,34.5,-5.29));
#10693=CARTESIAN_POINT('',(0.,0.,-5.29));
#10694=CARTESIAN_POINT('',(141.061575319045,30.74,-5.29));
#10695=CARTESIAN_POINT('',(139.761575319045,30.74,-5.29));
#10696=CARTESIAN_POINT('',(138.,29.1000003814695,-5.29));
#10697=CARTESIAN_POINT('',(141.061575319045,30.74,-1.29));
#10698=CARTESIAN_POINT('',(141.061575319045,30.74,-1.29));
#10699=CARTESIAN_POINT('',(139.761575319045,30.74,-1.29));
#10700=CARTESIAN_POINT('',(141.061575319045,30.74,-1.29));
#10701=CARTESIAN_POINT('',(141.061575319045,7.64,-1.29));
#10702=CARTESIAN_POINT('',(141.061575319045,7.64,-1.29));
#10703=CARTESIAN_POINT('',(139.761575319045,7.64,-1.29));
#10704=CARTESIAN_POINT('',(141.061575319045,7.64,-1.29));
#10705=CARTESIAN_POINT('',(120.171575319045,30.74,-1.29));
#10706=CARTESIAN_POINT('',(120.171575319045,30.74,-1.29));
#10707=CARTESIAN_POINT('',(118.871575319045,30.74,-1.29));
#10708=CARTESIAN_POINT('',(120.171575319045,30.74,-1.29));
#10709=CARTESIAN_POINT('',(120.165160056997,7.64,-1.29));
#10710=CARTESIAN_POINT('',(120.165160056997,7.64,-1.29));
#10711=CARTESIAN_POINT('',(118.865160056997,7.64,-1.29));
#10712=CARTESIAN_POINT('',(120.165160056997,7.64,-1.29));
#10713=CARTESIAN_POINT('',(0.,4.7,-5.29));
#10714=CARTESIAN_POINT('',(0.,4.7,-5.29));
#10715=CARTESIAN_POINT('',(0.,29.1000003814695,-5.29));
#10716=CARTESIAN_POINT('',(0.,29.2,-5.29));
#10717=CARTESIAN_POINT('',(0.,0.,-6.69999980926));
#10718=CARTESIAN_POINT('',(0.,0.,-5.69999980926));
#10719=CARTESIAN_POINT('',(105.,27.2,-16.36592674255));
#10720=CARTESIAN_POINT('',(105.00000152587,29.400001525879,-20.80999961853));
#10721=CARTESIAN_POINT('',(105.00000152587,29.400001525879,-20.80999961853));
#10722=CARTESIAN_POINT('',(105.00000152587,22.400001525879,-20.80999961853));
#10723=CARTESIAN_POINT('',(105.00000152587,22.400001525879,-20.80999961853));
#10724=CARTESIAN_POINT('',(105.00000152587,22.400001525879,-20.80999961853));
#10725=CARTESIAN_POINT('',(104.900000095367,27.000000762939,-16.39999961853));
#10726=CARTESIAN_POINT('',(104.900000095367,27.000000762939,-16.39999961853));
#10727=CARTESIAN_POINT('',(0.,27.000000762939,0.));
#10728=CARTESIAN_POINT('',(67.90000152587,22.400001525879,-20.80999961853));
#10729=CARTESIAN_POINT('',(67.90000152587,22.400001525879,-20.80999961853));
#10730=CARTESIAN_POINT('',(67.90000152587,22.400001525879,-20.80999961853));
#10731=CARTESIAN_POINT('',(67.90000152587,22.400001525879,-15.79999961853));
#10732=CARTESIAN_POINT('',(67.90000152587,22.400001525879,-15.79999961853));
#10733=CARTESIAN_POINT('',(67.90000152587,29.400001525879,-15.79999961853));
#10734=CARTESIAN_POINT('',(67.90000152587,29.400001525879,-20.80999961853));
#10735=CARTESIAN_POINT('',(67.90000152587,29.400001525879,-20.80999961853));
#10736=CARTESIAN_POINT('',(67.90000152587,22.400001525879,-20.80999961853));
#10737=CARTESIAN_POINT('',(67.90000152587,29.400001525879,-20.80999961853));
#10738=CARTESIAN_POINT('',(67.90000152587,29.400001525879,-15.79999961853));
#10739=CARTESIAN_POINT('',(68.50000152587,29.400001525879,-15.19999961853));
#10740=CARTESIAN_POINT('',(67.90000152587,29.400001525879,-15.19999961853));
#10741=CARTESIAN_POINT('',(67.90000152587,29.400001525879,-20.80999961853));
#10742=CARTESIAN_POINT('',(74.90000152587,22.400001525879,-20.80999961853));
#10743=CARTESIAN_POINT('',(74.90000152587,22.400001525879,-15.19999961853));
#10744=CARTESIAN_POINT('',(68.50000152587,22.400001525879,-15.19999961853));
#10745=CARTESIAN_POINT('',(67.90000152587,22.400001525879,-15.79999961853));
#10746=CARTESIAN_POINT('',(74.90000152587,22.400001525879,-20.80999961853));
#10747=CARTESIAN_POINT('',(0.,0.,-20.80999961853));
#10748=CARTESIAN_POINT('',(71.00000152587,25.8847879932503,-20.80999961853));
#10749=CARTESIAN_POINT('',(68.70000152587,25.8847879932503,-20.80999961853));
#10750=CARTESIAN_POINT('',(0.,0.,-15.19999961853));
#10751=CARTESIAN_POINT('',(68.50000152587,0.,-15.19999961853));
#10752=CARTESIAN_POINT('',(105.00000152587,29.400001525879,-20.80999961853));
#10753=CARTESIAN_POINT('',(112.00000152587,29.400001525879,-15.79999961853));
#10754=CARTESIAN_POINT('',(112.00000152587,29.400001525879,-15.79999961853));
#10755=CARTESIAN_POINT('',(112.00000152587,29.400001525879,-20.80999961853));
#10756=CARTESIAN_POINT('',(112.00000152587,29.400001525879,-20.80999961853));
#10757=CARTESIAN_POINT('',(105.00000152587,29.400001525879,-20.80999961853));
#10758=CARTESIAN_POINT('',(112.00000152587,29.400001525879,-20.80999961853));
#10759=CARTESIAN_POINT('',(112.00000152587,29.400001525879,-15.79999961853));
#10760=CARTESIAN_POINT('',(112.00000152587,22.400001525879,-15.79999961853));
#10761=CARTESIAN_POINT('',(112.00000152587,22.400001525879,-20.80999961853));
#10762=CARTESIAN_POINT('',(112.00000152587,22.400001525879,-20.80999961853));
#10763=CARTESIAN_POINT('',(112.00000152587,29.400001525879,-20.80999961853));
#10764=CARTESIAN_POINT('',(112.00000152587,22.400001525879,-20.80999961853));
#10765=CARTESIAN_POINT('',(112.00000152587,22.400001525879,-15.79999961853));
#10766=CARTESIAN_POINT('',(112.00000152587,22.400001525879,-20.80999961853));
#10767=CARTESIAN_POINT('',(0.,0.,-20.80999961853));
#10768=CARTESIAN_POINT('',(109.00000152587,25.928455242099,-20.80999961853));
#10769=CARTESIAN_POINT('',(106.70000152587,25.928455242099,-20.80999961853));
#10770=CARTESIAN_POINT('',(109.00000152587,25.928455242099,-16.80999961853));
#10771=CARTESIAN_POINT('',(109.00000152587,25.928455242099,-16.80999961853));
#10772=CARTESIAN_POINT('',(106.70000152587,25.928455242099,-16.80999961853));
#10773=CARTESIAN_POINT('',(109.00000152587,25.928455242099,-16.80999961853));
#10774=CARTESIAN_POINT('',(71.00000152587,25.8847879932503,-16.80999961853));
#10775=CARTESIAN_POINT('',(71.00000152587,25.8847879932503,-16.80999961853));
#10776=CARTESIAN_POINT('',(68.70000152587,25.8847879932503,-16.80999961853));
#10777=CARTESIAN_POINT('',(71.00000152587,25.8847879932503,-16.80999961853));
#10778=CARTESIAN_POINT('',(67.90000152587,22.400001525879,-15.79999961853));
#10779=CARTESIAN_POINT('',(112.00000152587,29.400001525879,-15.79999961853));
#10780=CARTESIAN_POINT('',(152.,15.799999952316,-12.29999980926));
#10781=CARTESIAN_POINT('',(152.,7.83724709185326,-12.29999980926));
#10782=CARTESIAN_POINT('',(-3.200000047684,7.799999952316,-12.29999980926));
#10783=CARTESIAN_POINT('',(-3.200000047684,15.799999952316,-12.3210379535842));
#10784=CARTESIAN_POINT('',(0.,0.,-5.19999980926));
#10785=CARTESIAN_POINT('',(29.60000038147,21.39999961853,-5.19999980926));
#10786=CARTESIAN_POINT('',(29.60000038147,21.39999961853,-5.19999980926));
#10787=CARTESIAN_POINT('',(29.60000038147,22.60000038147,-5.199999809265));
#10788=CARTESIAN_POINT('',(29.60000038147,22.60000038147,-5.199999809265));
#10789=CARTESIAN_POINT('',(20.39999961853,22.60000038147,-5.19999980926));
#10790=CARTESIAN_POINT('',(20.39999961853,24.,-5.19999980926));
#10791=CARTESIAN_POINT('',(20.39999961853,21.39999961853,-5.19999980926));
#10792=CARTESIAN_POINT('',(20.39999961853,21.39999961853,-5.19999980926));
#10793=CARTESIAN_POINT('',(25.385461076476,21.727437777711,-2.707336988976));
#10794=CARTESIAN_POINT('',(29.60000038147,21.39999961853,-2.379899024963));
#10795=CARTESIAN_POINT('',(29.60000038147,21.39999961853,-2.379899024963));
#10796=CARTESIAN_POINT('',(29.60000038147,22.60000038147,-3.579899072647));
#10797=CARTESIAN_POINT('',(20.39999961853,21.39999961853,-2.379899024963));
#10798=CARTESIAN_POINT('',(20.39999961853,21.39999961853,-2.379899024963));
#10799=CARTESIAN_POINT('',(20.39999961853,22.60000038147,-3.579899072647));
#10800=CARTESIAN_POINT('',(20.39999961853,22.60000038147,-3.579899072647));
#10801=CARTESIAN_POINT('',(20.39999961853,22.60000038147,-3.579899072647));
#10802=CARTESIAN_POINT('',(24.630364587661,22.60000038147,-4.759584853295));
#10803=CARTESIAN_POINT('',(20.39999961853,22.60000038147,-5.199999809265));
#10804=CARTESIAN_POINT('',(29.60000038147,22.60000038147,-3.579899072647));
#10805=CARTESIAN_POINT('',(29.60000038147,23.623942146369,-9.551058044366));
#10806=CARTESIAN_POINT('',(29.60000038147,21.39999961853,-14.55000019073));
#10807=CARTESIAN_POINT('',(28.216600544378,21.39999961853,-12.39528908973));
#10808=CARTESIAN_POINT('',(20.39999961853,21.39999961853,-14.55000019073));
#10809=CARTESIAN_POINT('',(20.39999961853,21.703909358629,-8.422948708493));
#10810=CARTESIAN_POINT('',(0.0745999984741211,0.0215,0.));
#10811=CARTESIAN_POINT('',(0.0745999984741211,0.0215,0.170862518310547));
#10812=CARTESIAN_POINT('',(0.0319991881100573,-0.0211008103640638,0.));
#10813=CARTESIAN_POINT('',(0.0745999984741211,0.,-0.0104037494659424));
#10814=CARTESIAN_POINT('',(0.0745999984741211,-0.170862518310547,-0.0104037494659424));
#10815=CARTESIAN_POINT('',(0.0319991881100573,-0.0426008103640638,-0.0104037494659424));
#10816=CARTESIAN_POINT('',(0.,0.0215,-0.0104037494659424));
#10817=CARTESIAN_POINT('',(0.0492472953796387,0.0215,-0.0104037494659424));
#10818=CARTESIAN_POINT('',(-0.0122787297773401,0.00922127022265994,-0.0104037494659424));
#10819=CARTESIAN_POINT('',(0.0745999984741211,0.,-0.0104037494659424));
#10820=CARTESIAN_POINT('',(0.0745999984741211,0.170862518310547,-0.0104037494659424));
#10821=CARTESIAN_POINT('',(0.0319991881100573,-0.0426008103640638,-0.0104037494659424));
#10822=CARTESIAN_POINT('',(0.0745999984741211,0.0215,0.));
#10823=CARTESIAN_POINT('',(0.0745999984741211,0.0215,-0.170862518310547));
#10824=CARTESIAN_POINT('',(0.0319991881100573,-0.0211008103640638,0.));
#10825=CARTESIAN_POINT('',(0.,0.0215,-0.0104037494659424));
#10826=CARTESIAN_POINT('',(-0.0492472953796387,0.0215,-0.0104037494659424));
#10827=CARTESIAN_POINT('',(-0.0122787297773401,0.00922127022265994,-0.0104037494659424));
#10828=CARTESIAN_POINT('',(0.0603679161071777,0.0357320823669434,-0.0246358318328857));
#10829=CARTESIAN_POINT('',(0.173659088770548,-0.0775590902964274,0.088655340830485));
#10830=CARTESIAN_POINT('',(0.011443262790845,-0.0131925709493894,-0.0246358318328857));
#10831=CARTESIAN_POINT('',(0.0478984489440918,0.0432308235168457,-0.0243481788635254));
#10832=CARTESIAN_POINT('',(0.15565868966003,-0.0444689125317464,0.0319277722589028));
#10833=CARTESIAN_POINT('',(0.010523777334668,0.00585615190742194,-0.0243481788635254));
#10834=MECHANICAL_DESIGN_GEOMETRIC_PRESENTATION_REPRESENTATION('',(#6771),
#10835);
#10835=(
GEOMETRIC_REPRESENTATION_CONTEXT(3)
GLOBAL_UNCERTAINTY_ASSIGNED_CONTEXT((#10836))
GLOBAL_UNIT_ASSIGNED_CONTEXT((#10839,#10838,#10837))
REPRESENTATION_CONTEXT('1541_Blende','TOP_LEVEL_ASSEMBLY_PART')
);
#10836=UNCERTAINTY_MEASURE_WITH_UNIT(LENGTH_MEASURE(0.005),#10839,
'DISTANCE_ACCURACY_VALUE','Maximum Tolerance applied to model');
#10837=(
NAMED_UNIT(*)
SI_UNIT($,.STERADIAN.)
SOLID_ANGLE_UNIT()
);
#10838=(
NAMED_UNIT(*)
PLANE_ANGLE_UNIT()
SI_UNIT($,.RADIAN.)
);
#10839=(
LENGTH_UNIT()
NAMED_UNIT(*)
SI_UNIT(.MILLI.,.METRE.)
);
#10840=PRODUCT_DEFINITION_SHAPE('','',#10841);
#10841=PRODUCT_DEFINITION('','',#10843,#10842);
#10842=PRODUCT_DEFINITION_CONTEXT('',#10849,'design');
#10843=PRODUCT_DEFINITION_FORMATION_WITH_SPECIFIED_SOURCE('','',#10845,
 .NOT_KNOWN.);
#10844=PRODUCT_RELATED_PRODUCT_CATEGORY('','',(#10845));
#10845=PRODUCT('1541_Blende','1541_Blende','1541_Blende',(#10847));
#10846=PRODUCT_CATEGORY('','');
#10847=PRODUCT_CONTEXT('',#10849,'mechanical');
#10848=APPLICATION_PROTOCOL_DEFINITION('international standard',
'ap242_managed_model_based_3d_engineering',2011,#10849);
#10849=APPLICATION_CONTEXT('managed model based 3d engineering');
ENDSEC;
END-ISO-10303-21;
