ISO-10303-21;
HEADER;
/* Generated by software containing ST-Developer
 * from STEP Tools, Inc. (www.steptools.com) 
 */

FILE_DESCRIPTION(
/* description */ (
'CAx-IF Rec.Pracs.---Representation and Presentation of Product Manufa
cturing Information (PMI)---4.0---2014-10-13',
'CAx-IF Rec.Pracs.---3D Tessellated Geometry---0.4---2014-09-14','2;1'),

/* implementation_level */ '2;1');

FILE_NAME(
/* name */ 'Knob_Own2_model1',
/* time_stamp */ '2026-06-01T19:26:59+02:00',
/* author */ (''),
/* organization */ (''),
/* preprocessor_version */ 'ST-DEVELOPER v16.7',
/* originating_system */ $,
/* authorisation */ $);

FILE_SCHEMA (('AP242_MANAGED_MODEL_BASED_3D_ENGINEERING_MIM_LF { 1 0 10303 442 20130219 1 4 }'));
ENDSEC;

DATA;
#10=PROPERTY_DEFINITION_REPRESENTATION(#14,#12);
#11=PROPERTY_DEFINITION_REPRESENTATION(#15,#13);
#12=REPRESENTATION('',(#16),#5143);
#13=REPRESENTATION('',(#17),#5143);
#14=PROPERTY_DEFINITION('pmi validation property','',#5148);
#15=PROPERTY_DEFINITION('pmi validation property','',#5148);
#16=VALUE_REPRESENTATION_ITEM('number of annotations',COUNT_MEASURE(0.));
#17=VALUE_REPRESENTATION_ITEM('number of views',COUNT_MEASURE(8.));
#18=CAMERA_MODEL_D3('Top',#3260,#26);
#19=CAMERA_MODEL_D3('Front',#3262,#27);
#20=CAMERA_MODEL_D3('Right',#3264,#28);
#21=CAMERA_MODEL_D3('Back',#3266,#29);
#22=CAMERA_MODEL_D3('Bottom',#3268,#30);
#23=CAMERA_MODEL_D3('Left',#3270,#31);
#24=CAMERA_MODEL_D3('Isometric',#3272,#32);
#25=CAMERA_MODEL_D3('Trimetric',#3274,#33);
#26=VIEW_VOLUME(.PARALLEL.,#5119,0.,0.,.F.,0.,.F.,.F.,#34);
#27=VIEW_VOLUME(.PARALLEL.,#5122,0.,0.,.F.,0.,.F.,.F.,#35);
#28=VIEW_VOLUME(.PARALLEL.,#5125,0.,0.,.F.,0.,.F.,.F.,#36);
#29=VIEW_VOLUME(.PARALLEL.,#5128,0.,0.,.F.,0.,.F.,.F.,#37);
#30=VIEW_VOLUME(.PARALLEL.,#5131,0.,0.,.F.,0.,.F.,.F.,#38);
#31=VIEW_VOLUME(.PARALLEL.,#5134,0.,0.,.F.,0.,.F.,.F.,#39);
#32=VIEW_VOLUME(.PARALLEL.,#5137,0.,0.,.F.,0.,.F.,.F.,#40);
#33=VIEW_VOLUME(.PARALLEL.,#5140,0.,0.,.F.,0.,.F.,.F.,#41);
#34=PLANAR_BOX('',0.0153623414778327,0.0153623414778327,#3261);
#35=PLANAR_BOX('',0.017632562229367,0.017632562229367,#3263);
#36=PLANAR_BOX('',0.017632562229367,0.017632562229367,#3265);
#37=PLANAR_BOX('',0.017632562229367,0.017632562229367,#3267);
#38=PLANAR_BOX('',0.0153623414778327,0.0153623414778327,#3269);
#39=PLANAR_BOX('',0.017632562229367,0.017632562229367,#3271);
#40=PLANAR_BOX('',0.0257842508243083,0.0257842508243083,#3273);
#41=PLANAR_BOX('',0.0235033326000817,0.0235033326000817,#3275);
#42=DRAUGHTING_MODEL('Top',(#18),#5143);
#43=DRAUGHTING_MODEL('Front',(#19),#5143);
#44=DRAUGHTING_MODEL('Right',(#20),#5143);
#45=DRAUGHTING_MODEL('Back',(#21),#5143);
#46=DRAUGHTING_MODEL('Bottom',(#22),#5143);
#47=DRAUGHTING_MODEL('Left',(#23),#5143);
#48=DRAUGHTING_MODEL('Isometric',(#24),#5143);
#49=DRAUGHTING_MODEL('Trimetric',(#25),#5143);
#50=CONSTRUCTIVE_GEOMETRY_REPRESENTATION_RELATIONSHIP(
'supplemental geometry','',#2983,#51);
#51=CONSTRUCTIVE_GEOMETRY_REPRESENTATION('supplemental geometry',(#3259),
#5143);
#52=ADVANCED_BREP_SHAPE_REPRESENTATION('',(#2702,#2703),#5143);
#53=B_SPLINE_CURVE_WITH_KNOTS('',3,(#4410,#4411,#4412,#4413,#4414,#4415,
#4416,#4417,#4418),.UNSPECIFIED.,.F.,.F.,(4,1,1,1,1,1,4),(2.78950996695662E-7,
0.000465579867107276,0.000698230325162566,0.000930880783217857,0.00116353124127315,
0.00139618169932844,0.00186148261543902),.UNSPECIFIED.);
#54=B_SPLINE_CURVE_WITH_KNOTS('',3,(#4419,#4420,#4421,#4422,#4423,#4424,
#4425,#4426,#4427),.UNSPECIFIED.,.F.,.F.,(4,1,1,1,1,1,4),(2.78950996696053E-7,
0.000465579867107276,0.000698230325162566,0.000930880783217856,0.00116353124127315,
0.00139618169932844,0.00186148261543902),.UNSPECIFIED.);
#55=B_SPLINE_CURVE_WITH_KNOTS('',3,(#4428,#4429,#4430,#4431,#4432,#4433,
#4434,#4435,#4436),.UNSPECIFIED.,.F.,.F.,(4,1,1,1,1,1,4),(2.78950996705413E-7,
0.000465579867107286,0.000698230325162576,0.000930880783217866,0.00116353124127316,
0.00139618169932845,0.00186148261543903),.UNSPECIFIED.);
#56=B_SPLINE_CURVE_WITH_KNOTS('',3,(#4437,#4438,#4439,#4440,#4441,#4442,
#4443,#4444,#4445),.UNSPECIFIED.,.F.,.F.,(4,1,1,1,1,1,4),(2.78950996704791E-7,
0.000465579867107286,0.000698230325162576,0.000930880783217867,0.00116353124127316,
0.00139618169932845,0.00186148261543903),.UNSPECIFIED.);
#57=B_SPLINE_CURVE_WITH_KNOTS('',3,(#4446,#4447,#4448,#4449,#4450,#4451,
#4452,#4453,#4454),.UNSPECIFIED.,.F.,.F.,(4,1,1,1,1,1,4),(2.78950996695517E-7,
0.000465579867107277,0.000698230325162568,0.000930880783217859,0.00116353124127315,
0.00139618169932844,0.00186148261543902),.UNSPECIFIED.);
#58=B_SPLINE_CURVE_WITH_KNOTS('',3,(#4455,#4456,#4457,#4458,#4459,#4460,
#4461,#4462,#4463),.UNSPECIFIED.,.F.,.F.,(4,1,1,1,1,1,4),(2.78950996695243E-7,
0.000465579867107275,0.000698230325162565,0.000930880783217856,0.00116353124127315,
0.00139618169932844,0.00186148261543902),.UNSPECIFIED.);
#59=B_SPLINE_CURVE_WITH_KNOTS('',3,(#4464,#4465,#4466,#4467,#4468,#4469,
#4470,#4471,#4472),.UNSPECIFIED.,.F.,.F.,(4,1,1,1,1,1,4),(2.7895099669511E-7,
0.000465579867107276,0.000698230325162566,0.000930880783217857,0.00116353124127315,
0.00139618169932844,0.00186148261543902),.UNSPECIFIED.);
#60=B_SPLINE_CURVE_WITH_KNOTS('',3,(#4473,#4474,#4475,#4476,#4477,#4478,
#4479,#4480,#4481),.UNSPECIFIED.,.F.,.F.,(4,1,1,1,1,1,4),(2.78950996696053E-7,
0.000465579867107279,0.00069823032516257,0.000930880783217861,0.00116353124127315,
0.00139618169932844,0.00186148261543903),.UNSPECIFIED.);
#61=B_SPLINE_CURVE_WITH_KNOTS('',3,(#4482,#4483,#4484,#4485,#4486,#4487,
#4488,#4489,#4490),.UNSPECIFIED.,.F.,.F.,(4,1,1,1,1,1,4),(2.78950996705413E-7,
0.000465579867107288,0.000698230325162579,0.00093088078321787,0.00116353124127316,
0.00139618169932845,0.00186148261543903),.UNSPECIFIED.);
#62=B_SPLINE_CURVE_WITH_KNOTS('',3,(#4491,#4492,#4493,#4494,#4495,#4496,
#4497,#4498,#4499),.UNSPECIFIED.,.F.,.F.,(4,1,1,1,1,1,4),(2.78950996704791E-7,
0.000465579867107286,0.000698230325162576,0.000930880783217867,0.00116353124127316,
0.00139618169932845,0.00186148261543903),.UNSPECIFIED.);
#63=B_SPLINE_CURVE_WITH_KNOTS('',3,(#4500,#4501,#4502,#4503,#4504,#4505,
#4506,#4507,#4508),.UNSPECIFIED.,.F.,.F.,(4,1,1,1,1,1,4),(2.78950996695517E-7,
0.000465579867107275,0.000698230325162565,0.000930880783217855,0.00116353124127314,
0.00139618169932843,0.00186148261543901),.UNSPECIFIED.);
#64=B_SPLINE_CURVE_WITH_KNOTS('',3,(#4509,#4510,#4511,#4512,#4513,#4514,
#4515,#4516,#4517),.UNSPECIFIED.,.F.,.F.,(4,1,1,1,1,1,4),(2.78950996695243E-7,
0.000465579867107277,0.000698230325162568,0.000930880783217858,0.00116353124127315,
0.00139618169932844,0.00186148261543902),.UNSPECIFIED.);
#65=B_SPLINE_CURVE_WITH_KNOTS('',3,(#4518,#4519,#4520,#4521,#4522,#4523,
#4524,#4525,#4526),.UNSPECIFIED.,.F.,.F.,(4,1,1,1,1,1,4),(2.7895099669511E-7,
0.000465579867107277,0.000698230325162569,0.00093088078321786,0.00116353124127315,
0.00139618169932844,0.00186148261543902),.UNSPECIFIED.);
#66=B_SPLINE_CURVE_WITH_KNOTS('',3,(#4527,#4528,#4529,#4530,#4531,#4532,
#4533,#4534,#4535),.UNSPECIFIED.,.F.,.F.,(4,1,1,1,1,1,4),(2.78950996695447E-7,
0.000465579867107277,0.000698230325162567,0.000930880783217858,0.00116353124127315,
0.00139618169932844,0.00186148261543902),.UNSPECIFIED.);
#67=B_SPLINE_CURVE_WITH_KNOTS('',3,(#4536,#4537,#4538,#4539,#4540,#4541,
#4542,#4543,#4544),.UNSPECIFIED.,.F.,.F.,(4,1,1,1,1,1,4),(2.78950996705413E-7,
0.000465579867107287,0.000698230325162578,0.000930880783217869,0.00116353124127316,
0.00139618169932845,0.00186148261543903),.UNSPECIFIED.);
#68=B_SPLINE_CURVE_WITH_KNOTS('',3,(#4545,#4546,#4547,#4548,#4549,#4550,
#4551,#4552,#4553),.UNSPECIFIED.,.F.,.F.,(4,1,1,1,1,1,4),(2.78950996704815E-7,
0.000465579867107286,0.000698230325162577,0.000930880783217867,0.00116353124127316,
0.00139618169932845,0.00186148261543903),.UNSPECIFIED.);
#69=B_SPLINE_CURVE_WITH_KNOTS('',3,(#4554,#4555,#4556,#4557,#4558,#4559,
#4560,#4561,#4562),.UNSPECIFIED.,.F.,.F.,(4,1,1,1,1,1,4),(2.78950996695517E-7,
0.000465579867107276,0.000698230325162566,0.000930880783217856,0.00116353124127315,
0.00139618169932844,0.00186148261543902),.UNSPECIFIED.);
#70=B_SPLINE_CURVE_WITH_KNOTS('',3,(#4563,#4564,#4565,#4566,#4567,#4568,
#4569,#4570,#4571),.UNSPECIFIED.,.F.,.F.,(4,1,1,1,1,1,4),(2.7895099673112E-7,
0.000465579867107313,0.000698230325162604,0.000930880783217894,0.00116353124127319,
0.00139618169932848,0.00186148261543906),.UNSPECIFIED.);
#71=B_SPLINE_CURVE_WITH_KNOTS('',3,(#4572,#4573,#4574,#4575,#4576,#4577,
#4578,#4579,#4580),.UNSPECIFIED.,.F.,.F.,(4,1,1,1,1,1,4),(2.7895099669511E-7,
0.000465579867107278,0.000698230325162569,0.00093088078321786,0.00116353124127315,
0.00139618169932844,0.00186148261543903),.UNSPECIFIED.);
#72=B_SPLINE_CURVE_WITH_KNOTS('',3,(#4581,#4582,#4583,#4584,#4585,#4586,
#4587,#4588,#4589),.UNSPECIFIED.,.F.,.F.,(4,1,1,1,1,1,4),(2.78950996696053E-7,
0.000465579867107276,0.000698230325162567,0.000930880783217857,0.00116353124127315,
0.00139618169932844,0.00186148261543902),.UNSPECIFIED.);
#73=B_SPLINE_CURVE_WITH_KNOTS('',3,(#4590,#4591,#4592,#4593,#4594,#4595,
#4596,#4597,#4598),.UNSPECIFIED.,.F.,.F.,(4,1,1,1,1,1,4),(2.78950996705413E-7,
0.000465579867107288,0.000698230325162579,0.000930880783217871,0.00116353124127316,
0.00139618169932845,0.00186148261543904),.UNSPECIFIED.);
#74=B_SPLINE_CURVE_WITH_KNOTS('',3,(#4599,#4600,#4601,#4602,#4603,#4604,
#4605,#4606,#4607),.UNSPECIFIED.,.F.,.F.,(4,1,1,1,1,1,4),(2.78950996704815E-7,
0.000465579867107286,0.000698230325162577,0.000930880783217868,0.00116353124127316,
0.00139618169932845,0.00186148261543903),.UNSPECIFIED.);
#75=B_SPLINE_CURVE_WITH_KNOTS('',3,(#4608,#4609,#4610,#4611,#4612,#4613,
#4614,#4615,#4616),.UNSPECIFIED.,.F.,.F.,(4,1,1,1,1,1,4),(2.78950996694829E-7,
0.000465579867107279,0.000698230325162571,0.000930880783217863,0.00116353124127315,
0.00139618169932845,0.00186148261543903),.UNSPECIFIED.);
#76=B_SPLINE_CURVE_WITH_KNOTS('',3,(#4617,#4618,#4619,#4620,#4621,#4622,
#4623,#4624,#4625),.UNSPECIFIED.,.F.,.F.,(4,1,1,1,1,1,4),(2.7895099673112E-7,
0.000465579867107313,0.000698230325162604,0.000930880783217895,0.00116353124127319,
0.00139618169932848,0.00186148261543906),.UNSPECIFIED.);
#77=CONICAL_SURFACE('',#3119,6.4,0.785398163397448);
#78=PLANE('',#3084);
#79=PLANE('',#3086);
#80=PLANE('',#3114);
#81=PLANE('',#3118);
#82=PLANE('',#3144);
#83=PLANE('',#3145);
#84=PLANE('',#3146);
#85=PLANE('',#3147);
#86=PLANE('',#3148);
#87=PLANE('',#3149);
#88=PLANE('',#3150);
#89=PLANE('',#3151);
#90=PLANE('',#3152);
#91=PLANE('',#3153);
#92=PLANE('',#3154);
#93=PLANE('',#3155);
#94=PLANE('',#3156);
#95=PLANE('',#3157);
#96=PLANE('',#3158);
#97=PLANE('',#3159);
#98=PLANE('',#3160);
#99=PLANE('',#3161);
#100=PLANE('',#3162);
#101=PLANE('',#3163);
#102=PLANE('',#3164);
#103=PLANE('',#3165);
#104=PLANE('',#3166);
#105=PLANE('',#3167);
#106=PLANE('',#3168);
#107=PLANE('',#3169);
#108=PLANE('',#3170);
#109=PLANE('',#3171);
#110=PLANE('',#3172);
#111=PLANE('',#3173);
#112=PLANE('',#3174);
#113=PLANE('',#3175);
#114=PLANE('',#3176);
#115=PLANE('',#3177);
#116=PLANE('',#3178);
#117=PLANE('',#3179);
#118=PLANE('',#3180);
#119=PLANE('',#3181);
#120=PLANE('',#3182);
#121=PLANE('',#3183);
#122=PLANE('',#3184);
#123=PLANE('',#3185);
#124=PLANE('',#3186);
#125=PLANE('',#3187);
#126=PLANE('',#3188);
#127=PLANE('',#3189);
#128=PLANE('',#3190);
#129=PLANE('',#3191);
#130=PLANE('',#3192);
#131=PLANE('',#3193);
#132=PLANE('',#3194);
#133=PLANE('',#3195);
#134=PLANE('',#3196);
#135=PLANE('',#3197);
#136=PLANE('',#3198);
#137=PLANE('',#3199);
#138=PLANE('',#3200);
#139=PLANE('',#3201);
#140=PLANE('',#3202);
#141=PLANE('',#3203);
#142=PLANE('',#3204);
#143=PLANE('',#3205);
#144=PLANE('',#3206);
#145=PLANE('',#3207);
#146=PLANE('',#3208);
#147=PLANE('',#3209);
#148=PLANE('',#3210);
#149=PLANE('',#3211);
#150=PLANE('',#3212);
#151=PLANE('',#3213);
#152=PLANE('',#3214);
#153=PLANE('',#3215);
#154=PLANE('',#3216);
#155=PLANE('',#3217);
#156=PLANE('',#3218);
#157=PLANE('',#3219);
#158=PLANE('',#3220);
#159=PLANE('',#3221);
#160=PLANE('',#3222);
#161=PLANE('',#3223);
#162=PLANE('',#3224);
#163=PLANE('',#3225);
#164=PLANE('',#3226);
#165=PLANE('',#3227);
#166=PLANE('',#3228);
#167=PLANE('',#3229);
#168=PLANE('',#3230);
#169=PLANE('',#3231);
#170=PLANE('',#3232);
#171=PLANE('',#3233);
#172=PLANE('',#3234);
#173=PLANE('',#3235);
#174=PLANE('',#3236);
#175=PLANE('',#3237);
#176=PLANE('',#3238);
#177=PLANE('',#3239);
#178=PLANE('',#3240);
#179=PLANE('',#3241);
#180=PLANE('',#3242);
#181=PLANE('',#3243);
#182=PLANE('',#3244);
#183=PLANE('',#3245);
#184=PLANE('',#3246);
#185=PLANE('',#3247);
#186=PLANE('',#3248);
#187=PLANE('',#3249);
#188=PLANE('',#3250);
#189=PLANE('',#3251);
#190=PLANE('',#3252);
#191=PLANE('',#3253);
#192=PLANE('',#3254);
#193=PLANE('',#3255);
#194=PLANE('',#3256);
#195=PLANE('',#3257);
#196=PLANE('',#3258);
#197=LINE('',#4157,#477);
#198=LINE('',#4161,#478);
#199=LINE('',#4166,#479);
#200=LINE('',#4170,#480);
#201=LINE('',#4175,#481);
#202=LINE('',#4179,#482);
#203=LINE('',#4184,#483);
#204=LINE('',#4188,#484);
#205=LINE('',#4193,#485);
#206=LINE('',#4197,#486);
#207=LINE('',#4202,#487);
#208=LINE('',#4206,#488);
#209=LINE('',#4211,#489);
#210=LINE('',#4215,#490);
#211=LINE('',#4220,#491);
#212=LINE('',#4224,#492);
#213=LINE('',#4229,#493);
#214=LINE('',#4233,#494);
#215=LINE('',#4238,#495);
#216=LINE('',#4242,#496);
#217=LINE('',#4247,#497);
#218=LINE('',#4251,#498);
#219=LINE('',#4256,#499);
#220=LINE('',#4260,#500);
#221=LINE('',#4265,#501);
#222=LINE('',#4269,#502);
#223=LINE('',#4274,#503);
#224=LINE('',#4278,#504);
#225=LINE('',#4283,#505);
#226=LINE('',#4287,#506);
#227=LINE('',#4292,#507);
#228=LINE('',#4296,#508);
#229=LINE('',#4301,#509);
#230=LINE('',#4305,#510);
#231=LINE('',#4310,#511);
#232=LINE('',#4314,#512);
#233=LINE('',#4319,#513);
#234=LINE('',#4323,#514);
#235=LINE('',#4328,#515);
#236=LINE('',#4332,#516);
#237=LINE('',#4337,#517);
#238=LINE('',#4341,#518);
#239=LINE('',#4346,#519);
#240=LINE('',#4350,#520);
#241=LINE('',#4355,#521);
#242=LINE('',#4359,#522);
#243=LINE('',#4364,#523);
#244=LINE('',#4368,#524);
#245=LINE('',#4651,#525);
#246=LINE('',#4654,#526);
#247=LINE('',#4656,#527);
#248=LINE('',#4658,#528);
#249=LINE('',#4660,#529);
#250=LINE('',#4662,#530);
#251=LINE('',#4664,#531);
#252=LINE('',#4666,#532);
#253=LINE('',#4668,#533);
#254=LINE('',#4670,#534);
#255=LINE('',#4672,#535);
#256=LINE('',#4674,#536);
#257=LINE('',#4676,#537);
#258=LINE('',#4678,#538);
#259=LINE('',#4680,#539);
#260=LINE('',#4682,#540);
#261=LINE('',#4684,#541);
#262=LINE('',#4686,#542);
#263=LINE('',#4688,#543);
#264=LINE('',#4690,#544);
#265=LINE('',#4692,#545);
#266=LINE('',#4694,#546);
#267=LINE('',#4696,#547);
#268=LINE('',#4698,#548);
#269=LINE('',#4700,#549);
#270=LINE('',#4702,#550);
#271=LINE('',#4704,#551);
#272=LINE('',#4706,#552);
#273=LINE('',#4708,#553);
#274=LINE('',#4710,#554);
#275=LINE('',#4712,#555);
#276=LINE('',#4714,#556);
#277=LINE('',#4716,#557);
#278=LINE('',#4718,#558);
#279=LINE('',#4720,#559);
#280=LINE('',#4722,#560);
#281=LINE('',#4724,#561);
#282=LINE('',#4726,#562);
#283=LINE('',#4728,#563);
#284=LINE('',#4730,#564);
#285=LINE('',#4732,#565);
#286=LINE('',#4734,#566);
#287=LINE('',#4736,#567);
#288=LINE('',#4738,#568);
#289=LINE('',#4740,#569);
#290=LINE('',#4742,#570);
#291=LINE('',#4744,#571);
#292=LINE('',#4746,#572);
#293=LINE('',#4748,#573);
#294=LINE('',#4750,#574);
#295=LINE('',#4752,#575);
#296=LINE('',#4754,#576);
#297=LINE('',#4756,#577);
#298=LINE('',#4758,#578);
#299=LINE('',#4760,#579);
#300=LINE('',#4762,#580);
#301=LINE('',#4764,#581);
#302=LINE('',#4766,#582);
#303=LINE('',#4768,#583);
#304=LINE('',#4770,#584);
#305=LINE('',#4772,#585);
#306=LINE('',#4774,#586);
#307=LINE('',#4776,#587);
#308=LINE('',#4778,#588);
#309=LINE('',#4780,#589);
#310=LINE('',#4782,#590);
#311=LINE('',#4784,#591);
#312=LINE('',#4786,#592);
#313=LINE('',#4788,#593);
#314=LINE('',#4790,#594);
#315=LINE('',#4792,#595);
#316=LINE('',#4794,#596);
#317=LINE('',#4796,#597);
#318=LINE('',#4798,#598);
#319=LINE('',#4800,#599);
#320=LINE('',#4802,#600);
#321=LINE('',#4804,#601);
#322=LINE('',#4806,#602);
#323=LINE('',#4808,#603);
#324=LINE('',#4810,#604);
#325=LINE('',#4812,#605);
#326=LINE('',#4815,#606);
#327=LINE('',#4816,#607);
#328=LINE('',#4818,#608);
#329=LINE('',#4821,#609);
#330=LINE('',#4822,#610);
#331=LINE('',#4824,#611);
#332=LINE('',#4827,#612);
#333=LINE('',#4829,#613);
#334=LINE('',#4831,#614);
#335=LINE('',#4833,#615);
#336=LINE('',#4835,#616);
#337=LINE('',#4836,#617);
#338=LINE('',#4838,#618);
#339=LINE('',#4841,#619);
#340=LINE('',#4842,#620);
#341=LINE('',#4844,#621);
#342=LINE('',#4847,#622);
#343=LINE('',#4848,#623);
#344=LINE('',#4850,#624);
#345=LINE('',#4852,#625);
#346=LINE('',#4854,#626);
#347=LINE('',#4856,#627);
#348=LINE('',#4858,#628);
#349=LINE('',#4860,#629);
#350=LINE('',#4862,#630);
#351=LINE('',#4864,#631);
#352=LINE('',#4866,#632);
#353=LINE('',#4868,#633);
#354=LINE('',#4870,#634);
#355=LINE('',#4872,#635);
#356=LINE('',#4874,#636);
#357=LINE('',#4876,#637);
#358=LINE('',#4878,#638);
#359=LINE('',#4880,#639);
#360=LINE('',#4882,#640);
#361=LINE('',#4884,#641);
#362=LINE('',#4886,#642);
#363=LINE('',#4888,#643);
#364=LINE('',#4890,#644);
#365=LINE('',#4892,#645);
#366=LINE('',#4894,#646);
#367=LINE('',#4896,#647);
#368=LINE('',#4898,#648);
#369=LINE('',#4900,#649);
#370=LINE('',#4902,#650);
#371=LINE('',#4904,#651);
#372=LINE('',#4906,#652);
#373=LINE('',#4908,#653);
#374=LINE('',#4910,#654);
#375=LINE('',#4912,#655);
#376=LINE('',#4914,#656);
#377=LINE('',#4916,#657);
#378=LINE('',#4918,#658);
#379=LINE('',#4920,#659);
#380=LINE('',#4922,#660);
#381=LINE('',#4924,#661);
#382=LINE('',#4926,#662);
#383=LINE('',#4928,#663);
#384=LINE('',#4930,#664);
#385=LINE('',#4932,#665);
#386=LINE('',#4934,#666);
#387=LINE('',#4936,#667);
#388=LINE('',#4938,#668);
#389=LINE('',#4940,#669);
#390=LINE('',#4942,#670);
#391=LINE('',#4944,#671);
#392=LINE('',#4946,#672);
#393=LINE('',#4948,#673);
#394=LINE('',#4950,#674);
#395=LINE('',#4952,#675);
#396=LINE('',#4954,#676);
#397=LINE('',#4956,#677);
#398=LINE('',#4958,#678);
#399=LINE('',#4960,#679);
#400=LINE('',#4962,#680);
#401=LINE('',#4964,#681);
#402=LINE('',#4966,#682);
#403=LINE('',#4968,#683);
#404=LINE('',#4970,#684);
#405=LINE('',#4972,#685);
#406=LINE('',#4974,#686);
#407=LINE('',#4976,#687);
#408=LINE('',#4978,#688);
#409=LINE('',#4980,#689);
#410=LINE('',#4982,#690);
#411=LINE('',#4984,#691);
#412=LINE('',#4986,#692);
#413=LINE('',#4988,#693);
#414=LINE('',#4990,#694);
#415=LINE('',#4992,#695);
#416=LINE('',#4994,#696);
#417=LINE('',#4996,#697);
#418=LINE('',#4998,#698);
#419=LINE('',#5000,#699);
#420=LINE('',#5002,#700);
#421=LINE('',#5004,#701);
#422=LINE('',#5006,#702);
#423=LINE('',#5008,#703);
#424=LINE('',#5010,#704);
#425=LINE('',#5012,#705);
#426=LINE('',#5014,#706);
#427=LINE('',#5016,#707);
#428=LINE('',#5018,#708);
#429=LINE('',#5020,#709);
#430=LINE('',#5022,#710);
#431=LINE('',#5024,#711);
#432=LINE('',#5026,#712);
#433=LINE('',#5028,#713);
#434=LINE('',#5030,#714);
#435=LINE('',#5032,#715);
#436=LINE('',#5034,#716);
#437=LINE('',#5036,#717);
#438=LINE('',#5038,#718);
#439=LINE('',#5040,#719);
#440=LINE('',#5042,#720);
#441=LINE('',#5044,#721);
#442=LINE('',#5046,#722);
#443=LINE('',#5048,#723);
#444=LINE('',#5050,#724);
#445=LINE('',#5052,#725);
#446=LINE('',#5054,#726);
#447=LINE('',#5056,#727);
#448=LINE('',#5058,#728);
#449=LINE('',#5060,#729);
#450=LINE('',#5062,#730);
#451=LINE('',#5064,#731);
#452=LINE('',#5066,#732);
#453=LINE('',#5068,#733);
#454=LINE('',#5070,#734);
#455=LINE('',#5072,#735);
#456=LINE('',#5074,#736);
#457=LINE('',#5076,#737);
#458=LINE('',#5078,#738);
#459=LINE('',#5080,#739);
#460=LINE('',#5082,#740);
#461=LINE('',#5084,#741);
#462=LINE('',#5086,#742);
#463=LINE('',#5088,#743);
#464=LINE('',#5090,#744);
#465=LINE('',#5092,#745);
#466=LINE('',#5094,#746);
#467=LINE('',#5096,#747);
#468=LINE('',#5098,#748);
#469=LINE('',#5100,#749);
#470=LINE('',#5102,#750);
#471=LINE('',#5104,#751);
#472=LINE('',#5106,#752);
#473=LINE('',#5108,#753);
#474=LINE('',#5110,#754);
#475=LINE('',#5111,#755);
#476=LINE('',#5113,#756);
#477=VECTOR('',#3336,1000.);
#478=VECTOR('',#3339,1000.);
#479=VECTOR('',#3344,1000.);
#480=VECTOR('',#3347,1000.);
#481=VECTOR('',#3352,1000.);
#482=VECTOR('',#3355,1000.);
#483=VECTOR('',#3360,1000.);
#484=VECTOR('',#3363,1000.);
#485=VECTOR('',#3368,1000.);
#486=VECTOR('',#3371,1000.);
#487=VECTOR('',#3376,1000.);
#488=VECTOR('',#3379,1000.);
#489=VECTOR('',#3384,1000.);
#490=VECTOR('',#3387,1000.);
#491=VECTOR('',#3392,1000.);
#492=VECTOR('',#3395,1000.);
#493=VECTOR('',#3400,1000.);
#494=VECTOR('',#3403,1000.);
#495=VECTOR('',#3408,1000.);
#496=VECTOR('',#3411,1000.);
#497=VECTOR('',#3416,1000.);
#498=VECTOR('',#3419,1000.);
#499=VECTOR('',#3424,1000.);
#500=VECTOR('',#3427,1000.);
#501=VECTOR('',#3432,1000.);
#502=VECTOR('',#3435,1000.);
#503=VECTOR('',#3440,1000.);
#504=VECTOR('',#3443,1000.);
#505=VECTOR('',#3448,1000.);
#506=VECTOR('',#3451,1000.);
#507=VECTOR('',#3456,1000.);
#508=VECTOR('',#3459,1000.);
#509=VECTOR('',#3464,1000.);
#510=VECTOR('',#3467,1000.);
#511=VECTOR('',#3472,1000.);
#512=VECTOR('',#3475,1000.);
#513=VECTOR('',#3480,1000.);
#514=VECTOR('',#3483,1000.);
#515=VECTOR('',#3488,1000.);
#516=VECTOR('',#3491,1000.);
#517=VECTOR('',#3496,1000.);
#518=VECTOR('',#3499,1000.);
#519=VECTOR('',#3504,1000.);
#520=VECTOR('',#3507,1000.);
#521=VECTOR('',#3512,1000.);
#522=VECTOR('',#3515,1000.);
#523=VECTOR('',#3520,1000.);
#524=VECTOR('',#3523,1000.);
#525=VECTOR('',#3646,1000.);
#526=VECTOR('',#3647,1000.);
#527=VECTOR('',#3648,1000.);
#528=VECTOR('',#3651,1000.);
#529=VECTOR('',#3652,1000.);
#530=VECTOR('',#3655,1000.);
#531=VECTOR('',#3656,1000.);
#532=VECTOR('',#3659,1000.);
#533=VECTOR('',#3660,1000.);
#534=VECTOR('',#3663,1000.);
#535=VECTOR('',#3664,1000.);
#536=VECTOR('',#3667,1000.);
#537=VECTOR('',#3668,1000.);
#538=VECTOR('',#3671,1000.);
#539=VECTOR('',#3672,1000.);
#540=VECTOR('',#3675,1000.);
#541=VECTOR('',#3676,1000.);
#542=VECTOR('',#3679,1000.);
#543=VECTOR('',#3680,1000.);
#544=VECTOR('',#3683,1000.);
#545=VECTOR('',#3684,1000.);
#546=VECTOR('',#3687,1000.);
#547=VECTOR('',#3688,1000.);
#548=VECTOR('',#3691,1000.);
#549=VECTOR('',#3692,1000.);
#550=VECTOR('',#3695,1000.);
#551=VECTOR('',#3696,1000.);
#552=VECTOR('',#3699,1000.);
#553=VECTOR('',#3700,1000.);
#554=VECTOR('',#3703,1000.);
#555=VECTOR('',#3704,1000.);
#556=VECTOR('',#3707,1000.);
#557=VECTOR('',#3708,1000.);
#558=VECTOR('',#3711,1000.);
#559=VECTOR('',#3712,1000.);
#560=VECTOR('',#3715,1000.);
#561=VECTOR('',#3716,1000.);
#562=VECTOR('',#3719,1000.);
#563=VECTOR('',#3720,1000.);
#564=VECTOR('',#3723,1000.);
#565=VECTOR('',#3724,1000.);
#566=VECTOR('',#3727,1000.);
#567=VECTOR('',#3728,1000.);
#568=VECTOR('',#3731,1000.);
#569=VECTOR('',#3732,1000.);
#570=VECTOR('',#3735,1000.);
#571=VECTOR('',#3736,1000.);
#572=VECTOR('',#3739,1000.);
#573=VECTOR('',#3740,1000.);
#574=VECTOR('',#3743,1000.);
#575=VECTOR('',#3744,1000.);
#576=VECTOR('',#3747,1000.);
#577=VECTOR('',#3748,1000.);
#578=VECTOR('',#3751,1000.);
#579=VECTOR('',#3752,1000.);
#580=VECTOR('',#3755,1000.);
#581=VECTOR('',#3756,1000.);
#582=VECTOR('',#3759,1000.);
#583=VECTOR('',#3760,1000.);
#584=VECTOR('',#3763,1000.);
#585=VECTOR('',#3764,1000.);
#586=VECTOR('',#3767,1000.);
#587=VECTOR('',#3768,1000.);
#588=VECTOR('',#3771,1000.);
#589=VECTOR('',#3772,1000.);
#590=VECTOR('',#3775,1000.);
#591=VECTOR('',#3776,1000.);
#592=VECTOR('',#3779,1000.);
#593=VECTOR('',#3780,1000.);
#594=VECTOR('',#3783,1000.);
#595=VECTOR('',#3784,1000.);
#596=VECTOR('',#3787,1000.);
#597=VECTOR('',#3788,1000.);
#598=VECTOR('',#3791,1000.);
#599=VECTOR('',#3792,1000.);
#600=VECTOR('',#3795,1000.);
#601=VECTOR('',#3796,1000.);
#602=VECTOR('',#3799,1000.);
#603=VECTOR('',#3800,1000.);
#604=VECTOR('',#3801,1000.);
#605=VECTOR('',#3804,1000.);
#606=VECTOR('',#3805,1000.);
#607=VECTOR('',#3806,1000.);
#608=VECTOR('',#3809,1000.);
#609=VECTOR('',#3810,1000.);
#610=VECTOR('',#3811,1000.);
#611=VECTOR('',#3814,1000.);
#612=VECTOR('',#3815,1000.);
#613=VECTOR('',#3816,1000.);
#614=VECTOR('',#3819,1000.);
#615=VECTOR('',#3820,1000.);
#616=VECTOR('',#3823,1000.);
#617=VECTOR('',#3824,1000.);
#618=VECTOR('',#3827,1000.);
#619=VECTOR('',#3828,1000.);
#620=VECTOR('',#3829,1000.);
#621=VECTOR('',#3832,1000.);
#622=VECTOR('',#3833,1000.);
#623=VECTOR('',#3834,1000.);
#624=VECTOR('',#3837,1000.);
#625=VECTOR('',#3838,1000.);
#626=VECTOR('',#3841,1000.);
#627=VECTOR('',#3842,1000.);
#628=VECTOR('',#3845,1000.);
#629=VECTOR('',#3846,1000.);
#630=VECTOR('',#3849,1000.);
#631=VECTOR('',#3850,1000.);
#632=VECTOR('',#3853,1000.);
#633=VECTOR('',#3854,1000.);
#634=VECTOR('',#3857,1000.);
#635=VECTOR('',#3858,1000.);
#636=VECTOR('',#3861,1000.);
#637=VECTOR('',#3862,1000.);
#638=VECTOR('',#3865,1000.);
#639=VECTOR('',#3866,1000.);
#640=VECTOR('',#3869,1000.);
#641=VECTOR('',#3870,1000.);
#642=VECTOR('',#3873,1000.);
#643=VECTOR('',#3874,1000.);
#644=VECTOR('',#3877,1000.);
#645=VECTOR('',#3878,1000.);
#646=VECTOR('',#3881,1000.);
#647=VECTOR('',#3882,1000.);
#648=VECTOR('',#3885,1000.);
#649=VECTOR('',#3886,1000.);
#650=VECTOR('',#3889,1000.);
#651=VECTOR('',#3890,1000.);
#652=VECTOR('',#3893,1000.);
#653=VECTOR('',#3894,1000.);
#654=VECTOR('',#3897,1000.);
#655=VECTOR('',#3898,1000.);
#656=VECTOR('',#3901,1000.);
#657=VECTOR('',#3902,1000.);
#658=VECTOR('',#3905,1000.);
#659=VECTOR('',#3906,1000.);
#660=VECTOR('',#3909,1000.);
#661=VECTOR('',#3910,1000.);
#662=VECTOR('',#3913,1000.);
#663=VECTOR('',#3914,1000.);
#664=VECTOR('',#3917,1000.);
#665=VECTOR('',#3918,1000.);
#666=VECTOR('',#3921,1000.);
#667=VECTOR('',#3922,1000.);
#668=VECTOR('',#3925,1000.);
#669=VECTOR('',#3926,1000.);
#670=VECTOR('',#3929,1000.);
#671=VECTOR('',#3930,1000.);
#672=VECTOR('',#3933,1000.);
#673=VECTOR('',#3934,1000.);
#674=VECTOR('',#3937,1000.);
#675=VECTOR('',#3938,1000.);
#676=VECTOR('',#3941,1000.);
#677=VECTOR('',#3942,1000.);
#678=VECTOR('',#3945,1000.);
#679=VECTOR('',#3946,1000.);
#680=VECTOR('',#3949,1000.);
#681=VECTOR('',#3950,1000.);
#682=VECTOR('',#3953,1000.);
#683=VECTOR('',#3954,1000.);
#684=VECTOR('',#3957,1000.);
#685=VECTOR('',#3958,1000.);
#686=VECTOR('',#3961,1000.);
#687=VECTOR('',#3962,1000.);
#688=VECTOR('',#3965,1000.);
#689=VECTOR('',#3966,1000.);
#690=VECTOR('',#3969,1000.);
#691=VECTOR('',#3970,1000.);
#692=VECTOR('',#3973,1000.);
#693=VECTOR('',#3974,1000.);
#694=VECTOR('',#3977,1000.);
#695=VECTOR('',#3978,1000.);
#696=VECTOR('',#3981,1000.);
#697=VECTOR('',#3982,1000.);
#698=VECTOR('',#3985,1000.);
#699=VECTOR('',#3986,1000.);
#700=VECTOR('',#3989,1000.);
#701=VECTOR('',#3990,1000.);
#702=VECTOR('',#3993,1000.);
#703=VECTOR('',#3994,1000.);
#704=VECTOR('',#3997,1000.);
#705=VECTOR('',#3998,1000.);
#706=VECTOR('',#4001,1000.);
#707=VECTOR('',#4002,1000.);
#708=VECTOR('',#4005,1000.);
#709=VECTOR('',#4006,1000.);
#710=VECTOR('',#4009,1000.);
#711=VECTOR('',#4010,1000.);
#712=VECTOR('',#4013,1000.);
#713=VECTOR('',#4014,1000.);
#714=VECTOR('',#4017,1000.);
#715=VECTOR('',#4018,1000.);
#716=VECTOR('',#4021,1000.);
#717=VECTOR('',#4022,1000.);
#718=VECTOR('',#4025,1000.);
#719=VECTOR('',#4026,1000.);
#720=VECTOR('',#4029,1000.);
#721=VECTOR('',#4030,1000.);
#722=VECTOR('',#4033,1000.);
#723=VECTOR('',#4034,1000.);
#724=VECTOR('',#4037,1000.);
#725=VECTOR('',#4038,1000.);
#726=VECTOR('',#4041,1000.);
#727=VECTOR('',#4042,1000.);
#728=VECTOR('',#4045,1000.);
#729=VECTOR('',#4046,1000.);
#730=VECTOR('',#4049,1000.);
#731=VECTOR('',#4050,1000.);
#732=VECTOR('',#4053,1000.);
#733=VECTOR('',#4054,1000.);
#734=VECTOR('',#4057,1000.);
#735=VECTOR('',#4058,1000.);
#736=VECTOR('',#4061,1000.);
#737=VECTOR('',#4062,1000.);
#738=VECTOR('',#4065,1000.);
#739=VECTOR('',#4066,1000.);
#740=VECTOR('',#4069,1000.);
#741=VECTOR('',#4070,1000.);
#742=VECTOR('',#4073,1000.);
#743=VECTOR('',#4074,1000.);
#744=VECTOR('',#4077,1000.);
#745=VECTOR('',#4078,1000.);
#746=VECTOR('',#4081,1000.);
#747=VECTOR('',#4082,1000.);
#748=VECTOR('',#4085,1000.);
#749=VECTOR('',#4086,1000.);
#750=VECTOR('',#4089,1000.);
#751=VECTOR('',#4090,1000.);
#752=VECTOR('',#4093,1000.);
#753=VECTOR('',#4094,1000.);
#754=VECTOR('',#4097,1000.);
#755=VECTOR('',#4098,1000.);
#756=VECTOR('',#4101,1000.);
#757=ORIENTED_EDGE('',*,*,#1519,.T.);
#758=ORIENTED_EDGE('',*,*,#1520,.T.);
#759=ORIENTED_EDGE('',*,*,#1521,.T.);
#760=ORIENTED_EDGE('',*,*,#1522,.T.);
#761=ORIENTED_EDGE('',*,*,#1523,.T.);
#762=ORIENTED_EDGE('',*,*,#1524,.T.);
#763=ORIENTED_EDGE('',*,*,#1525,.T.);
#764=ORIENTED_EDGE('',*,*,#1526,.T.);
#765=ORIENTED_EDGE('',*,*,#1527,.T.);
#766=ORIENTED_EDGE('',*,*,#1528,.T.);
#767=ORIENTED_EDGE('',*,*,#1529,.T.);
#768=ORIENTED_EDGE('',*,*,#1530,.T.);
#769=ORIENTED_EDGE('',*,*,#1531,.T.);
#770=ORIENTED_EDGE('',*,*,#1532,.T.);
#771=ORIENTED_EDGE('',*,*,#1533,.T.);
#772=ORIENTED_EDGE('',*,*,#1534,.T.);
#773=ORIENTED_EDGE('',*,*,#1535,.T.);
#774=ORIENTED_EDGE('',*,*,#1536,.T.);
#775=ORIENTED_EDGE('',*,*,#1537,.T.);
#776=ORIENTED_EDGE('',*,*,#1538,.T.);
#777=ORIENTED_EDGE('',*,*,#1539,.T.);
#778=ORIENTED_EDGE('',*,*,#1540,.T.);
#779=ORIENTED_EDGE('',*,*,#1541,.T.);
#780=ORIENTED_EDGE('',*,*,#1542,.T.);
#781=ORIENTED_EDGE('',*,*,#1543,.T.);
#782=ORIENTED_EDGE('',*,*,#1544,.T.);
#783=ORIENTED_EDGE('',*,*,#1545,.T.);
#784=ORIENTED_EDGE('',*,*,#1546,.T.);
#785=ORIENTED_EDGE('',*,*,#1547,.T.);
#786=ORIENTED_EDGE('',*,*,#1548,.T.);
#787=ORIENTED_EDGE('',*,*,#1549,.T.);
#788=ORIENTED_EDGE('',*,*,#1550,.T.);
#789=ORIENTED_EDGE('',*,*,#1551,.T.);
#790=ORIENTED_EDGE('',*,*,#1552,.T.);
#791=ORIENTED_EDGE('',*,*,#1553,.T.);
#792=ORIENTED_EDGE('',*,*,#1554,.T.);
#793=ORIENTED_EDGE('',*,*,#1555,.T.);
#794=ORIENTED_EDGE('',*,*,#1556,.T.);
#795=ORIENTED_EDGE('',*,*,#1557,.T.);
#796=ORIENTED_EDGE('',*,*,#1558,.T.);
#797=ORIENTED_EDGE('',*,*,#1559,.T.);
#798=ORIENTED_EDGE('',*,*,#1560,.T.);
#799=ORIENTED_EDGE('',*,*,#1561,.T.);
#800=ORIENTED_EDGE('',*,*,#1562,.T.);
#801=ORIENTED_EDGE('',*,*,#1563,.T.);
#802=ORIENTED_EDGE('',*,*,#1564,.T.);
#803=ORIENTED_EDGE('',*,*,#1565,.T.);
#804=ORIENTED_EDGE('',*,*,#1566,.T.);
#805=ORIENTED_EDGE('',*,*,#1567,.T.);
#806=ORIENTED_EDGE('',*,*,#1568,.T.);
#807=ORIENTED_EDGE('',*,*,#1569,.T.);
#808=ORIENTED_EDGE('',*,*,#1570,.T.);
#809=ORIENTED_EDGE('',*,*,#1571,.T.);
#810=ORIENTED_EDGE('',*,*,#1572,.T.);
#811=ORIENTED_EDGE('',*,*,#1573,.T.);
#812=ORIENTED_EDGE('',*,*,#1574,.T.);
#813=ORIENTED_EDGE('',*,*,#1575,.T.);
#814=ORIENTED_EDGE('',*,*,#1576,.T.);
#815=ORIENTED_EDGE('',*,*,#1577,.T.);
#816=ORIENTED_EDGE('',*,*,#1578,.T.);
#817=ORIENTED_EDGE('',*,*,#1579,.T.);
#818=ORIENTED_EDGE('',*,*,#1580,.T.);
#819=ORIENTED_EDGE('',*,*,#1581,.T.);
#820=ORIENTED_EDGE('',*,*,#1582,.T.);
#821=ORIENTED_EDGE('',*,*,#1583,.T.);
#822=ORIENTED_EDGE('',*,*,#1584,.T.);
#823=ORIENTED_EDGE('',*,*,#1585,.T.);
#824=ORIENTED_EDGE('',*,*,#1586,.T.);
#825=ORIENTED_EDGE('',*,*,#1587,.T.);
#826=ORIENTED_EDGE('',*,*,#1588,.T.);
#827=ORIENTED_EDGE('',*,*,#1589,.T.);
#828=ORIENTED_EDGE('',*,*,#1590,.T.);
#829=ORIENTED_EDGE('',*,*,#1591,.T.);
#830=ORIENTED_EDGE('',*,*,#1592,.T.);
#831=ORIENTED_EDGE('',*,*,#1593,.T.);
#832=ORIENTED_EDGE('',*,*,#1594,.T.);
#833=ORIENTED_EDGE('',*,*,#1595,.T.);
#834=ORIENTED_EDGE('',*,*,#1596,.T.);
#835=ORIENTED_EDGE('',*,*,#1597,.T.);
#836=ORIENTED_EDGE('',*,*,#1598,.T.);
#837=ORIENTED_EDGE('',*,*,#1599,.T.);
#838=ORIENTED_EDGE('',*,*,#1600,.T.);
#839=ORIENTED_EDGE('',*,*,#1601,.T.);
#840=ORIENTED_EDGE('',*,*,#1602,.T.);
#841=ORIENTED_EDGE('',*,*,#1603,.T.);
#842=ORIENTED_EDGE('',*,*,#1604,.T.);
#843=ORIENTED_EDGE('',*,*,#1605,.T.);
#844=ORIENTED_EDGE('',*,*,#1606,.T.);
#845=ORIENTED_EDGE('',*,*,#1607,.T.);
#846=ORIENTED_EDGE('',*,*,#1608,.T.);
#847=ORIENTED_EDGE('',*,*,#1609,.T.);
#848=ORIENTED_EDGE('',*,*,#1610,.T.);
#849=ORIENTED_EDGE('',*,*,#1611,.T.);
#850=ORIENTED_EDGE('',*,*,#1612,.T.);
#851=ORIENTED_EDGE('',*,*,#1613,.T.);
#852=ORIENTED_EDGE('',*,*,#1614,.T.);
#853=ORIENTED_EDGE('',*,*,#1615,.T.);
#854=ORIENTED_EDGE('',*,*,#1616,.F.);
#855=ORIENTED_EDGE('',*,*,#1545,.F.);
#856=ORIENTED_EDGE('',*,*,#1617,.T.);
#857=ORIENTED_EDGE('',*,*,#1519,.F.);
#858=ORIENTED_EDGE('',*,*,#1618,.T.);
#859=ORIENTED_EDGE('',*,*,#1527,.F.);
#860=ORIENTED_EDGE('',*,*,#1619,.T.);
#861=ORIENTED_EDGE('',*,*,#1581,.F.);
#862=ORIENTED_EDGE('',*,*,#1620,.T.);
#863=ORIENTED_EDGE('',*,*,#1573,.F.);
#864=ORIENTED_EDGE('',*,*,#1621,.T.);
#865=ORIENTED_EDGE('',*,*,#1569,.F.);
#866=ORIENTED_EDGE('',*,*,#1622,.T.);
#867=ORIENTED_EDGE('',*,*,#1555,.F.);
#868=ORIENTED_EDGE('',*,*,#1623,.T.);
#869=ORIENTED_EDGE('',*,*,#1563,.F.);
#870=ORIENTED_EDGE('',*,*,#1624,.T.);
#871=ORIENTED_EDGE('',*,*,#1595,.F.);
#872=ORIENTED_EDGE('',*,*,#1625,.T.);
#873=ORIENTED_EDGE('',*,*,#1605,.F.);
#874=ORIENTED_EDGE('',*,*,#1626,.T.);
#875=ORIENTED_EDGE('',*,*,#1583,.F.);
#876=ORIENTED_EDGE('',*,*,#1627,.T.);
#877=ORIENTED_EDGE('',*,*,#1587,.F.);
#878=ORIENTED_EDGE('',*,*,#1628,.T.);
#879=ORIENTED_EDGE('',*,*,#1601,.F.);
#880=ORIENTED_EDGE('',*,*,#1629,.T.);
#881=ORIENTED_EDGE('',*,*,#1593,.F.);
#882=ORIENTED_EDGE('',*,*,#1630,.T.);
#883=ORIENTED_EDGE('',*,*,#1561,.F.);
#884=ORIENTED_EDGE('',*,*,#1631,.T.);
#885=ORIENTED_EDGE('',*,*,#1551,.F.);
#886=ORIENTED_EDGE('',*,*,#1632,.T.);
#887=ORIENTED_EDGE('',*,*,#1613,.F.);
#888=ORIENTED_EDGE('',*,*,#1633,.T.);
#889=ORIENTED_EDGE('',*,*,#1577,.F.);
#890=ORIENTED_EDGE('',*,*,#1634,.T.);
#891=ORIENTED_EDGE('',*,*,#1533,.F.);
#892=ORIENTED_EDGE('',*,*,#1635,.T.);
#893=ORIENTED_EDGE('',*,*,#1523,.F.);
#894=ORIENTED_EDGE('',*,*,#1636,.T.);
#895=ORIENTED_EDGE('',*,*,#1549,.F.);
#896=ORIENTED_EDGE('',*,*,#1637,.T.);
#897=ORIENTED_EDGE('',*,*,#1539,.F.);
#898=ORIENTED_EDGE('',*,*,#1638,.T.);
#899=ORIENTED_EDGE('',*,*,#1609,.F.);
#900=ORIENTED_EDGE('',*,*,#1639,.T.);
#901=ORIENTED_EDGE('',*,*,#1535,.F.);
#902=ORIENTED_EDGE('',*,*,#1640,.T.);
#903=ORIENTED_EDGE('',*,*,#1641,.T.);
#904=ORIENTED_EDGE('',*,*,#1616,.T.);
#905=ORIENTED_EDGE('',*,*,#1642,.F.);
#906=ORIENTED_EDGE('',*,*,#1641,.F.);
#907=ORIENTED_EDGE('',*,*,#1642,.T.);
#908=ORIENTED_EDGE('',*,*,#1643,.T.);
#909=ORIENTED_EDGE('',*,*,#1643,.F.);
#910=ORIENTED_EDGE('',*,*,#1644,.F.);
#911=ORIENTED_EDGE('',*,*,#1543,.F.);
#912=ORIENTED_EDGE('',*,*,#1645,.F.);
#913=ORIENTED_EDGE('',*,*,#1537,.F.);
#914=ORIENTED_EDGE('',*,*,#1646,.F.);
#915=ORIENTED_EDGE('',*,*,#1607,.F.);
#916=ORIENTED_EDGE('',*,*,#1647,.F.);
#917=ORIENTED_EDGE('',*,*,#1541,.F.);
#918=ORIENTED_EDGE('',*,*,#1648,.F.);
#919=ORIENTED_EDGE('',*,*,#1547,.F.);
#920=ORIENTED_EDGE('',*,*,#1649,.F.);
#921=ORIENTED_EDGE('',*,*,#1525,.F.);
#922=ORIENTED_EDGE('',*,*,#1650,.F.);
#923=ORIENTED_EDGE('',*,*,#1531,.F.);
#924=ORIENTED_EDGE('',*,*,#1651,.F.);
#925=ORIENTED_EDGE('',*,*,#1575,.F.);
#926=ORIENTED_EDGE('',*,*,#1652,.F.);
#927=ORIENTED_EDGE('',*,*,#1611,.F.);
#928=ORIENTED_EDGE('',*,*,#1653,.F.);
#929=ORIENTED_EDGE('',*,*,#1553,.F.);
#930=ORIENTED_EDGE('',*,*,#1654,.F.);
#931=ORIENTED_EDGE('',*,*,#1559,.F.);
#932=ORIENTED_EDGE('',*,*,#1655,.F.);
#933=ORIENTED_EDGE('',*,*,#1591,.F.);
#934=ORIENTED_EDGE('',*,*,#1656,.F.);
#935=ORIENTED_EDGE('',*,*,#1599,.F.);
#936=ORIENTED_EDGE('',*,*,#1657,.F.);
#937=ORIENTED_EDGE('',*,*,#1589,.F.);
#938=ORIENTED_EDGE('',*,*,#1658,.F.);
#939=ORIENTED_EDGE('',*,*,#1585,.F.);
#940=ORIENTED_EDGE('',*,*,#1659,.F.);
#941=ORIENTED_EDGE('',*,*,#1603,.F.);
#942=ORIENTED_EDGE('',*,*,#1660,.F.);
#943=ORIENTED_EDGE('',*,*,#1597,.F.);
#944=ORIENTED_EDGE('',*,*,#1661,.F.);
#945=ORIENTED_EDGE('',*,*,#1565,.F.);
#946=ORIENTED_EDGE('',*,*,#1662,.F.);
#947=ORIENTED_EDGE('',*,*,#1557,.F.);
#948=ORIENTED_EDGE('',*,*,#1663,.F.);
#949=ORIENTED_EDGE('',*,*,#1567,.F.);
#950=ORIENTED_EDGE('',*,*,#1664,.F.);
#951=ORIENTED_EDGE('',*,*,#1571,.F.);
#952=ORIENTED_EDGE('',*,*,#1665,.F.);
#953=ORIENTED_EDGE('',*,*,#1579,.F.);
#954=ORIENTED_EDGE('',*,*,#1666,.F.);
#955=ORIENTED_EDGE('',*,*,#1529,.F.);
#956=ORIENTED_EDGE('',*,*,#1667,.F.);
#957=ORIENTED_EDGE('',*,*,#1521,.F.);
#958=ORIENTED_EDGE('',*,*,#1615,.F.);
#959=ORIENTED_EDGE('',*,*,#1554,.F.);
#960=ORIENTED_EDGE('',*,*,#1653,.T.);
#961=ORIENTED_EDGE('',*,*,#1614,.F.);
#962=ORIENTED_EDGE('',*,*,#1632,.F.);
#963=ORIENTED_EDGE('',*,*,#1542,.F.);
#964=ORIENTED_EDGE('',*,*,#1647,.T.);
#965=ORIENTED_EDGE('',*,*,#1610,.F.);
#966=ORIENTED_EDGE('',*,*,#1638,.F.);
#967=ORIENTED_EDGE('',*,*,#1598,.F.);
#968=ORIENTED_EDGE('',*,*,#1660,.T.);
#969=ORIENTED_EDGE('',*,*,#1606,.F.);
#970=ORIENTED_EDGE('',*,*,#1625,.F.);
#971=ORIENTED_EDGE('',*,*,#1590,.F.);
#972=ORIENTED_EDGE('',*,*,#1657,.T.);
#973=ORIENTED_EDGE('',*,*,#1602,.F.);
#974=ORIENTED_EDGE('',*,*,#1628,.F.);
#975=ORIENTED_EDGE('',*,*,#1566,.F.);
#976=ORIENTED_EDGE('',*,*,#1661,.T.);
#977=ORIENTED_EDGE('',*,*,#1596,.F.);
#978=ORIENTED_EDGE('',*,*,#1624,.F.);
#979=ORIENTED_EDGE('',*,*,#1600,.F.);
#980=ORIENTED_EDGE('',*,*,#1656,.T.);
#981=ORIENTED_EDGE('',*,*,#1594,.F.);
#982=ORIENTED_EDGE('',*,*,#1629,.F.);
#983=ORIENTED_EDGE('',*,*,#1586,.F.);
#984=ORIENTED_EDGE('',*,*,#1658,.T.);
#985=ORIENTED_EDGE('',*,*,#1588,.F.);
#986=ORIENTED_EDGE('',*,*,#1627,.F.);
#987=ORIENTED_EDGE('',*,*,#1604,.F.);
#988=ORIENTED_EDGE('',*,*,#1659,.T.);
#989=ORIENTED_EDGE('',*,*,#1584,.F.);
#990=ORIENTED_EDGE('',*,*,#1626,.F.);
#991=ORIENTED_EDGE('',*,*,#1530,.F.);
#992=ORIENTED_EDGE('',*,*,#1666,.T.);
#993=ORIENTED_EDGE('',*,*,#1582,.F.);
#994=ORIENTED_EDGE('',*,*,#1619,.F.);
#995=ORIENTED_EDGE('',*,*,#1612,.F.);
#996=ORIENTED_EDGE('',*,*,#1652,.T.);
#997=ORIENTED_EDGE('',*,*,#1578,.F.);
#998=ORIENTED_EDGE('',*,*,#1633,.F.);
#999=ORIENTED_EDGE('',*,*,#1580,.F.);
#1000=ORIENTED_EDGE('',*,*,#1665,.T.);
#1001=ORIENTED_EDGE('',*,*,#1574,.F.);
#1002=ORIENTED_EDGE('',*,*,#1620,.F.);
#1003=ORIENTED_EDGE('',*,*,#1572,.F.);
#1004=ORIENTED_EDGE('',*,*,#1664,.T.);
#1005=ORIENTED_EDGE('',*,*,#1570,.F.);
#1006=ORIENTED_EDGE('',*,*,#1621,.F.);
#1007=ORIENTED_EDGE('',*,*,#1558,.F.);
#1008=ORIENTED_EDGE('',*,*,#1662,.T.);
#1009=ORIENTED_EDGE('',*,*,#1564,.F.);
#1010=ORIENTED_EDGE('',*,*,#1623,.F.);
#1011=ORIENTED_EDGE('',*,*,#1592,.F.);
#1012=ORIENTED_EDGE('',*,*,#1655,.T.);
#1013=ORIENTED_EDGE('',*,*,#1562,.F.);
#1014=ORIENTED_EDGE('',*,*,#1630,.F.);
#1015=ORIENTED_EDGE('',*,*,#1568,.F.);
#1016=ORIENTED_EDGE('',*,*,#1663,.T.);
#1017=ORIENTED_EDGE('',*,*,#1556,.F.);
#1018=ORIENTED_EDGE('',*,*,#1622,.F.);
#1019=ORIENTED_EDGE('',*,*,#1560,.F.);
#1020=ORIENTED_EDGE('',*,*,#1654,.T.);
#1021=ORIENTED_EDGE('',*,*,#1552,.F.);
#1022=ORIENTED_EDGE('',*,*,#1631,.F.);
#1023=ORIENTED_EDGE('',*,*,#1526,.F.);
#1024=ORIENTED_EDGE('',*,*,#1649,.T.);
#1025=ORIENTED_EDGE('',*,*,#1550,.F.);
#1026=ORIENTED_EDGE('',*,*,#1636,.F.);
#1027=ORIENTED_EDGE('',*,*,#1538,.F.);
#1028=ORIENTED_EDGE('',*,*,#1645,.T.);
#1029=ORIENTED_EDGE('',*,*,#1546,.F.);
#1030=ORIENTED_EDGE('',*,*,#1640,.F.);
#1031=ORIENTED_EDGE('',*,*,#1548,.F.);
#1032=ORIENTED_EDGE('',*,*,#1648,.T.);
#1033=ORIENTED_EDGE('',*,*,#1540,.F.);
#1034=ORIENTED_EDGE('',*,*,#1637,.F.);
#1035=ORIENTED_EDGE('',*,*,#1608,.F.);
#1036=ORIENTED_EDGE('',*,*,#1646,.T.);
#1037=ORIENTED_EDGE('',*,*,#1536,.F.);
#1038=ORIENTED_EDGE('',*,*,#1639,.F.);
#1039=ORIENTED_EDGE('',*,*,#1576,.F.);
#1040=ORIENTED_EDGE('',*,*,#1651,.T.);
#1041=ORIENTED_EDGE('',*,*,#1534,.F.);
#1042=ORIENTED_EDGE('',*,*,#1634,.F.);
#1043=ORIENTED_EDGE('',*,*,#1522,.F.);
#1044=ORIENTED_EDGE('',*,*,#1667,.T.);
#1045=ORIENTED_EDGE('',*,*,#1528,.F.);
#1046=ORIENTED_EDGE('',*,*,#1618,.F.);
#1047=ORIENTED_EDGE('',*,*,#1532,.F.);
#1048=ORIENTED_EDGE('',*,*,#1650,.T.);
#1049=ORIENTED_EDGE('',*,*,#1524,.F.);
#1050=ORIENTED_EDGE('',*,*,#1635,.F.);
#1051=ORIENTED_EDGE('',*,*,#1544,.F.);
#1052=ORIENTED_EDGE('',*,*,#1644,.T.);
#1053=ORIENTED_EDGE('',*,*,#1520,.F.);
#1054=ORIENTED_EDGE('',*,*,#1617,.F.);
#1055=ORIENTED_EDGE('',*,*,#1668,.F.);
#1056=ORIENTED_EDGE('',*,*,#1669,.F.);
#1057=ORIENTED_EDGE('',*,*,#1670,.F.);
#1058=ORIENTED_EDGE('',*,*,#1671,.F.);
#1059=ORIENTED_EDGE('',*,*,#1672,.F.);
#1060=ORIENTED_EDGE('',*,*,#1669,.T.);
#1061=ORIENTED_EDGE('',*,*,#1673,.F.);
#1062=ORIENTED_EDGE('',*,*,#1674,.F.);
#1063=ORIENTED_EDGE('',*,*,#1672,.T.);
#1064=ORIENTED_EDGE('',*,*,#1674,.T.);
#1065=ORIENTED_EDGE('',*,*,#1675,.F.);
#1066=ORIENTED_EDGE('',*,*,#1676,.F.);
#1067=ORIENTED_EDGE('',*,*,#1677,.F.);
#1068=ORIENTED_EDGE('',*,*,#1678,.F.);
#1069=ORIENTED_EDGE('',*,*,#1675,.T.);
#1070=ORIENTED_EDGE('',*,*,#1678,.T.);
#1071=ORIENTED_EDGE('',*,*,#1679,.F.);
#1072=ORIENTED_EDGE('',*,*,#1680,.F.);
#1073=ORIENTED_EDGE('',*,*,#1679,.T.);
#1074=ORIENTED_EDGE('',*,*,#1681,.F.);
#1075=ORIENTED_EDGE('',*,*,#1682,.F.);
#1076=ORIENTED_EDGE('',*,*,#1683,.F.);
#1077=ORIENTED_EDGE('',*,*,#1684,.F.);
#1078=ORIENTED_EDGE('',*,*,#1681,.T.);
#1079=ORIENTED_EDGE('',*,*,#1684,.T.);
#1080=ORIENTED_EDGE('',*,*,#1685,.F.);
#1081=ORIENTED_EDGE('',*,*,#1686,.F.);
#1082=ORIENTED_EDGE('',*,*,#1687,.F.);
#1083=ORIENTED_EDGE('',*,*,#1688,.F.);
#1084=ORIENTED_EDGE('',*,*,#1685,.T.);
#1085=ORIENTED_EDGE('',*,*,#1688,.T.);
#1086=ORIENTED_EDGE('',*,*,#1689,.F.);
#1087=ORIENTED_EDGE('',*,*,#1690,.F.);
#1088=ORIENTED_EDGE('',*,*,#1691,.F.);
#1089=ORIENTED_EDGE('',*,*,#1692,.F.);
#1090=ORIENTED_EDGE('',*,*,#1689,.T.);
#1091=ORIENTED_EDGE('',*,*,#1693,.F.);
#1092=ORIENTED_EDGE('',*,*,#1694,.F.);
#1093=ORIENTED_EDGE('',*,*,#1692,.T.);
#1094=ORIENTED_EDGE('',*,*,#1694,.T.);
#1095=ORIENTED_EDGE('',*,*,#1695,.F.);
#1096=ORIENTED_EDGE('',*,*,#1696,.F.);
#1097=ORIENTED_EDGE('',*,*,#1695,.T.);
#1098=ORIENTED_EDGE('',*,*,#1697,.F.);
#1099=ORIENTED_EDGE('',*,*,#1698,.F.);
#1100=ORIENTED_EDGE('',*,*,#1699,.F.);
#1101=ORIENTED_EDGE('',*,*,#1700,.F.);
#1102=ORIENTED_EDGE('',*,*,#1697,.T.);
#1103=ORIENTED_EDGE('',*,*,#1701,.F.);
#1104=ORIENTED_EDGE('',*,*,#1702,.F.);
#1105=ORIENTED_EDGE('',*,*,#1700,.T.);
#1106=ORIENTED_EDGE('',*,*,#1702,.T.);
#1107=ORIENTED_EDGE('',*,*,#1703,.F.);
#1108=ORIENTED_EDGE('',*,*,#1704,.F.);
#1109=ORIENTED_EDGE('',*,*,#1705,.F.);
#1110=ORIENTED_EDGE('',*,*,#1706,.F.);
#1111=ORIENTED_EDGE('',*,*,#1703,.T.);
#1112=ORIENTED_EDGE('',*,*,#1706,.T.);
#1113=ORIENTED_EDGE('',*,*,#1707,.F.);
#1114=ORIENTED_EDGE('',*,*,#1708,.F.);
#1115=ORIENTED_EDGE('',*,*,#1707,.T.);
#1116=ORIENTED_EDGE('',*,*,#1709,.F.);
#1117=ORIENTED_EDGE('',*,*,#1710,.F.);
#1118=ORIENTED_EDGE('',*,*,#1711,.F.);
#1119=ORIENTED_EDGE('',*,*,#1712,.F.);
#1120=ORIENTED_EDGE('',*,*,#1709,.T.);
#1121=ORIENTED_EDGE('',*,*,#1713,.F.);
#1122=ORIENTED_EDGE('',*,*,#1714,.F.);
#1123=ORIENTED_EDGE('',*,*,#1712,.T.);
#1124=ORIENTED_EDGE('',*,*,#1714,.T.);
#1125=ORIENTED_EDGE('',*,*,#1715,.F.);
#1126=ORIENTED_EDGE('',*,*,#1716,.F.);
#1127=ORIENTED_EDGE('',*,*,#1715,.T.);
#1128=ORIENTED_EDGE('',*,*,#1717,.F.);
#1129=ORIENTED_EDGE('',*,*,#1718,.F.);
#1130=ORIENTED_EDGE('',*,*,#1719,.F.);
#1131=ORIENTED_EDGE('',*,*,#1720,.F.);
#1132=ORIENTED_EDGE('',*,*,#1717,.T.);
#1133=ORIENTED_EDGE('',*,*,#1720,.T.);
#1134=ORIENTED_EDGE('',*,*,#1721,.F.);
#1135=ORIENTED_EDGE('',*,*,#1722,.F.);
#1136=ORIENTED_EDGE('',*,*,#1723,.F.);
#1137=ORIENTED_EDGE('',*,*,#1724,.F.);
#1138=ORIENTED_EDGE('',*,*,#1721,.T.);
#1139=ORIENTED_EDGE('',*,*,#1724,.T.);
#1140=ORIENTED_EDGE('',*,*,#1725,.F.);
#1141=ORIENTED_EDGE('',*,*,#1726,.F.);
#1142=ORIENTED_EDGE('',*,*,#1727,.F.);
#1143=ORIENTED_EDGE('',*,*,#1728,.F.);
#1144=ORIENTED_EDGE('',*,*,#1725,.T.);
#1145=ORIENTED_EDGE('',*,*,#1728,.T.);
#1146=ORIENTED_EDGE('',*,*,#1729,.F.);
#1147=ORIENTED_EDGE('',*,*,#1730,.F.);
#1148=ORIENTED_EDGE('',*,*,#1731,.F.);
#1149=ORIENTED_EDGE('',*,*,#1732,.F.);
#1150=ORIENTED_EDGE('',*,*,#1729,.T.);
#1151=ORIENTED_EDGE('',*,*,#1732,.T.);
#1152=ORIENTED_EDGE('',*,*,#1733,.F.);
#1153=ORIENTED_EDGE('',*,*,#1734,.F.);
#1154=ORIENTED_EDGE('',*,*,#1735,.F.);
#1155=ORIENTED_EDGE('',*,*,#1736,.F.);
#1156=ORIENTED_EDGE('',*,*,#1733,.T.);
#1157=ORIENTED_EDGE('',*,*,#1736,.T.);
#1158=ORIENTED_EDGE('',*,*,#1737,.F.);
#1159=ORIENTED_EDGE('',*,*,#1738,.F.);
#1160=ORIENTED_EDGE('',*,*,#1739,.F.);
#1161=ORIENTED_EDGE('',*,*,#1740,.F.);
#1162=ORIENTED_EDGE('',*,*,#1737,.T.);
#1163=ORIENTED_EDGE('',*,*,#1740,.T.);
#1164=ORIENTED_EDGE('',*,*,#1741,.F.);
#1165=ORIENTED_EDGE('',*,*,#1742,.F.);
#1166=ORIENTED_EDGE('',*,*,#1743,.F.);
#1167=ORIENTED_EDGE('',*,*,#1744,.F.);
#1168=ORIENTED_EDGE('',*,*,#1741,.T.);
#1169=ORIENTED_EDGE('',*,*,#1668,.T.);
#1170=ORIENTED_EDGE('',*,*,#1745,.F.);
#1171=ORIENTED_EDGE('',*,*,#1746,.F.);
#1172=ORIENTED_EDGE('',*,*,#1747,.F.);
#1173=ORIENTED_EDGE('',*,*,#1748,.F.);
#1174=ORIENTED_EDGE('',*,*,#1749,.F.);
#1175=ORIENTED_EDGE('',*,*,#1744,.T.);
#1176=ORIENTED_EDGE('',*,*,#1750,.F.);
#1177=ORIENTED_EDGE('',*,*,#1751,.F.);
#1178=ORIENTED_EDGE('',*,*,#1752,.F.);
#1179=ORIENTED_EDGE('',*,*,#1748,.T.);
#1180=ORIENTED_EDGE('',*,*,#1753,.F.);
#1181=ORIENTED_EDGE('',*,*,#1754,.F.);
#1182=ORIENTED_EDGE('',*,*,#1755,.F.);
#1183=ORIENTED_EDGE('',*,*,#1756,.F.);
#1184=ORIENTED_EDGE('',*,*,#1757,.F.);
#1185=ORIENTED_EDGE('',*,*,#1758,.F.);
#1186=ORIENTED_EDGE('',*,*,#1755,.T.);
#1187=ORIENTED_EDGE('',*,*,#1746,.T.);
#1188=ORIENTED_EDGE('',*,*,#1759,.F.);
#1189=ORIENTED_EDGE('',*,*,#1757,.T.);
#1190=ORIENTED_EDGE('',*,*,#1760,.F.);
#1191=ORIENTED_EDGE('',*,*,#1761,.F.);
#1192=ORIENTED_EDGE('',*,*,#1762,.F.);
#1193=ORIENTED_EDGE('',*,*,#1751,.T.);
#1194=ORIENTED_EDGE('',*,*,#1763,.F.);
#1195=ORIENTED_EDGE('',*,*,#1764,.F.);
#1196=ORIENTED_EDGE('',*,*,#1765,.F.);
#1197=ORIENTED_EDGE('',*,*,#1761,.T.);
#1198=ORIENTED_EDGE('',*,*,#1766,.F.);
#1199=ORIENTED_EDGE('',*,*,#1767,.F.);
#1200=ORIENTED_EDGE('',*,*,#1768,.F.);
#1201=ORIENTED_EDGE('',*,*,#1764,.T.);
#1202=ORIENTED_EDGE('',*,*,#1769,.F.);
#1203=ORIENTED_EDGE('',*,*,#1770,.F.);
#1204=ORIENTED_EDGE('',*,*,#1768,.T.);
#1205=ORIENTED_EDGE('',*,*,#1771,.F.);
#1206=ORIENTED_EDGE('',*,*,#1772,.F.);
#1207=ORIENTED_EDGE('',*,*,#1769,.T.);
#1208=ORIENTED_EDGE('',*,*,#1772,.T.);
#1209=ORIENTED_EDGE('',*,*,#1773,.F.);
#1210=ORIENTED_EDGE('',*,*,#1774,.F.);
#1211=ORIENTED_EDGE('',*,*,#1773,.T.);
#1212=ORIENTED_EDGE('',*,*,#1775,.F.);
#1213=ORIENTED_EDGE('',*,*,#1776,.F.);
#1214=ORIENTED_EDGE('',*,*,#1777,.F.);
#1215=ORIENTED_EDGE('',*,*,#1778,.F.);
#1216=ORIENTED_EDGE('',*,*,#1775,.T.);
#1217=ORIENTED_EDGE('',*,*,#1778,.T.);
#1218=ORIENTED_EDGE('',*,*,#1779,.F.);
#1219=ORIENTED_EDGE('',*,*,#1780,.F.);
#1220=ORIENTED_EDGE('',*,*,#1781,.F.);
#1221=ORIENTED_EDGE('',*,*,#1782,.F.);
#1222=ORIENTED_EDGE('',*,*,#1779,.T.);
#1223=ORIENTED_EDGE('',*,*,#1782,.T.);
#1224=ORIENTED_EDGE('',*,*,#1783,.F.);
#1225=ORIENTED_EDGE('',*,*,#1784,.F.);
#1226=ORIENTED_EDGE('',*,*,#1785,.F.);
#1227=ORIENTED_EDGE('',*,*,#1786,.F.);
#1228=ORIENTED_EDGE('',*,*,#1783,.T.);
#1229=ORIENTED_EDGE('',*,*,#1786,.T.);
#1230=ORIENTED_EDGE('',*,*,#1787,.F.);
#1231=ORIENTED_EDGE('',*,*,#1788,.F.);
#1232=ORIENTED_EDGE('',*,*,#1789,.F.);
#1233=ORIENTED_EDGE('',*,*,#1790,.F.);
#1234=ORIENTED_EDGE('',*,*,#1787,.T.);
#1235=ORIENTED_EDGE('',*,*,#1791,.F.);
#1236=ORIENTED_EDGE('',*,*,#1792,.F.);
#1237=ORIENTED_EDGE('',*,*,#1790,.T.);
#1238=ORIENTED_EDGE('',*,*,#1792,.T.);
#1239=ORIENTED_EDGE('',*,*,#1793,.F.);
#1240=ORIENTED_EDGE('',*,*,#1794,.F.);
#1241=ORIENTED_EDGE('',*,*,#1793,.T.);
#1242=ORIENTED_EDGE('',*,*,#1795,.F.);
#1243=ORIENTED_EDGE('',*,*,#1796,.F.);
#1244=ORIENTED_EDGE('',*,*,#1797,.F.);
#1245=ORIENTED_EDGE('',*,*,#1798,.F.);
#1246=ORIENTED_EDGE('',*,*,#1795,.T.);
#1247=ORIENTED_EDGE('',*,*,#1798,.T.);
#1248=ORIENTED_EDGE('',*,*,#1799,.F.);
#1249=ORIENTED_EDGE('',*,*,#1800,.F.);
#1250=ORIENTED_EDGE('',*,*,#1801,.F.);
#1251=ORIENTED_EDGE('',*,*,#1802,.F.);
#1252=ORIENTED_EDGE('',*,*,#1799,.T.);
#1253=ORIENTED_EDGE('',*,*,#1802,.T.);
#1254=ORIENTED_EDGE('',*,*,#1803,.F.);
#1255=ORIENTED_EDGE('',*,*,#1804,.F.);
#1256=ORIENTED_EDGE('',*,*,#1805,.F.);
#1257=ORIENTED_EDGE('',*,*,#1806,.F.);
#1258=ORIENTED_EDGE('',*,*,#1803,.T.);
#1259=ORIENTED_EDGE('',*,*,#1806,.T.);
#1260=ORIENTED_EDGE('',*,*,#1807,.F.);
#1261=ORIENTED_EDGE('',*,*,#1808,.F.);
#1262=ORIENTED_EDGE('',*,*,#1809,.F.);
#1263=ORIENTED_EDGE('',*,*,#1810,.F.);
#1264=ORIENTED_EDGE('',*,*,#1807,.T.);
#1265=ORIENTED_EDGE('',*,*,#1810,.T.);
#1266=ORIENTED_EDGE('',*,*,#1811,.F.);
#1267=ORIENTED_EDGE('',*,*,#1812,.F.);
#1268=ORIENTED_EDGE('',*,*,#1813,.F.);
#1269=ORIENTED_EDGE('',*,*,#1814,.F.);
#1270=ORIENTED_EDGE('',*,*,#1811,.T.);
#1271=ORIENTED_EDGE('',*,*,#1814,.T.);
#1272=ORIENTED_EDGE('',*,*,#1815,.F.);
#1273=ORIENTED_EDGE('',*,*,#1816,.F.);
#1274=ORIENTED_EDGE('',*,*,#1817,.F.);
#1275=ORIENTED_EDGE('',*,*,#1818,.F.);
#1276=ORIENTED_EDGE('',*,*,#1815,.T.);
#1277=ORIENTED_EDGE('',*,*,#1818,.T.);
#1278=ORIENTED_EDGE('',*,*,#1819,.F.);
#1279=ORIENTED_EDGE('',*,*,#1820,.F.);
#1280=ORIENTED_EDGE('',*,*,#1821,.F.);
#1281=ORIENTED_EDGE('',*,*,#1822,.F.);
#1282=ORIENTED_EDGE('',*,*,#1819,.T.);
#1283=ORIENTED_EDGE('',*,*,#1822,.T.);
#1284=ORIENTED_EDGE('',*,*,#1823,.F.);
#1285=ORIENTED_EDGE('',*,*,#1824,.F.);
#1286=ORIENTED_EDGE('',*,*,#1825,.F.);
#1287=ORIENTED_EDGE('',*,*,#1826,.F.);
#1288=ORIENTED_EDGE('',*,*,#1823,.T.);
#1289=ORIENTED_EDGE('',*,*,#1826,.T.);
#1290=ORIENTED_EDGE('',*,*,#1827,.F.);
#1291=ORIENTED_EDGE('',*,*,#1828,.F.);
#1292=ORIENTED_EDGE('',*,*,#1829,.F.);
#1293=ORIENTED_EDGE('',*,*,#1830,.F.);
#1294=ORIENTED_EDGE('',*,*,#1827,.T.);
#1295=ORIENTED_EDGE('',*,*,#1830,.T.);
#1296=ORIENTED_EDGE('',*,*,#1831,.F.);
#1297=ORIENTED_EDGE('',*,*,#1832,.F.);
#1298=ORIENTED_EDGE('',*,*,#1833,.F.);
#1299=ORIENTED_EDGE('',*,*,#1834,.F.);
#1300=ORIENTED_EDGE('',*,*,#1831,.T.);
#1301=ORIENTED_EDGE('',*,*,#1834,.T.);
#1302=ORIENTED_EDGE('',*,*,#1835,.F.);
#1303=ORIENTED_EDGE('',*,*,#1836,.F.);
#1304=ORIENTED_EDGE('',*,*,#1837,.F.);
#1305=ORIENTED_EDGE('',*,*,#1838,.F.);
#1306=ORIENTED_EDGE('',*,*,#1835,.T.);
#1307=ORIENTED_EDGE('',*,*,#1838,.T.);
#1308=ORIENTED_EDGE('',*,*,#1839,.F.);
#1309=ORIENTED_EDGE('',*,*,#1840,.F.);
#1310=ORIENTED_EDGE('',*,*,#1841,.F.);
#1311=ORIENTED_EDGE('',*,*,#1842,.F.);
#1312=ORIENTED_EDGE('',*,*,#1839,.T.);
#1313=ORIENTED_EDGE('',*,*,#1842,.T.);
#1314=ORIENTED_EDGE('',*,*,#1843,.F.);
#1315=ORIENTED_EDGE('',*,*,#1844,.F.);
#1316=ORIENTED_EDGE('',*,*,#1845,.F.);
#1317=ORIENTED_EDGE('',*,*,#1846,.F.);
#1318=ORIENTED_EDGE('',*,*,#1843,.T.);
#1319=ORIENTED_EDGE('',*,*,#1846,.T.);
#1320=ORIENTED_EDGE('',*,*,#1847,.F.);
#1321=ORIENTED_EDGE('',*,*,#1848,.F.);
#1322=ORIENTED_EDGE('',*,*,#1849,.F.);
#1323=ORIENTED_EDGE('',*,*,#1850,.F.);
#1324=ORIENTED_EDGE('',*,*,#1847,.T.);
#1325=ORIENTED_EDGE('',*,*,#1850,.T.);
#1326=ORIENTED_EDGE('',*,*,#1851,.F.);
#1327=ORIENTED_EDGE('',*,*,#1852,.F.);
#1328=ORIENTED_EDGE('',*,*,#1853,.F.);
#1329=ORIENTED_EDGE('',*,*,#1854,.F.);
#1330=ORIENTED_EDGE('',*,*,#1851,.T.);
#1331=ORIENTED_EDGE('',*,*,#1854,.T.);
#1332=ORIENTED_EDGE('',*,*,#1855,.F.);
#1333=ORIENTED_EDGE('',*,*,#1856,.F.);
#1334=ORIENTED_EDGE('',*,*,#1857,.F.);
#1335=ORIENTED_EDGE('',*,*,#1858,.F.);
#1336=ORIENTED_EDGE('',*,*,#1855,.T.);
#1337=ORIENTED_EDGE('',*,*,#1858,.T.);
#1338=ORIENTED_EDGE('',*,*,#1859,.F.);
#1339=ORIENTED_EDGE('',*,*,#1860,.F.);
#1340=ORIENTED_EDGE('',*,*,#1861,.F.);
#1341=ORIENTED_EDGE('',*,*,#1862,.F.);
#1342=ORIENTED_EDGE('',*,*,#1859,.T.);
#1343=ORIENTED_EDGE('',*,*,#1862,.T.);
#1344=ORIENTED_EDGE('',*,*,#1863,.F.);
#1345=ORIENTED_EDGE('',*,*,#1864,.F.);
#1346=ORIENTED_EDGE('',*,*,#1865,.F.);
#1347=ORIENTED_EDGE('',*,*,#1866,.F.);
#1348=ORIENTED_EDGE('',*,*,#1863,.T.);
#1349=ORIENTED_EDGE('',*,*,#1867,.F.);
#1350=ORIENTED_EDGE('',*,*,#1868,.F.);
#1351=ORIENTED_EDGE('',*,*,#1866,.T.);
#1352=ORIENTED_EDGE('',*,*,#1868,.T.);
#1353=ORIENTED_EDGE('',*,*,#1869,.F.);
#1354=ORIENTED_EDGE('',*,*,#1870,.F.);
#1355=ORIENTED_EDGE('',*,*,#1869,.T.);
#1356=ORIENTED_EDGE('',*,*,#1871,.F.);
#1357=ORIENTED_EDGE('',*,*,#1872,.F.);
#1358=ORIENTED_EDGE('',*,*,#1873,.F.);
#1359=ORIENTED_EDGE('',*,*,#1874,.F.);
#1360=ORIENTED_EDGE('',*,*,#1871,.T.);
#1361=ORIENTED_EDGE('',*,*,#1874,.T.);
#1362=ORIENTED_EDGE('',*,*,#1875,.F.);
#1363=ORIENTED_EDGE('',*,*,#1876,.F.);
#1364=ORIENTED_EDGE('',*,*,#1877,.F.);
#1365=ORIENTED_EDGE('',*,*,#1878,.F.);
#1366=ORIENTED_EDGE('',*,*,#1875,.T.);
#1367=ORIENTED_EDGE('',*,*,#1878,.T.);
#1368=ORIENTED_EDGE('',*,*,#1879,.F.);
#1369=ORIENTED_EDGE('',*,*,#1880,.F.);
#1370=ORIENTED_EDGE('',*,*,#1881,.F.);
#1371=ORIENTED_EDGE('',*,*,#1882,.F.);
#1372=ORIENTED_EDGE('',*,*,#1879,.T.);
#1373=ORIENTED_EDGE('',*,*,#1882,.T.);
#1374=ORIENTED_EDGE('',*,*,#1883,.F.);
#1375=ORIENTED_EDGE('',*,*,#1884,.F.);
#1376=ORIENTED_EDGE('',*,*,#1885,.F.);
#1377=ORIENTED_EDGE('',*,*,#1886,.F.);
#1378=ORIENTED_EDGE('',*,*,#1883,.T.);
#1379=ORIENTED_EDGE('',*,*,#1886,.T.);
#1380=ORIENTED_EDGE('',*,*,#1887,.F.);
#1381=ORIENTED_EDGE('',*,*,#1888,.F.);
#1382=ORIENTED_EDGE('',*,*,#1889,.F.);
#1383=ORIENTED_EDGE('',*,*,#1890,.F.);
#1384=ORIENTED_EDGE('',*,*,#1887,.T.);
#1385=ORIENTED_EDGE('',*,*,#1890,.T.);
#1386=ORIENTED_EDGE('',*,*,#1891,.F.);
#1387=ORIENTED_EDGE('',*,*,#1892,.F.);
#1388=ORIENTED_EDGE('',*,*,#1893,.F.);
#1389=ORIENTED_EDGE('',*,*,#1894,.F.);
#1390=ORIENTED_EDGE('',*,*,#1891,.T.);
#1391=ORIENTED_EDGE('',*,*,#1895,.F.);
#1392=ORIENTED_EDGE('',*,*,#1896,.F.);
#1393=ORIENTED_EDGE('',*,*,#1894,.T.);
#1394=ORIENTED_EDGE('',*,*,#1897,.F.);
#1395=ORIENTED_EDGE('',*,*,#1898,.F.);
#1396=ORIENTED_EDGE('',*,*,#1895,.T.);
#1397=ORIENTED_EDGE('',*,*,#1756,.T.);
#1398=ORIENTED_EDGE('',*,*,#1899,.F.);
#1399=ORIENTED_EDGE('',*,*,#1898,.T.);
#1400=ORIENTED_EDGE('',*,*,#1749,.T.);
#1401=ORIENTED_EDGE('',*,*,#1752,.T.);
#1402=ORIENTED_EDGE('',*,*,#1762,.T.);
#1403=ORIENTED_EDGE('',*,*,#1765,.T.);
#1404=ORIENTED_EDGE('',*,*,#1770,.T.);
#1405=ORIENTED_EDGE('',*,*,#1774,.T.);
#1406=ORIENTED_EDGE('',*,*,#1776,.T.);
#1407=ORIENTED_EDGE('',*,*,#1780,.T.);
#1408=ORIENTED_EDGE('',*,*,#1784,.T.);
#1409=ORIENTED_EDGE('',*,*,#1788,.T.);
#1410=ORIENTED_EDGE('',*,*,#1794,.T.);
#1411=ORIENTED_EDGE('',*,*,#1796,.T.);
#1412=ORIENTED_EDGE('',*,*,#1800,.T.);
#1413=ORIENTED_EDGE('',*,*,#1804,.T.);
#1414=ORIENTED_EDGE('',*,*,#1808,.T.);
#1415=ORIENTED_EDGE('',*,*,#1812,.T.);
#1416=ORIENTED_EDGE('',*,*,#1816,.T.);
#1417=ORIENTED_EDGE('',*,*,#1820,.T.);
#1418=ORIENTED_EDGE('',*,*,#1824,.T.);
#1419=ORIENTED_EDGE('',*,*,#1828,.T.);
#1420=ORIENTED_EDGE('',*,*,#1832,.T.);
#1421=ORIENTED_EDGE('',*,*,#1836,.T.);
#1422=ORIENTED_EDGE('',*,*,#1840,.T.);
#1423=ORIENTED_EDGE('',*,*,#1844,.T.);
#1424=ORIENTED_EDGE('',*,*,#1848,.T.);
#1425=ORIENTED_EDGE('',*,*,#1852,.T.);
#1426=ORIENTED_EDGE('',*,*,#1856,.T.);
#1427=ORIENTED_EDGE('',*,*,#1860,.T.);
#1428=ORIENTED_EDGE('',*,*,#1864,.T.);
#1429=ORIENTED_EDGE('',*,*,#1870,.T.);
#1430=ORIENTED_EDGE('',*,*,#1872,.T.);
#1431=ORIENTED_EDGE('',*,*,#1876,.T.);
#1432=ORIENTED_EDGE('',*,*,#1880,.T.);
#1433=ORIENTED_EDGE('',*,*,#1884,.T.);
#1434=ORIENTED_EDGE('',*,*,#1888,.T.);
#1435=ORIENTED_EDGE('',*,*,#1892,.T.);
#1436=ORIENTED_EDGE('',*,*,#1896,.T.);
#1437=ORIENTED_EDGE('',*,*,#1899,.T.);
#1438=ORIENTED_EDGE('',*,*,#1758,.T.);
#1439=ORIENTED_EDGE('',*,*,#1759,.T.);
#1440=ORIENTED_EDGE('',*,*,#1745,.T.);
#1441=ORIENTED_EDGE('',*,*,#1670,.T.);
#1442=ORIENTED_EDGE('',*,*,#1676,.T.);
#1443=ORIENTED_EDGE('',*,*,#1680,.T.);
#1444=ORIENTED_EDGE('',*,*,#1682,.T.);
#1445=ORIENTED_EDGE('',*,*,#1686,.T.);
#1446=ORIENTED_EDGE('',*,*,#1690,.T.);
#1447=ORIENTED_EDGE('',*,*,#1696,.T.);
#1448=ORIENTED_EDGE('',*,*,#1698,.T.);
#1449=ORIENTED_EDGE('',*,*,#1704,.T.);
#1450=ORIENTED_EDGE('',*,*,#1708,.T.);
#1451=ORIENTED_EDGE('',*,*,#1710,.T.);
#1452=ORIENTED_EDGE('',*,*,#1716,.T.);
#1453=ORIENTED_EDGE('',*,*,#1718,.T.);
#1454=ORIENTED_EDGE('',*,*,#1722,.T.);
#1455=ORIENTED_EDGE('',*,*,#1726,.T.);
#1456=ORIENTED_EDGE('',*,*,#1730,.T.);
#1457=ORIENTED_EDGE('',*,*,#1734,.T.);
#1458=ORIENTED_EDGE('',*,*,#1738,.T.);
#1459=ORIENTED_EDGE('',*,*,#1742,.T.);
#1460=ORIENTED_EDGE('',*,*,#1767,.T.);
#1461=ORIENTED_EDGE('',*,*,#1766,.T.);
#1462=ORIENTED_EDGE('',*,*,#1763,.T.);
#1463=ORIENTED_EDGE('',*,*,#1753,.T.);
#1464=ORIENTED_EDGE('',*,*,#1750,.T.);
#1465=ORIENTED_EDGE('',*,*,#1743,.T.);
#1466=ORIENTED_EDGE('',*,*,#1739,.T.);
#1467=ORIENTED_EDGE('',*,*,#1735,.T.);
#1468=ORIENTED_EDGE('',*,*,#1731,.T.);
#1469=ORIENTED_EDGE('',*,*,#1727,.T.);
#1470=ORIENTED_EDGE('',*,*,#1723,.T.);
#1471=ORIENTED_EDGE('',*,*,#1719,.T.);
#1472=ORIENTED_EDGE('',*,*,#1713,.T.);
#1473=ORIENTED_EDGE('',*,*,#1711,.T.);
#1474=ORIENTED_EDGE('',*,*,#1705,.T.);
#1475=ORIENTED_EDGE('',*,*,#1701,.T.);
#1476=ORIENTED_EDGE('',*,*,#1699,.T.);
#1477=ORIENTED_EDGE('',*,*,#1693,.T.);
#1478=ORIENTED_EDGE('',*,*,#1691,.T.);
#1479=ORIENTED_EDGE('',*,*,#1687,.T.);
#1480=ORIENTED_EDGE('',*,*,#1683,.T.);
#1481=ORIENTED_EDGE('',*,*,#1677,.T.);
#1482=ORIENTED_EDGE('',*,*,#1673,.T.);
#1483=ORIENTED_EDGE('',*,*,#1671,.T.);
#1484=ORIENTED_EDGE('',*,*,#1747,.T.);
#1485=ORIENTED_EDGE('',*,*,#1760,.T.);
#1486=ORIENTED_EDGE('',*,*,#1754,.T.);
#1487=ORIENTED_EDGE('',*,*,#1897,.T.);
#1488=ORIENTED_EDGE('',*,*,#1893,.T.);
#1489=ORIENTED_EDGE('',*,*,#1889,.T.);
#1490=ORIENTED_EDGE('',*,*,#1885,.T.);
#1491=ORIENTED_EDGE('',*,*,#1881,.T.);
#1492=ORIENTED_EDGE('',*,*,#1877,.T.);
#1493=ORIENTED_EDGE('',*,*,#1873,.T.);
#1494=ORIENTED_EDGE('',*,*,#1867,.T.);
#1495=ORIENTED_EDGE('',*,*,#1865,.T.);
#1496=ORIENTED_EDGE('',*,*,#1861,.T.);
#1497=ORIENTED_EDGE('',*,*,#1857,.T.);
#1498=ORIENTED_EDGE('',*,*,#1853,.T.);
#1499=ORIENTED_EDGE('',*,*,#1849,.T.);
#1500=ORIENTED_EDGE('',*,*,#1845,.T.);
#1501=ORIENTED_EDGE('',*,*,#1841,.T.);
#1502=ORIENTED_EDGE('',*,*,#1837,.T.);
#1503=ORIENTED_EDGE('',*,*,#1833,.T.);
#1504=ORIENTED_EDGE('',*,*,#1829,.T.);
#1505=ORIENTED_EDGE('',*,*,#1825,.T.);
#1506=ORIENTED_EDGE('',*,*,#1821,.T.);
#1507=ORIENTED_EDGE('',*,*,#1817,.T.);
#1508=ORIENTED_EDGE('',*,*,#1813,.T.);
#1509=ORIENTED_EDGE('',*,*,#1809,.T.);
#1510=ORIENTED_EDGE('',*,*,#1805,.T.);
#1511=ORIENTED_EDGE('',*,*,#1801,.T.);
#1512=ORIENTED_EDGE('',*,*,#1797,.T.);
#1513=ORIENTED_EDGE('',*,*,#1791,.T.);
#1514=ORIENTED_EDGE('',*,*,#1789,.T.);
#1515=ORIENTED_EDGE('',*,*,#1785,.T.);
#1516=ORIENTED_EDGE('',*,*,#1781,.T.);
#1517=ORIENTED_EDGE('',*,*,#1777,.T.);
#1518=ORIENTED_EDGE('',*,*,#1771,.T.);
#1519=EDGE_CURVE('',#1900,#1901,#2873,.T.);
#1520=EDGE_CURVE('',#1901,#1902,#197,.T.);
#1521=EDGE_CURVE('',#1902,#1903,#2874,.F.);
#1522=EDGE_CURVE('',#1903,#1900,#198,.F.);
#1523=EDGE_CURVE('',#1904,#1905,#2875,.T.);
#1524=EDGE_CURVE('',#1905,#1906,#199,.T.);
#1525=EDGE_CURVE('',#1906,#1907,#2876,.F.);
#1526=EDGE_CURVE('',#1907,#1904,#200,.F.);
#1527=EDGE_CURVE('',#1908,#1909,#2877,.T.);
#1528=EDGE_CURVE('',#1909,#1910,#201,.T.);
#1529=EDGE_CURVE('',#1910,#1911,#2878,.F.);
#1530=EDGE_CURVE('',#1911,#1908,#202,.F.);
#1531=EDGE_CURVE('',#1912,#1913,#2879,.F.);
#1532=EDGE_CURVE('',#1913,#1914,#203,.F.);
#1533=EDGE_CURVE('',#1914,#1915,#2880,.T.);
#1534=EDGE_CURVE('',#1915,#1912,#204,.T.);
#1535=EDGE_CURVE('',#1916,#1917,#2881,.T.);
#1536=EDGE_CURVE('',#1917,#1918,#205,.T.);
#1537=EDGE_CURVE('',#1918,#1919,#2882,.F.);
#1538=EDGE_CURVE('',#1919,#1916,#206,.F.);
#1539=EDGE_CURVE('',#1920,#1921,#2883,.T.);
#1540=EDGE_CURVE('',#1921,#1922,#207,.T.);
#1541=EDGE_CURVE('',#1922,#1923,#2884,.F.);
#1542=EDGE_CURVE('',#1923,#1920,#208,.F.);
#1543=EDGE_CURVE('',#1924,#1925,#2885,.F.);
#1544=EDGE_CURVE('',#1925,#1926,#209,.F.);
#1545=EDGE_CURVE('',#1926,#1927,#2886,.T.);
#1546=EDGE_CURVE('',#1927,#1924,#210,.T.);
#1547=EDGE_CURVE('',#1928,#1929,#2887,.F.);
#1548=EDGE_CURVE('',#1929,#1930,#211,.F.);
#1549=EDGE_CURVE('',#1930,#1931,#2888,.T.);
#1550=EDGE_CURVE('',#1931,#1928,#212,.T.);
#1551=EDGE_CURVE('',#1932,#1933,#2889,.T.);
#1552=EDGE_CURVE('',#1933,#1934,#213,.T.);
#1553=EDGE_CURVE('',#1934,#1935,#2890,.F.);
#1554=EDGE_CURVE('',#1935,#1932,#214,.F.);
#1555=EDGE_CURVE('',#1936,#1937,#2891,.T.);
#1556=EDGE_CURVE('',#1937,#1938,#215,.T.);
#1557=EDGE_CURVE('',#1938,#1939,#2892,.F.);
#1558=EDGE_CURVE('',#1939,#1936,#216,.F.);
#1559=EDGE_CURVE('',#1940,#1941,#2893,.F.);
#1560=EDGE_CURVE('',#1941,#1942,#217,.F.);
#1561=EDGE_CURVE('',#1942,#1943,#2894,.T.);
#1562=EDGE_CURVE('',#1943,#1940,#218,.T.);
#1563=EDGE_CURVE('',#1944,#1945,#2895,.T.);
#1564=EDGE_CURVE('',#1945,#1946,#219,.T.);
#1565=EDGE_CURVE('',#1946,#1947,#2896,.F.);
#1566=EDGE_CURVE('',#1947,#1944,#220,.F.);
#1567=EDGE_CURVE('',#1948,#1949,#2897,.F.);
#1568=EDGE_CURVE('',#1949,#1950,#221,.F.);
#1569=EDGE_CURVE('',#1950,#1951,#2898,.T.);
#1570=EDGE_CURVE('',#1951,#1948,#222,.T.);
#1571=EDGE_CURVE('',#1952,#1953,#2899,.F.);
#1572=EDGE_CURVE('',#1953,#1954,#223,.F.);
#1573=EDGE_CURVE('',#1954,#1955,#2900,.T.);
#1574=EDGE_CURVE('',#1955,#1952,#224,.T.);
#1575=EDGE_CURVE('',#1956,#1957,#2901,.F.);
#1576=EDGE_CURVE('',#1957,#1958,#225,.F.);
#1577=EDGE_CURVE('',#1958,#1959,#2902,.T.);
#1578=EDGE_CURVE('',#1959,#1956,#226,.T.);
#1579=EDGE_CURVE('',#1960,#1961,#2903,.F.);
#1580=EDGE_CURVE('',#1961,#1962,#227,.F.);
#1581=EDGE_CURVE('',#1962,#1963,#2904,.T.);
#1582=EDGE_CURVE('',#1963,#1960,#228,.T.);
#1583=EDGE_CURVE('',#1964,#1965,#2905,.T.);
#1584=EDGE_CURVE('',#1965,#1966,#229,.T.);
#1585=EDGE_CURVE('',#1966,#1967,#2906,.F.);
#1586=EDGE_CURVE('',#1967,#1964,#230,.F.);
#1587=EDGE_CURVE('',#1968,#1969,#2907,.T.);
#1588=EDGE_CURVE('',#1969,#1970,#231,.T.);
#1589=EDGE_CURVE('',#1970,#1971,#2908,.F.);
#1590=EDGE_CURVE('',#1971,#1968,#232,.F.);
#1591=EDGE_CURVE('',#1972,#1973,#2909,.F.);
#1592=EDGE_CURVE('',#1973,#1974,#233,.F.);
#1593=EDGE_CURVE('',#1974,#1975,#2910,.T.);
#1594=EDGE_CURVE('',#1975,#1972,#234,.T.);
#1595=EDGE_CURVE('',#1976,#1977,#2911,.T.);
#1596=EDGE_CURVE('',#1977,#1978,#235,.T.);
#1597=EDGE_CURVE('',#1978,#1979,#2912,.F.);
#1598=EDGE_CURVE('',#1979,#1976,#236,.F.);
#1599=EDGE_CURVE('',#1980,#1981,#2913,.F.);
#1600=EDGE_CURVE('',#1981,#1982,#237,.F.);
#1601=EDGE_CURVE('',#1982,#1983,#2914,.T.);
#1602=EDGE_CURVE('',#1983,#1980,#238,.T.);
#1603=EDGE_CURVE('',#1984,#1985,#2915,.F.);
#1604=EDGE_CURVE('',#1985,#1986,#239,.F.);
#1605=EDGE_CURVE('',#1986,#1987,#2916,.T.);
#1606=EDGE_CURVE('',#1987,#1984,#240,.T.);
#1607=EDGE_CURVE('',#1988,#1989,#2917,.F.);
#1608=EDGE_CURVE('',#1989,#1990,#241,.F.);
#1609=EDGE_CURVE('',#1990,#1991,#2918,.T.);
#1610=EDGE_CURVE('',#1991,#1988,#242,.T.);
#1611=EDGE_CURVE('',#1992,#1993,#2919,.F.);
#1612=EDGE_CURVE('',#1993,#1994,#243,.F.);
#1613=EDGE_CURVE('',#1994,#1995,#2920,.T.);
#1614=EDGE_CURVE('',#1995,#1992,#244,.T.);
#1615=EDGE_CURVE('',#1996,#1996,#2921,.T.);
#1616=EDGE_CURVE('',#1997,#1997,#2922,.T.);
#1617=EDGE_CURVE('',#1926,#1901,#2923,.T.);
#1618=EDGE_CURVE('',#1900,#1909,#2924,.T.);
#1619=EDGE_CURVE('',#1908,#1963,#2925,.T.);
#1620=EDGE_CURVE('',#1962,#1955,#2926,.T.);
#1621=EDGE_CURVE('',#1954,#1951,#2927,.T.);
#1622=EDGE_CURVE('',#1950,#1937,#2928,.T.);
#1623=EDGE_CURVE('',#1936,#1945,#2929,.T.);
#1624=EDGE_CURVE('',#1944,#1977,#2930,.T.);
#1625=EDGE_CURVE('',#1976,#1987,#2931,.T.);
#1626=EDGE_CURVE('',#1986,#1965,#2932,.T.);
#1627=EDGE_CURVE('',#1964,#1969,#2933,.T.);
#1628=EDGE_CURVE('',#1968,#1983,#2934,.T.);
#1629=EDGE_CURVE('',#1982,#1975,#2935,.T.);
#1630=EDGE_CURVE('',#1974,#1943,#2936,.T.);
#1631=EDGE_CURVE('',#1942,#1933,#2937,.T.);
#1632=EDGE_CURVE('',#1932,#1995,#2938,.T.);
#1633=EDGE_CURVE('',#1994,#1959,#2939,.T.);
#1634=EDGE_CURVE('',#1958,#1915,#2940,.T.);
#1635=EDGE_CURVE('',#1914,#1905,#2941,.T.);
#1636=EDGE_CURVE('',#1904,#1931,#2942,.T.);
#1637=EDGE_CURVE('',#1930,#1921,#2943,.T.);
#1638=EDGE_CURVE('',#1920,#1991,#2944,.T.);
#1639=EDGE_CURVE('',#1990,#1917,#2945,.T.);
#1640=EDGE_CURVE('',#1916,#1927,#2946,.T.);
#1641=EDGE_CURVE('',#1998,#1998,#2947,.F.);
#1642=EDGE_CURVE('',#1999,#1999,#2948,.T.);
#1643=EDGE_CURVE('',#2000,#2000,#2949,.F.);
#1644=EDGE_CURVE('',#1925,#1902,#53,.T.);
#1645=EDGE_CURVE('',#1919,#1924,#54,.T.);
#1646=EDGE_CURVE('',#1989,#1918,#55,.T.);
#1647=EDGE_CURVE('',#1923,#1988,#56,.T.);
#1648=EDGE_CURVE('',#1929,#1922,#57,.T.);
#1649=EDGE_CURVE('',#1907,#1928,#58,.T.);
#1650=EDGE_CURVE('',#1913,#1906,#59,.T.);
#1651=EDGE_CURVE('',#1957,#1912,#60,.T.);
#1652=EDGE_CURVE('',#1993,#1956,#61,.T.);
#1653=EDGE_CURVE('',#1935,#1992,#62,.T.);
#1654=EDGE_CURVE('',#1941,#1934,#63,.T.);
#1655=EDGE_CURVE('',#1973,#1940,#64,.T.);
#1656=EDGE_CURVE('',#1981,#1972,#65,.T.);
#1657=EDGE_CURVE('',#1971,#1980,#66,.T.);
#1658=EDGE_CURVE('',#1967,#1970,#67,.T.);
#1659=EDGE_CURVE('',#1985,#1966,#68,.T.);
#1660=EDGE_CURVE('',#1979,#1984,#69,.T.);
#1661=EDGE_CURVE('',#1947,#1978,#70,.T.);
#1662=EDGE_CURVE('',#1939,#1946,#71,.T.);
#1663=EDGE_CURVE('',#1949,#1938,#72,.T.);
#1664=EDGE_CURVE('',#1953,#1948,#73,.T.);
#1665=EDGE_CURVE('',#1961,#1952,#74,.T.);
#1666=EDGE_CURVE('',#1911,#1960,#75,.T.);
#1667=EDGE_CURVE('',#1903,#1910,#76,.T.);
#1668=EDGE_CURVE('',#2001,#2002,#245,.T.);
#1669=EDGE_CURVE('',#2003,#2001,#246,.T.);
#1670=EDGE_CURVE('',#2002,#2003,#247,.T.);
#1671=EDGE_CURVE('',#2004,#2001,#248,.T.);
#1672=EDGE_CURVE('',#2003,#2004,#249,.T.);
#1673=EDGE_CURVE('',#2005,#2004,#250,.T.);
#1674=EDGE_CURVE('',#2003,#2005,#251,.T.);
#1675=EDGE_CURVE('',#2006,#2005,#252,.T.);
#1676=EDGE_CURVE('',#2003,#2006,#253,.T.);
#1677=EDGE_CURVE('',#2007,#2005,#254,.T.);
#1678=EDGE_CURVE('',#2006,#2007,#255,.T.);
#1679=EDGE_CURVE('',#2008,#2007,#256,.T.);
#1680=EDGE_CURVE('',#2006,#2008,#257,.T.);
#1681=EDGE_CURVE('',#2009,#2007,#258,.T.);
#1682=EDGE_CURVE('',#2008,#2009,#259,.T.);
#1683=EDGE_CURVE('',#2010,#2007,#260,.T.);
#1684=EDGE_CURVE('',#2009,#2010,#261,.T.);
#1685=EDGE_CURVE('',#2011,#2010,#262,.T.);
#1686=EDGE_CURVE('',#2009,#2011,#263,.T.);
#1687=EDGE_CURVE('',#2012,#2010,#264,.T.);
#1688=EDGE_CURVE('',#2011,#2012,#265,.T.);
#1689=EDGE_CURVE('',#2013,#2012,#266,.T.);
#1690=EDGE_CURVE('',#2011,#2013,#267,.T.);
#1691=EDGE_CURVE('',#2014,#2012,#268,.T.);
#1692=EDGE_CURVE('',#2013,#2014,#269,.T.);
#1693=EDGE_CURVE('',#2015,#2014,#270,.T.);
#1694=EDGE_CURVE('',#2013,#2015,#271,.T.);
#1695=EDGE_CURVE('',#2016,#2015,#272,.T.);
#1696=EDGE_CURVE('',#2013,#2016,#273,.T.);
#1697=EDGE_CURVE('',#2017,#2015,#274,.T.);
#1698=EDGE_CURVE('',#2016,#2017,#275,.T.);
#1699=EDGE_CURVE('',#2018,#2015,#276,.T.);
#1700=EDGE_CURVE('',#2017,#2018,#277,.T.);
#1701=EDGE_CURVE('',#2019,#2018,#278,.T.);
#1702=EDGE_CURVE('',#2017,#2019,#279,.T.);
#1703=EDGE_CURVE('',#2020,#2019,#280,.T.);
#1704=EDGE_CURVE('',#2017,#2020,#281,.T.);
#1705=EDGE_CURVE('',#2021,#2019,#282,.T.);
#1706=EDGE_CURVE('',#2020,#2021,#283,.T.);
#1707=EDGE_CURVE('',#2022,#2021,#284,.T.);
#1708=EDGE_CURVE('',#2020,#2022,#285,.T.);
#1709=EDGE_CURVE('',#2023,#2021,#286,.T.);
#1710=EDGE_CURVE('',#2022,#2023,#287,.T.);
#1711=EDGE_CURVE('',#2024,#2021,#288,.T.);
#1712=EDGE_CURVE('',#2023,#2024,#289,.T.);
#1713=EDGE_CURVE('',#2025,#2024,#290,.T.);
#1714=EDGE_CURVE('',#2023,#2025,#291,.T.);
#1715=EDGE_CURVE('',#2026,#2025,#292,.T.);
#1716=EDGE_CURVE('',#2023,#2026,#293,.T.);
#1717=EDGE_CURVE('',#2027,#2025,#294,.T.);
#1718=EDGE_CURVE('',#2026,#2027,#295,.T.);
#1719=EDGE_CURVE('',#2028,#2025,#296,.T.);
#1720=EDGE_CURVE('',#2027,#2028,#297,.T.);
#1721=EDGE_CURVE('',#2029,#2028,#298,.T.);
#1722=EDGE_CURVE('',#2027,#2029,#299,.T.);
#1723=EDGE_CURVE('',#2030,#2028,#300,.T.);
#1724=EDGE_CURVE('',#2029,#2030,#301,.T.);
#1725=EDGE_CURVE('',#2031,#2030,#302,.T.);
#1726=EDGE_CURVE('',#2029,#2031,#303,.T.);
#1727=EDGE_CURVE('',#2032,#2030,#304,.T.);
#1728=EDGE_CURVE('',#2031,#2032,#305,.T.);
#1729=EDGE_CURVE('',#2033,#2032,#306,.T.);
#1730=EDGE_CURVE('',#2031,#2033,#307,.T.);
#1731=EDGE_CURVE('',#2034,#2032,#308,.T.);
#1732=EDGE_CURVE('',#2033,#2034,#309,.T.);
#1733=EDGE_CURVE('',#2035,#2034,#310,.T.);
#1734=EDGE_CURVE('',#2033,#2035,#311,.T.);
#1735=EDGE_CURVE('',#2036,#2034,#312,.T.);
#1736=EDGE_CURVE('',#2035,#2036,#313,.T.);
#1737=EDGE_CURVE('',#2037,#2036,#314,.T.);
#1738=EDGE_CURVE('',#2035,#2037,#315,.T.);
#1739=EDGE_CURVE('',#2038,#2036,#316,.T.);
#1740=EDGE_CURVE('',#2037,#2038,#317,.T.);
#1741=EDGE_CURVE('',#2039,#2038,#318,.T.);
#1742=EDGE_CURVE('',#2037,#2039,#319,.T.);
#1743=EDGE_CURVE('',#2040,#2038,#320,.T.);
#1744=EDGE_CURVE('',#2039,#2040,#321,.T.);
#1745=EDGE_CURVE('',#2041,#2002,#322,.T.);
#1746=EDGE_CURVE('',#2042,#2041,#323,.T.);
#1747=EDGE_CURVE('',#2001,#2042,#324,.T.);
#1748=EDGE_CURVE('',#2043,#2044,#325,.T.);
#1749=EDGE_CURVE('',#2039,#2043,#326,.T.);
#1750=EDGE_CURVE('',#2044,#2040,#327,.T.);
#1751=EDGE_CURVE('',#2045,#2046,#328,.T.);
#1752=EDGE_CURVE('',#2043,#2045,#329,.T.);
#1753=EDGE_CURVE('',#2046,#2044,#330,.T.);
#1754=EDGE_CURVE('',#2047,#2048,#331,.T.);
#1755=EDGE_CURVE('',#2049,#2047,#332,.T.);
#1756=EDGE_CURVE('',#2048,#2049,#333,.T.);
#1757=EDGE_CURVE('',#2050,#2047,#334,.T.);
#1758=EDGE_CURVE('',#2049,#2050,#335,.T.);
#1759=EDGE_CURVE('',#2050,#2041,#336,.T.);
#1760=EDGE_CURVE('',#2042,#2047,#337,.T.);
#1761=EDGE_CURVE('',#2051,#2052,#338,.T.);
#1762=EDGE_CURVE('',#2045,#2051,#339,.T.);
#1763=EDGE_CURVE('',#2052,#2046,#340,.T.);
#1764=EDGE_CURVE('',#2053,#2054,#341,.T.);
#1765=EDGE_CURVE('',#2051,#2053,#342,.T.);
#1766=EDGE_CURVE('',#2054,#2052,#343,.T.);
#1767=EDGE_CURVE('',#2055,#2054,#344,.T.);
#1768=EDGE_CURVE('',#2053,#2055,#345,.T.);
#1769=EDGE_CURVE('',#2056,#2055,#346,.T.);
#1770=EDGE_CURVE('',#2053,#2056,#347,.T.);
#1771=EDGE_CURVE('',#2057,#2055,#348,.T.);
#1772=EDGE_CURVE('',#2056,#2057,#349,.T.);
#1773=EDGE_CURVE('',#2058,#2057,#350,.T.);
#1774=EDGE_CURVE('',#2056,#2058,#351,.T.);
#1775=EDGE_CURVE('',#2059,#2057,#352,.T.);
#1776=EDGE_CURVE('',#2058,#2059,#353,.T.);
#1777=EDGE_CURVE('',#2060,#2057,#354,.T.);
#1778=EDGE_CURVE('',#2059,#2060,#355,.T.);
#1779=EDGE_CURVE('',#2061,#2060,#356,.T.);
#1780=EDGE_CURVE('',#2059,#2061,#357,.T.);
#1781=EDGE_CURVE('',#2062,#2060,#358,.T.);
#1782=EDGE_CURVE('',#2061,#2062,#359,.T.);
#1783=EDGE_CURVE('',#2063,#2062,#360,.T.);
#1784=EDGE_CURVE('',#2061,#2063,#361,.T.);
#1785=EDGE_CURVE('',#2064,#2062,#362,.T.);
#1786=EDGE_CURVE('',#2063,#2064,#363,.T.);
#1787=EDGE_CURVE('',#2065,#2064,#364,.T.);
#1788=EDGE_CURVE('',#2063,#2065,#365,.T.);
#1789=EDGE_CURVE('',#2066,#2064,#366,.T.);
#1790=EDGE_CURVE('',#2065,#2066,#367,.T.);
#1791=EDGE_CURVE('',#2067,#2066,#368,.T.);
#1792=EDGE_CURVE('',#2065,#2067,#369,.T.);
#1793=EDGE_CURVE('',#2068,#2067,#370,.T.);
#1794=EDGE_CURVE('',#2065,#2068,#371,.T.);
#1795=EDGE_CURVE('',#2069,#2067,#372,.T.);
#1796=EDGE_CURVE('',#2068,#2069,#373,.T.);
#1797=EDGE_CURVE('',#2070,#2067,#374,.T.);
#1798=EDGE_CURVE('',#2069,#2070,#375,.T.);
#1799=EDGE_CURVE('',#2071,#2070,#376,.T.);
#1800=EDGE_CURVE('',#2069,#2071,#377,.T.);
#1801=EDGE_CURVE('',#2072,#2070,#378,.T.);
#1802=EDGE_CURVE('',#2071,#2072,#379,.T.);
#1803=EDGE_CURVE('',#2073,#2072,#380,.T.);
#1804=EDGE_CURVE('',#2071,#2073,#381,.T.);
#1805=EDGE_CURVE('',#2074,#2072,#382,.T.);
#1806=EDGE_CURVE('',#2073,#2074,#383,.T.);
#1807=EDGE_CURVE('',#2075,#2074,#384,.T.);
#1808=EDGE_CURVE('',#2073,#2075,#385,.T.);
#1809=EDGE_CURVE('',#2076,#2074,#386,.T.);
#1810=EDGE_CURVE('',#2075,#2076,#387,.T.);
#1811=EDGE_CURVE('',#2077,#2076,#388,.T.);
#1812=EDGE_CURVE('',#2075,#2077,#389,.T.);
#1813=EDGE_CURVE('',#2078,#2076,#390,.T.);
#1814=EDGE_CURVE('',#2077,#2078,#391,.T.);
#1815=EDGE_CURVE('',#2079,#2078,#392,.T.);
#1816=EDGE_CURVE('',#2077,#2079,#393,.T.);
#1817=EDGE_CURVE('',#2080,#2078,#394,.T.);
#1818=EDGE_CURVE('',#2079,#2080,#395,.T.);
#1819=EDGE_CURVE('',#2081,#2080,#396,.T.);
#1820=EDGE_CURVE('',#2079,#2081,#397,.T.);
#1821=EDGE_CURVE('',#2082,#2080,#398,.T.);
#1822=EDGE_CURVE('',#2081,#2082,#399,.T.);
#1823=EDGE_CURVE('',#2083,#2082,#400,.T.);
#1824=EDGE_CURVE('',#2081,#2083,#401,.T.);
#1825=EDGE_CURVE('',#2084,#2082,#402,.T.);
#1826=EDGE_CURVE('',#2083,#2084,#403,.T.);
#1827=EDGE_CURVE('',#2085,#2084,#404,.T.);
#1828=EDGE_CURVE('',#2083,#2085,#405,.T.);
#1829=EDGE_CURVE('',#2086,#2084,#406,.T.);
#1830=EDGE_CURVE('',#2085,#2086,#407,.T.);
#1831=EDGE_CURVE('',#2087,#2086,#408,.T.);
#1832=EDGE_CURVE('',#2085,#2087,#409,.T.);
#1833=EDGE_CURVE('',#2088,#2086,#410,.T.);
#1834=EDGE_CURVE('',#2087,#2088,#411,.T.);
#1835=EDGE_CURVE('',#2089,#2088,#412,.T.);
#1836=EDGE_CURVE('',#2087,#2089,#413,.T.);
#1837=EDGE_CURVE('',#2090,#2088,#414,.T.);
#1838=EDGE_CURVE('',#2089,#2090,#415,.T.);
#1839=EDGE_CURVE('',#2091,#2090,#416,.T.);
#1840=EDGE_CURVE('',#2089,#2091,#417,.T.);
#1841=EDGE_CURVE('',#2092,#2090,#418,.T.);
#1842=EDGE_CURVE('',#2091,#2092,#419,.T.);
#1843=EDGE_CURVE('',#2093,#2092,#420,.T.);
#1844=EDGE_CURVE('',#2091,#2093,#421,.T.);
#1845=EDGE_CURVE('',#2094,#2092,#422,.T.);
#1846=EDGE_CURVE('',#2093,#2094,#423,.T.);
#1847=EDGE_CURVE('',#2095,#2094,#424,.T.);
#1848=EDGE_CURVE('',#2093,#2095,#425,.T.);
#1849=EDGE_CURVE('',#2096,#2094,#426,.T.);
#1850=EDGE_CURVE('',#2095,#2096,#427,.T.);
#1851=EDGE_CURVE('',#2097,#2096,#428,.T.);
#1852=EDGE_CURVE('',#2095,#2097,#429,.T.);
#1853=EDGE_CURVE('',#2098,#2096,#430,.T.);
#1854=EDGE_CURVE('',#2097,#2098,#431,.T.);
#1855=EDGE_CURVE('',#2099,#2098,#432,.T.);
#1856=EDGE_CURVE('',#2097,#2099,#433,.T.);
#1857=EDGE_CURVE('',#2100,#2098,#434,.T.);
#1858=EDGE_CURVE('',#2099,#2100,#435,.T.);
#1859=EDGE_CURVE('',#2101,#2100,#436,.T.);
#1860=EDGE_CURVE('',#2099,#2101,#437,.T.);
#1861=EDGE_CURVE('',#2102,#2100,#438,.T.);
#1862=EDGE_CURVE('',#2101,#2102,#439,.T.);
#1863=EDGE_CURVE('',#2103,#2102,#440,.T.);
#1864=EDGE_CURVE('',#2101,#2103,#441,.T.);
#1865=EDGE_CURVE('',#2104,#2102,#442,.T.);
#1866=EDGE_CURVE('',#2103,#2104,#443,.T.);
#1867=EDGE_CURVE('',#2105,#2104,#444,.T.);
#1868=EDGE_CURVE('',#2103,#2105,#445,.T.);
#1869=EDGE_CURVE('',#2106,#2105,#446,.T.);
#1870=EDGE_CURVE('',#2103,#2106,#447,.T.);
#1871=EDGE_CURVE('',#2107,#2105,#448,.T.);
#1872=EDGE_CURVE('',#2106,#2107,#449,.T.);
#1873=EDGE_CURVE('',#2108,#2105,#450,.T.);
#1874=EDGE_CURVE('',#2107,#2108,#451,.T.);
#1875=EDGE_CURVE('',#2109,#2108,#452,.T.);
#1876=EDGE_CURVE('',#2107,#2109,#453,.T.);
#1877=EDGE_CURVE('',#2110,#2108,#454,.T.);
#1878=EDGE_CURVE('',#2109,#2110,#455,.T.);
#1879=EDGE_CURVE('',#2111,#2110,#456,.T.);
#1880=EDGE_CURVE('',#2109,#2111,#457,.T.);
#1881=EDGE_CURVE('',#2112,#2110,#458,.T.);
#1882=EDGE_CURVE('',#2111,#2112,#459,.T.);
#1883=EDGE_CURVE('',#2113,#2112,#460,.T.);
#1884=EDGE_CURVE('',#2111,#2113,#461,.T.);
#1885=EDGE_CURVE('',#2114,#2112,#462,.T.);
#1886=EDGE_CURVE('',#2113,#2114,#463,.T.);
#1887=EDGE_CURVE('',#2115,#2114,#464,.T.);
#1888=EDGE_CURVE('',#2113,#2115,#465,.T.);
#1889=EDGE_CURVE('',#2116,#2114,#466,.T.);
#1890=EDGE_CURVE('',#2115,#2116,#467,.T.);
#1891=EDGE_CURVE('',#2117,#2116,#468,.T.);
#1892=EDGE_CURVE('',#2115,#2117,#469,.T.);
#1893=EDGE_CURVE('',#2118,#2116,#470,.T.);
#1894=EDGE_CURVE('',#2117,#2118,#471,.T.);
#1895=EDGE_CURVE('',#2119,#2118,#472,.T.);
#1896=EDGE_CURVE('',#2117,#2119,#473,.T.);
#1897=EDGE_CURVE('',#2048,#2118,#474,.T.);
#1898=EDGE_CURVE('',#2119,#2048,#475,.T.);
#1899=EDGE_CURVE('',#2119,#2049,#476,.T.);
#1900=VERTEX_POINT('',#4155);
#1901=VERTEX_POINT('',#4156);
#1902=VERTEX_POINT('',#4158);
#1903=VERTEX_POINT('',#4160);
#1904=VERTEX_POINT('',#4164);
#1905=VERTEX_POINT('',#4165);
#1906=VERTEX_POINT('',#4167);
#1907=VERTEX_POINT('',#4169);
#1908=VERTEX_POINT('',#4173);
#1909=VERTEX_POINT('',#4174);
#1910=VERTEX_POINT('',#4176);
#1911=VERTEX_POINT('',#4178);
#1912=VERTEX_POINT('',#4182);
#1913=VERTEX_POINT('',#4183);
#1914=VERTEX_POINT('',#4185);
#1915=VERTEX_POINT('',#4187);
#1916=VERTEX_POINT('',#4191);
#1917=VERTEX_POINT('',#4192);
#1918=VERTEX_POINT('',#4194);
#1919=VERTEX_POINT('',#4196);
#1920=VERTEX_POINT('',#4200);
#1921=VERTEX_POINT('',#4201);
#1922=VERTEX_POINT('',#4203);
#1923=VERTEX_POINT('',#4205);
#1924=VERTEX_POINT('',#4209);
#1925=VERTEX_POINT('',#4210);
#1926=VERTEX_POINT('',#4212);
#1927=VERTEX_POINT('',#4214);
#1928=VERTEX_POINT('',#4218);
#1929=VERTEX_POINT('',#4219);
#1930=VERTEX_POINT('',#4221);
#1931=VERTEX_POINT('',#4223);
#1932=VERTEX_POINT('',#4227);
#1933=VERTEX_POINT('',#4228);
#1934=VERTEX_POINT('',#4230);
#1935=VERTEX_POINT('',#4232);
#1936=VERTEX_POINT('',#4236);
#1937=VERTEX_POINT('',#4237);
#1938=VERTEX_POINT('',#4239);
#1939=VERTEX_POINT('',#4241);
#1940=VERTEX_POINT('',#4245);
#1941=VERTEX_POINT('',#4246);
#1942=VERTEX_POINT('',#4248);
#1943=VERTEX_POINT('',#4250);
#1944=VERTEX_POINT('',#4254);
#1945=VERTEX_POINT('',#4255);
#1946=VERTEX_POINT('',#4257);
#1947=VERTEX_POINT('',#4259);
#1948=VERTEX_POINT('',#4263);
#1949=VERTEX_POINT('',#4264);
#1950=VERTEX_POINT('',#4266);
#1951=VERTEX_POINT('',#4268);
#1952=VERTEX_POINT('',#4272);
#1953=VERTEX_POINT('',#4273);
#1954=VERTEX_POINT('',#4275);
#1955=VERTEX_POINT('',#4277);
#1956=VERTEX_POINT('',#4281);
#1957=VERTEX_POINT('',#4282);
#1958=VERTEX_POINT('',#4284);
#1959=VERTEX_POINT('',#4286);
#1960=VERTEX_POINT('',#4290);
#1961=VERTEX_POINT('',#4291);
#1962=VERTEX_POINT('',#4293);
#1963=VERTEX_POINT('',#4295);
#1964=VERTEX_POINT('',#4299);
#1965=VERTEX_POINT('',#4300);
#1966=VERTEX_POINT('',#4302);
#1967=VERTEX_POINT('',#4304);
#1968=VERTEX_POINT('',#4308);
#1969=VERTEX_POINT('',#4309);
#1970=VERTEX_POINT('',#4311);
#1971=VERTEX_POINT('',#4313);
#1972=VERTEX_POINT('',#4317);
#1973=VERTEX_POINT('',#4318);
#1974=VERTEX_POINT('',#4320);
#1975=VERTEX_POINT('',#4322);
#1976=VERTEX_POINT('',#4326);
#1977=VERTEX_POINT('',#4327);
#1978=VERTEX_POINT('',#4329);
#1979=VERTEX_POINT('',#4331);
#1980=VERTEX_POINT('',#4335);
#1981=VERTEX_POINT('',#4336);
#1982=VERTEX_POINT('',#4338);
#1983=VERTEX_POINT('',#4340);
#1984=VERTEX_POINT('',#4344);
#1985=VERTEX_POINT('',#4345);
#1986=VERTEX_POINT('',#4347);
#1987=VERTEX_POINT('',#4349);
#1988=VERTEX_POINT('',#4353);
#1989=VERTEX_POINT('',#4354);
#1990=VERTEX_POINT('',#4356);
#1991=VERTEX_POINT('',#4358);
#1992=VERTEX_POINT('',#4362);
#1993=VERTEX_POINT('',#4363);
#1994=VERTEX_POINT('',#4365);
#1995=VERTEX_POINT('',#4367);
#1996=VERTEX_POINT('',#4371);
#1997=VERTEX_POINT('',#4374);
#1998=VERTEX_POINT('',#4401);
#1999=VERTEX_POINT('',#4404);
#2000=VERTEX_POINT('',#4407);
#2001=VERTEX_POINT('',#4652);
#2002=VERTEX_POINT('',#4653);
#2003=VERTEX_POINT('',#4655);
#2004=VERTEX_POINT('',#4659);
#2005=VERTEX_POINT('',#4663);
#2006=VERTEX_POINT('',#4667);
#2007=VERTEX_POINT('',#4671);
#2008=VERTEX_POINT('',#4675);
#2009=VERTEX_POINT('',#4679);
#2010=VERTEX_POINT('',#4683);
#2011=VERTEX_POINT('',#4687);
#2012=VERTEX_POINT('',#4691);
#2013=VERTEX_POINT('',#4695);
#2014=VERTEX_POINT('',#4699);
#2015=VERTEX_POINT('',#4703);
#2016=VERTEX_POINT('',#4707);
#2017=VERTEX_POINT('',#4711);
#2018=VERTEX_POINT('',#4715);
#2019=VERTEX_POINT('',#4719);
#2020=VERTEX_POINT('',#4723);
#2021=VERTEX_POINT('',#4727);
#2022=VERTEX_POINT('',#4731);
#2023=VERTEX_POINT('',#4735);
#2024=VERTEX_POINT('',#4739);
#2025=VERTEX_POINT('',#4743);
#2026=VERTEX_POINT('',#4747);
#2027=VERTEX_POINT('',#4751);
#2028=VERTEX_POINT('',#4755);
#2029=VERTEX_POINT('',#4759);
#2030=VERTEX_POINT('',#4763);
#2031=VERTEX_POINT('',#4767);
#2032=VERTEX_POINT('',#4771);
#2033=VERTEX_POINT('',#4775);
#2034=VERTEX_POINT('',#4779);
#2035=VERTEX_POINT('',#4783);
#2036=VERTEX_POINT('',#4787);
#2037=VERTEX_POINT('',#4791);
#2038=VERTEX_POINT('',#4795);
#2039=VERTEX_POINT('',#4799);
#2040=VERTEX_POINT('',#4803);
#2041=VERTEX_POINT('',#4807);
#2042=VERTEX_POINT('',#4809);
#2043=VERTEX_POINT('',#4813);
#2044=VERTEX_POINT('',#4814);
#2045=VERTEX_POINT('',#4819);
#2046=VERTEX_POINT('',#4820);
#2047=VERTEX_POINT('',#4825);
#2048=VERTEX_POINT('',#4826);
#2049=VERTEX_POINT('',#4828);
#2050=VERTEX_POINT('',#4832);
#2051=VERTEX_POINT('',#4839);
#2052=VERTEX_POINT('',#4840);
#2053=VERTEX_POINT('',#4845);
#2054=VERTEX_POINT('',#4846);
#2055=VERTEX_POINT('',#4851);
#2056=VERTEX_POINT('',#4855);
#2057=VERTEX_POINT('',#4859);
#2058=VERTEX_POINT('',#4863);
#2059=VERTEX_POINT('',#4867);
#2060=VERTEX_POINT('',#4871);
#2061=VERTEX_POINT('',#4875);
#2062=VERTEX_POINT('',#4879);
#2063=VERTEX_POINT('',#4883);
#2064=VERTEX_POINT('',#4887);
#2065=VERTEX_POINT('',#4891);
#2066=VERTEX_POINT('',#4895);
#2067=VERTEX_POINT('',#4899);
#2068=VERTEX_POINT('',#4903);
#2069=VERTEX_POINT('',#4907);
#2070=VERTEX_POINT('',#4911);
#2071=VERTEX_POINT('',#4915);
#2072=VERTEX_POINT('',#4919);
#2073=VERTEX_POINT('',#4923);
#2074=VERTEX_POINT('',#4927);
#2075=VERTEX_POINT('',#4931);
#2076=VERTEX_POINT('',#4935);
#2077=VERTEX_POINT('',#4939);
#2078=VERTEX_POINT('',#4943);
#2079=VERTEX_POINT('',#4947);
#2080=VERTEX_POINT('',#4951);
#2081=VERTEX_POINT('',#4955);
#2082=VERTEX_POINT('',#4959);
#2083=VERTEX_POINT('',#4963);
#2084=VERTEX_POINT('',#4967);
#2085=VERTEX_POINT('',#4971);
#2086=VERTEX_POINT('',#4975);
#2087=VERTEX_POINT('',#4979);
#2088=VERTEX_POINT('',#4983);
#2089=VERTEX_POINT('',#4987);
#2090=VERTEX_POINT('',#4991);
#2091=VERTEX_POINT('',#4995);
#2092=VERTEX_POINT('',#4999);
#2093=VERTEX_POINT('',#5003);
#2094=VERTEX_POINT('',#5007);
#2095=VERTEX_POINT('',#5011);
#2096=VERTEX_POINT('',#5015);
#2097=VERTEX_POINT('',#5019);
#2098=VERTEX_POINT('',#5023);
#2099=VERTEX_POINT('',#5027);
#2100=VERTEX_POINT('',#5031);
#2101=VERTEX_POINT('',#5035);
#2102=VERTEX_POINT('',#5039);
#2103=VERTEX_POINT('',#5043);
#2104=VERTEX_POINT('',#5047);
#2105=VERTEX_POINT('',#5051);
#2106=VERTEX_POINT('',#5055);
#2107=VERTEX_POINT('',#5059);
#2108=VERTEX_POINT('',#5063);
#2109=VERTEX_POINT('',#5067);
#2110=VERTEX_POINT('',#5071);
#2111=VERTEX_POINT('',#5075);
#2112=VERTEX_POINT('',#5079);
#2113=VERTEX_POINT('',#5083);
#2114=VERTEX_POINT('',#5087);
#2115=VERTEX_POINT('',#5091);
#2116=VERTEX_POINT('',#5095);
#2117=VERTEX_POINT('',#5099);
#2118=VERTEX_POINT('',#5103);
#2119=VERTEX_POINT('',#5107);
#2120=EDGE_LOOP('',(#757,#758,#759,#760));
#2121=EDGE_LOOP('',(#761,#762,#763,#764));
#2122=EDGE_LOOP('',(#765,#766,#767,#768));
#2123=EDGE_LOOP('',(#769,#770,#771,#772));
#2124=EDGE_LOOP('',(#773,#774,#775,#776));
#2125=EDGE_LOOP('',(#777,#778,#779,#780));
#2126=EDGE_LOOP('',(#781,#782,#783,#784));
#2127=EDGE_LOOP('',(#785,#786,#787,#788));
#2128=EDGE_LOOP('',(#789,#790,#791,#792));
#2129=EDGE_LOOP('',(#793,#794,#795,#796));
#2130=EDGE_LOOP('',(#797,#798,#799,#800));
#2131=EDGE_LOOP('',(#801,#802,#803,#804));
#2132=EDGE_LOOP('',(#805,#806,#807,#808));
#2133=EDGE_LOOP('',(#809,#810,#811,#812));
#2134=EDGE_LOOP('',(#813,#814,#815,#816));
#2135=EDGE_LOOP('',(#817,#818,#819,#820));
#2136=EDGE_LOOP('',(#821,#822,#823,#824));
#2137=EDGE_LOOP('',(#825,#826,#827,#828));
#2138=EDGE_LOOP('',(#829,#830,#831,#832));
#2139=EDGE_LOOP('',(#833,#834,#835,#836));
#2140=EDGE_LOOP('',(#837,#838,#839,#840));
#2141=EDGE_LOOP('',(#841,#842,#843,#844));
#2142=EDGE_LOOP('',(#845,#846,#847,#848));
#2143=EDGE_LOOP('',(#849,#850,#851,#852));
#2144=EDGE_LOOP('',(#853));
#2145=EDGE_LOOP('',(#854));
#2146=EDGE_LOOP('',(#855,#856,#857,#858,#859,#860,#861,#862,#863,#864,#865,
#866,#867,#868,#869,#870,#871,#872,#873,#874,#875,#876,#877,#878,#879,#880,
#881,#882,#883,#884,#885,#886,#887,#888,#889,#890,#891,#892,#893,#894,#895,
#896,#897,#898,#899,#900,#901,#902));
#2147=EDGE_LOOP('',(#903));
#2148=EDGE_LOOP('',(#904));
#2149=EDGE_LOOP('',(#905));
#2150=EDGE_LOOP('',(#906));
#2151=EDGE_LOOP('',(#907));
#2152=EDGE_LOOP('',(#908));
#2153=EDGE_LOOP('',(#909));
#2154=EDGE_LOOP('',(#910,#911,#912,#913,#914,#915,#916,#917,#918,#919,#920,
#921,#922,#923,#924,#925,#926,#927,#928,#929,#930,#931,#932,#933,#934,#935,
#936,#937,#938,#939,#940,#941,#942,#943,#944,#945,#946,#947,#948,#949,#950,
#951,#952,#953,#954,#955,#956,#957));
#2155=EDGE_LOOP('',(#958));
#2156=EDGE_LOOP('',(#959,#960,#961,#962));
#2157=EDGE_LOOP('',(#963,#964,#965,#966));
#2158=EDGE_LOOP('',(#967,#968,#969,#970));
#2159=EDGE_LOOP('',(#971,#972,#973,#974));
#2160=EDGE_LOOP('',(#975,#976,#977,#978));
#2161=EDGE_LOOP('',(#979,#980,#981,#982));
#2162=EDGE_LOOP('',(#983,#984,#985,#986));
#2163=EDGE_LOOP('',(#987,#988,#989,#990));
#2164=EDGE_LOOP('',(#991,#992,#993,#994));
#2165=EDGE_LOOP('',(#995,#996,#997,#998));
#2166=EDGE_LOOP('',(#999,#1000,#1001,#1002));
#2167=EDGE_LOOP('',(#1003,#1004,#1005,#1006));
#2168=EDGE_LOOP('',(#1007,#1008,#1009,#1010));
#2169=EDGE_LOOP('',(#1011,#1012,#1013,#1014));
#2170=EDGE_LOOP('',(#1015,#1016,#1017,#1018));
#2171=EDGE_LOOP('',(#1019,#1020,#1021,#1022));
#2172=EDGE_LOOP('',(#1023,#1024,#1025,#1026));
#2173=EDGE_LOOP('',(#1027,#1028,#1029,#1030));
#2174=EDGE_LOOP('',(#1031,#1032,#1033,#1034));
#2175=EDGE_LOOP('',(#1035,#1036,#1037,#1038));
#2176=EDGE_LOOP('',(#1039,#1040,#1041,#1042));
#2177=EDGE_LOOP('',(#1043,#1044,#1045,#1046));
#2178=EDGE_LOOP('',(#1047,#1048,#1049,#1050));
#2179=EDGE_LOOP('',(#1051,#1052,#1053,#1054));
#2180=EDGE_LOOP('',(#1055,#1056,#1057));
#2181=EDGE_LOOP('',(#1058,#1059,#1060));
#2182=EDGE_LOOP('',(#1061,#1062,#1063));
#2183=EDGE_LOOP('',(#1064,#1065,#1066));
#2184=EDGE_LOOP('',(#1067,#1068,#1069));
#2185=EDGE_LOOP('',(#1070,#1071,#1072));
#2186=EDGE_LOOP('',(#1073,#1074,#1075));
#2187=EDGE_LOOP('',(#1076,#1077,#1078));
#2188=EDGE_LOOP('',(#1079,#1080,#1081));
#2189=EDGE_LOOP('',(#1082,#1083,#1084));
#2190=EDGE_LOOP('',(#1085,#1086,#1087));
#2191=EDGE_LOOP('',(#1088,#1089,#1090));
#2192=EDGE_LOOP('',(#1091,#1092,#1093));
#2193=EDGE_LOOP('',(#1094,#1095,#1096));
#2194=EDGE_LOOP('',(#1097,#1098,#1099));
#2195=EDGE_LOOP('',(#1100,#1101,#1102));
#2196=EDGE_LOOP('',(#1103,#1104,#1105));
#2197=EDGE_LOOP('',(#1106,#1107,#1108));
#2198=EDGE_LOOP('',(#1109,#1110,#1111));
#2199=EDGE_LOOP('',(#1112,#1113,#1114));
#2200=EDGE_LOOP('',(#1115,#1116,#1117));
#2201=EDGE_LOOP('',(#1118,#1119,#1120));
#2202=EDGE_LOOP('',(#1121,#1122,#1123));
#2203=EDGE_LOOP('',(#1124,#1125,#1126));
#2204=EDGE_LOOP('',(#1127,#1128,#1129));
#2205=EDGE_LOOP('',(#1130,#1131,#1132));
#2206=EDGE_LOOP('',(#1133,#1134,#1135));
#2207=EDGE_LOOP('',(#1136,#1137,#1138));
#2208=EDGE_LOOP('',(#1139,#1140,#1141));
#2209=EDGE_LOOP('',(#1142,#1143,#1144));
#2210=EDGE_LOOP('',(#1145,#1146,#1147));
#2211=EDGE_LOOP('',(#1148,#1149,#1150));
#2212=EDGE_LOOP('',(#1151,#1152,#1153));
#2213=EDGE_LOOP('',(#1154,#1155,#1156));
#2214=EDGE_LOOP('',(#1157,#1158,#1159));
#2215=EDGE_LOOP('',(#1160,#1161,#1162));
#2216=EDGE_LOOP('',(#1163,#1164,#1165));
#2217=EDGE_LOOP('',(#1166,#1167,#1168));
#2218=EDGE_LOOP('',(#1169,#1170,#1171,#1172));
#2219=EDGE_LOOP('',(#1173,#1174,#1175,#1176));
#2220=EDGE_LOOP('',(#1177,#1178,#1179,#1180));
#2221=EDGE_LOOP('',(#1181,#1182,#1183));
#2222=EDGE_LOOP('',(#1184,#1185,#1186));
#2223=EDGE_LOOP('',(#1187,#1188,#1189,#1190));
#2224=EDGE_LOOP('',(#1191,#1192,#1193,#1194));
#2225=EDGE_LOOP('',(#1195,#1196,#1197,#1198));
#2226=EDGE_LOOP('',(#1199,#1200,#1201));
#2227=EDGE_LOOP('',(#1202,#1203,#1204));
#2228=EDGE_LOOP('',(#1205,#1206,#1207));
#2229=EDGE_LOOP('',(#1208,#1209,#1210));
#2230=EDGE_LOOP('',(#1211,#1212,#1213));
#2231=EDGE_LOOP('',(#1214,#1215,#1216));
#2232=EDGE_LOOP('',(#1217,#1218,#1219));
#2233=EDGE_LOOP('',(#1220,#1221,#1222));
#2234=EDGE_LOOP('',(#1223,#1224,#1225));
#2235=EDGE_LOOP('',(#1226,#1227,#1228));
#2236=EDGE_LOOP('',(#1229,#1230,#1231));
#2237=EDGE_LOOP('',(#1232,#1233,#1234));
#2238=EDGE_LOOP('',(#1235,#1236,#1237));
#2239=EDGE_LOOP('',(#1238,#1239,#1240));
#2240=EDGE_LOOP('',(#1241,#1242,#1243));
#2241=EDGE_LOOP('',(#1244,#1245,#1246));
#2242=EDGE_LOOP('',(#1247,#1248,#1249));
#2243=EDGE_LOOP('',(#1250,#1251,#1252));
#2244=EDGE_LOOP('',(#1253,#1254,#1255));
#2245=EDGE_LOOP('',(#1256,#1257,#1258));
#2246=EDGE_LOOP('',(#1259,#1260,#1261));
#2247=EDGE_LOOP('',(#1262,#1263,#1264));
#2248=EDGE_LOOP('',(#1265,#1266,#1267));
#2249=EDGE_LOOP('',(#1268,#1269,#1270));
#2250=EDGE_LOOP('',(#1271,#1272,#1273));
#2251=EDGE_LOOP('',(#1274,#1275,#1276));
#2252=EDGE_LOOP('',(#1277,#1278,#1279));
#2253=EDGE_LOOP('',(#1280,#1281,#1282));
#2254=EDGE_LOOP('',(#1283,#1284,#1285));
#2255=EDGE_LOOP('',(#1286,#1287,#1288));
#2256=EDGE_LOOP('',(#1289,#1290,#1291));
#2257=EDGE_LOOP('',(#1292,#1293,#1294));
#2258=EDGE_LOOP('',(#1295,#1296,#1297));
#2259=EDGE_LOOP('',(#1298,#1299,#1300));
#2260=EDGE_LOOP('',(#1301,#1302,#1303));
#2261=EDGE_LOOP('',(#1304,#1305,#1306));
#2262=EDGE_LOOP('',(#1307,#1308,#1309));
#2263=EDGE_LOOP('',(#1310,#1311,#1312));
#2264=EDGE_LOOP('',(#1313,#1314,#1315));
#2265=EDGE_LOOP('',(#1316,#1317,#1318));
#2266=EDGE_LOOP('',(#1319,#1320,#1321));
#2267=EDGE_LOOP('',(#1322,#1323,#1324));
#2268=EDGE_LOOP('',(#1325,#1326,#1327));
#2269=EDGE_LOOP('',(#1328,#1329,#1330));
#2270=EDGE_LOOP('',(#1331,#1332,#1333));
#2271=EDGE_LOOP('',(#1334,#1335,#1336));
#2272=EDGE_LOOP('',(#1337,#1338,#1339));
#2273=EDGE_LOOP('',(#1340,#1341,#1342));
#2274=EDGE_LOOP('',(#1343,#1344,#1345));
#2275=EDGE_LOOP('',(#1346,#1347,#1348));
#2276=EDGE_LOOP('',(#1349,#1350,#1351));
#2277=EDGE_LOOP('',(#1352,#1353,#1354));
#2278=EDGE_LOOP('',(#1355,#1356,#1357));
#2279=EDGE_LOOP('',(#1358,#1359,#1360));
#2280=EDGE_LOOP('',(#1361,#1362,#1363));
#2281=EDGE_LOOP('',(#1364,#1365,#1366));
#2282=EDGE_LOOP('',(#1367,#1368,#1369));
#2283=EDGE_LOOP('',(#1370,#1371,#1372));
#2284=EDGE_LOOP('',(#1373,#1374,#1375));
#2285=EDGE_LOOP('',(#1376,#1377,#1378));
#2286=EDGE_LOOP('',(#1379,#1380,#1381));
#2287=EDGE_LOOP('',(#1382,#1383,#1384));
#2288=EDGE_LOOP('',(#1385,#1386,#1387));
#2289=EDGE_LOOP('',(#1388,#1389,#1390));
#2290=EDGE_LOOP('',(#1391,#1392,#1393));
#2291=EDGE_LOOP('',(#1394,#1395,#1396));
#2292=EDGE_LOOP('',(#1397,#1398,#1399));
#2293=EDGE_LOOP('',(#1400,#1401,#1402,#1403,#1404,#1405,#1406,#1407,#1408,
#1409,#1410,#1411,#1412,#1413,#1414,#1415,#1416,#1417,#1418,#1419,#1420,
#1421,#1422,#1423,#1424,#1425,#1426,#1427,#1428,#1429,#1430,#1431,#1432,
#1433,#1434,#1435,#1436,#1437,#1438,#1439,#1440,#1441,#1442,#1443,#1444,
#1445,#1446,#1447,#1448,#1449,#1450,#1451,#1452,#1453,#1454,#1455,#1456,
#1457,#1458,#1459));
#2294=EDGE_LOOP('',(#1460,#1461,#1462,#1463,#1464,#1465,#1466,#1467,#1468,
#1469,#1470,#1471,#1472,#1473,#1474,#1475,#1476,#1477,#1478,#1479,#1480,
#1481,#1482,#1483,#1484,#1485,#1486,#1487,#1488,#1489,#1490,#1491,#1492,
#1493,#1494,#1495,#1496,#1497,#1498,#1499,#1500,#1501,#1502,#1503,#1504,
#1505,#1506,#1507,#1508,#1509,#1510,#1511,#1512,#1513,#1514,#1515,#1516,
#1517,#1518));
#2295=FACE_BOUND('',#2120,.T.);
#2296=FACE_BOUND('',#2121,.T.);
#2297=FACE_BOUND('',#2122,.T.);
#2298=FACE_BOUND('',#2123,.T.);
#2299=FACE_BOUND('',#2124,.T.);
#2300=FACE_BOUND('',#2125,.T.);
#2301=FACE_BOUND('',#2126,.T.);
#2302=FACE_BOUND('',#2127,.T.);
#2303=FACE_BOUND('',#2128,.T.);
#2304=FACE_BOUND('',#2129,.T.);
#2305=FACE_BOUND('',#2130,.T.);
#2306=FACE_BOUND('',#2131,.T.);
#2307=FACE_BOUND('',#2132,.T.);
#2308=FACE_BOUND('',#2133,.T.);
#2309=FACE_BOUND('',#2134,.T.);
#2310=FACE_BOUND('',#2135,.T.);
#2311=FACE_BOUND('',#2136,.T.);
#2312=FACE_BOUND('',#2137,.T.);
#2313=FACE_BOUND('',#2138,.T.);
#2314=FACE_BOUND('',#2139,.T.);
#2315=FACE_BOUND('',#2140,.T.);
#2316=FACE_BOUND('',#2141,.T.);
#2317=FACE_BOUND('',#2142,.T.);
#2318=FACE_BOUND('',#2143,.T.);
#2319=FACE_BOUND('',#2144,.T.);
#2320=FACE_BOUND('',#2145,.T.);
#2321=FACE_BOUND('',#2146,.T.);
#2322=FACE_BOUND('',#2147,.T.);
#2323=FACE_BOUND('',#2148,.T.);
#2324=FACE_BOUND('',#2149,.T.);
#2325=FACE_BOUND('',#2150,.T.);
#2326=FACE_BOUND('',#2151,.T.);
#2327=FACE_BOUND('',#2152,.T.);
#2328=FACE_BOUND('',#2153,.T.);
#2329=FACE_BOUND('',#2154,.T.);
#2330=FACE_BOUND('',#2155,.T.);
#2331=FACE_BOUND('',#2156,.T.);
#2332=FACE_BOUND('',#2157,.T.);
#2333=FACE_BOUND('',#2158,.T.);
#2334=FACE_BOUND('',#2159,.T.);
#2335=FACE_BOUND('',#2160,.T.);
#2336=FACE_BOUND('',#2161,.T.);
#2337=FACE_BOUND('',#2162,.T.);
#2338=FACE_BOUND('',#2163,.T.);
#2339=FACE_BOUND('',#2164,.T.);
#2340=FACE_BOUND('',#2165,.T.);
#2341=FACE_BOUND('',#2166,.T.);
#2342=FACE_BOUND('',#2167,.T.);
#2343=FACE_BOUND('',#2168,.T.);
#2344=FACE_BOUND('',#2169,.T.);
#2345=FACE_BOUND('',#2170,.T.);
#2346=FACE_BOUND('',#2171,.T.);
#2347=FACE_BOUND('',#2172,.T.);
#2348=FACE_BOUND('',#2173,.T.);
#2349=FACE_BOUND('',#2174,.T.);
#2350=FACE_BOUND('',#2175,.T.);
#2351=FACE_BOUND('',#2176,.T.);
#2352=FACE_BOUND('',#2177,.T.);
#2353=FACE_BOUND('',#2178,.T.);
#2354=FACE_BOUND('',#2179,.T.);
#2355=FACE_BOUND('',#2180,.T.);
#2356=FACE_BOUND('',#2181,.T.);
#2357=FACE_BOUND('',#2182,.T.);
#2358=FACE_BOUND('',#2183,.T.);
#2359=FACE_BOUND('',#2184,.T.);
#2360=FACE_BOUND('',#2185,.T.);
#2361=FACE_BOUND('',#2186,.T.);
#2362=FACE_BOUND('',#2187,.T.);
#2363=FACE_BOUND('',#2188,.T.);
#2364=FACE_BOUND('',#2189,.T.);
#2365=FACE_BOUND('',#2190,.T.);
#2366=FACE_BOUND('',#2191,.T.);
#2367=FACE_BOUND('',#2192,.T.);
#2368=FACE_BOUND('',#2193,.T.);
#2369=FACE_BOUND('',#2194,.T.);
#2370=FACE_BOUND('',#2195,.T.);
#2371=FACE_BOUND('',#2196,.T.);
#2372=FACE_BOUND('',#2197,.T.);
#2373=FACE_BOUND('',#2198,.T.);
#2374=FACE_BOUND('',#2199,.T.);
#2375=FACE_BOUND('',#2200,.T.);
#2376=FACE_BOUND('',#2201,.T.);
#2377=FACE_BOUND('',#2202,.T.);
#2378=FACE_BOUND('',#2203,.T.);
#2379=FACE_BOUND('',#2204,.T.);
#2380=FACE_BOUND('',#2205,.T.);
#2381=FACE_BOUND('',#2206,.T.);
#2382=FACE_BOUND('',#2207,.T.);
#2383=FACE_BOUND('',#2208,.T.);
#2384=FACE_BOUND('',#2209,.T.);
#2385=FACE_BOUND('',#2210,.T.);
#2386=FACE_BOUND('',#2211,.T.);
#2387=FACE_BOUND('',#2212,.T.);
#2388=FACE_BOUND('',#2213,.T.);
#2389=FACE_BOUND('',#2214,.T.);
#2390=FACE_BOUND('',#2215,.T.);
#2391=FACE_BOUND('',#2216,.T.);
#2392=FACE_BOUND('',#2217,.T.);
#2393=FACE_BOUND('',#2218,.T.);
#2394=FACE_BOUND('',#2219,.T.);
#2395=FACE_BOUND('',#2220,.T.);
#2396=FACE_BOUND('',#2221,.T.);
#2397=FACE_BOUND('',#2222,.T.);
#2398=FACE_BOUND('',#2223,.T.);
#2399=FACE_BOUND('',#2224,.T.);
#2400=FACE_BOUND('',#2225,.T.);
#2401=FACE_BOUND('',#2226,.T.);
#2402=FACE_BOUND('',#2227,.T.);
#2403=FACE_BOUND('',#2228,.T.);
#2404=FACE_BOUND('',#2229,.T.);
#2405=FACE_BOUND('',#2230,.T.);
#2406=FACE_BOUND('',#2231,.T.);
#2407=FACE_BOUND('',#2232,.T.);
#2408=FACE_BOUND('',#2233,.T.);
#2409=FACE_BOUND('',#2234,.T.);
#2410=FACE_BOUND('',#2235,.T.);
#2411=FACE_BOUND('',#2236,.T.);
#2412=FACE_BOUND('',#2237,.T.);
#2413=FACE_BOUND('',#2238,.T.);
#2414=FACE_BOUND('',#2239,.T.);
#2415=FACE_BOUND('',#2240,.T.);
#2416=FACE_BOUND('',#2241,.T.);
#2417=FACE_BOUND('',#2242,.T.);
#2418=FACE_BOUND('',#2243,.T.);
#2419=FACE_BOUND('',#2244,.T.);
#2420=FACE_BOUND('',#2245,.T.);
#2421=FACE_BOUND('',#2246,.T.);
#2422=FACE_BOUND('',#2247,.T.);
#2423=FACE_BOUND('',#2248,.T.);
#2424=FACE_BOUND('',#2249,.T.);
#2425=FACE_BOUND('',#2250,.T.);
#2426=FACE_BOUND('',#2251,.T.);
#2427=FACE_BOUND('',#2252,.T.);
#2428=FACE_BOUND('',#2253,.T.);
#2429=FACE_BOUND('',#2254,.T.);
#2430=FACE_BOUND('',#2255,.T.);
#2431=FACE_BOUND('',#2256,.T.);
#2432=FACE_BOUND('',#2257,.T.);
#2433=FACE_BOUND('',#2258,.T.);
#2434=FACE_BOUND('',#2259,.T.);
#2435=FACE_BOUND('',#2260,.T.);
#2436=FACE_BOUND('',#2261,.T.);
#2437=FACE_BOUND('',#2262,.T.);
#2438=FACE_BOUND('',#2263,.T.);
#2439=FACE_BOUND('',#2264,.T.);
#2440=FACE_BOUND('',#2265,.T.);
#2441=FACE_BOUND('',#2266,.T.);
#2442=FACE_BOUND('',#2267,.T.);
#2443=FACE_BOUND('',#2268,.T.);
#2444=FACE_BOUND('',#2269,.T.);
#2445=FACE_BOUND('',#2270,.T.);
#2446=FACE_BOUND('',#2271,.T.);
#2447=FACE_BOUND('',#2272,.T.);
#2448=FACE_BOUND('',#2273,.T.);
#2449=FACE_BOUND('',#2274,.T.);
#2450=FACE_BOUND('',#2275,.T.);
#2451=FACE_BOUND('',#2276,.T.);
#2452=FACE_BOUND('',#2277,.T.);
#2453=FACE_BOUND('',#2278,.T.);
#2454=FACE_BOUND('',#2279,.T.);
#2455=FACE_BOUND('',#2280,.T.);
#2456=FACE_BOUND('',#2281,.T.);
#2457=FACE_BOUND('',#2282,.T.);
#2458=FACE_BOUND('',#2283,.T.);
#2459=FACE_BOUND('',#2284,.T.);
#2460=FACE_BOUND('',#2285,.T.);
#2461=FACE_BOUND('',#2286,.T.);
#2462=FACE_BOUND('',#2287,.T.);
#2463=FACE_BOUND('',#2288,.T.);
#2464=FACE_BOUND('',#2289,.T.);
#2465=FACE_BOUND('',#2290,.T.);
#2466=FACE_BOUND('',#2291,.T.);
#2467=FACE_BOUND('',#2292,.T.);
#2468=FACE_BOUND('',#2293,.T.);
#2469=FACE_BOUND('',#2294,.T.);
#2470=CYLINDRICAL_SURFACE('',#3012,7.);
#2471=CYLINDRICAL_SURFACE('',#3015,7.);
#2472=CYLINDRICAL_SURFACE('',#3018,7.);
#2473=CYLINDRICAL_SURFACE('',#3021,7.);
#2474=CYLINDRICAL_SURFACE('',#3024,7.);
#2475=CYLINDRICAL_SURFACE('',#3027,7.);
#2476=CYLINDRICAL_SURFACE('',#3030,7.);
#2477=CYLINDRICAL_SURFACE('',#3033,7.);
#2478=CYLINDRICAL_SURFACE('',#3036,7.);
#2479=CYLINDRICAL_SURFACE('',#3039,7.);
#2480=CYLINDRICAL_SURFACE('',#3042,7.);
#2481=CYLINDRICAL_SURFACE('',#3045,7.);
#2482=CYLINDRICAL_SURFACE('',#3048,7.);
#2483=CYLINDRICAL_SURFACE('',#3051,7.);
#2484=CYLINDRICAL_SURFACE('',#3054,7.);
#2485=CYLINDRICAL_SURFACE('',#3057,7.);
#2486=CYLINDRICAL_SURFACE('',#3060,7.);
#2487=CYLINDRICAL_SURFACE('',#3063,7.);
#2488=CYLINDRICAL_SURFACE('',#3066,7.);
#2489=CYLINDRICAL_SURFACE('',#3069,7.);
#2490=CYLINDRICAL_SURFACE('',#3072,7.);
#2491=CYLINDRICAL_SURFACE('',#3075,7.);
#2492=CYLINDRICAL_SURFACE('',#3078,7.);
#2493=CYLINDRICAL_SURFACE('',#3081,7.);
#2494=CYLINDRICAL_SURFACE('',#3112,6.);
#2495=CYLINDRICAL_SURFACE('',#3116,3.);
#2496=CYLINDRICAL_SURFACE('',#3120,0.5);
#2497=CYLINDRICAL_SURFACE('',#3121,0.5);
#2498=CYLINDRICAL_SURFACE('',#3122,0.5);
#2499=CYLINDRICAL_SURFACE('',#3123,0.5);
#2500=CYLINDRICAL_SURFACE('',#3124,0.5);
#2501=CYLINDRICAL_SURFACE('',#3125,0.5);
#2502=CYLINDRICAL_SURFACE('',#3126,0.5);
#2503=CYLINDRICAL_SURFACE('',#3127,0.5);
#2504=CYLINDRICAL_SURFACE('',#3128,0.5);
#2505=CYLINDRICAL_SURFACE('',#3129,0.5);
#2506=CYLINDRICAL_SURFACE('',#3130,0.5);
#2507=CYLINDRICAL_SURFACE('',#3131,0.5);
#2508=CYLINDRICAL_SURFACE('',#3132,0.5);
#2509=CYLINDRICAL_SURFACE('',#3133,0.5);
#2510=CYLINDRICAL_SURFACE('',#3134,0.5);
#2511=CYLINDRICAL_SURFACE('',#3135,0.5);
#2512=CYLINDRICAL_SURFACE('',#3136,0.5);
#2513=CYLINDRICAL_SURFACE('',#3137,0.5);
#2514=CYLINDRICAL_SURFACE('',#3138,0.5);
#2515=CYLINDRICAL_SURFACE('',#3139,0.5);
#2516=CYLINDRICAL_SURFACE('',#3140,0.5);
#2517=CYLINDRICAL_SURFACE('',#3141,0.5);
#2518=CYLINDRICAL_SURFACE('',#3142,0.5);
#2519=CYLINDRICAL_SURFACE('',#3143,0.5);
#2520=ADVANCED_FACE('',(#2295),#2470,.T.);
#2521=ADVANCED_FACE('',(#2296),#2471,.T.);
#2522=ADVANCED_FACE('',(#2297),#2472,.T.);
#2523=ADVANCED_FACE('',(#2298),#2473,.T.);
#2524=ADVANCED_FACE('',(#2299),#2474,.T.);
#2525=ADVANCED_FACE('',(#2300),#2475,.T.);
#2526=ADVANCED_FACE('',(#2301),#2476,.T.);
#2527=ADVANCED_FACE('',(#2302),#2477,.T.);
#2528=ADVANCED_FACE('',(#2303),#2478,.T.);
#2529=ADVANCED_FACE('',(#2304),#2479,.T.);
#2530=ADVANCED_FACE('',(#2305),#2480,.T.);
#2531=ADVANCED_FACE('',(#2306),#2481,.T.);
#2532=ADVANCED_FACE('',(#2307),#2482,.T.);
#2533=ADVANCED_FACE('',(#2308),#2483,.T.);
#2534=ADVANCED_FACE('',(#2309),#2484,.T.);
#2535=ADVANCED_FACE('',(#2310),#2485,.T.);
#2536=ADVANCED_FACE('',(#2311),#2486,.T.);
#2537=ADVANCED_FACE('',(#2312),#2487,.T.);
#2538=ADVANCED_FACE('',(#2313),#2488,.T.);
#2539=ADVANCED_FACE('',(#2314),#2489,.T.);
#2540=ADVANCED_FACE('',(#2315),#2490,.T.);
#2541=ADVANCED_FACE('',(#2316),#2491,.T.);
#2542=ADVANCED_FACE('',(#2317),#2492,.T.);
#2543=ADVANCED_FACE('',(#2318),#2493,.T.);
#2544=ADVANCED_FACE('',(#2319),#78,.T.);
#2545=ADVANCED_FACE('',(#2320,#2321),#79,.F.);
#2546=ADVANCED_FACE('',(#2322,#2323),#2494,.F.);
#2547=ADVANCED_FACE('',(#2324,#2325),#80,.T.);
#2548=ADVANCED_FACE('',(#2326,#2327),#2495,.F.);
#2549=ADVANCED_FACE('',(#2328),#81,.T.);
#2550=ADVANCED_FACE('',(#2329,#2330),#77,.T.);
#2551=ADVANCED_FACE('',(#2331),#2496,.F.);
#2552=ADVANCED_FACE('',(#2332),#2497,.F.);
#2553=ADVANCED_FACE('',(#2333),#2498,.F.);
#2554=ADVANCED_FACE('',(#2334),#2499,.F.);
#2555=ADVANCED_FACE('',(#2335),#2500,.F.);
#2556=ADVANCED_FACE('',(#2336),#2501,.F.);
#2557=ADVANCED_FACE('',(#2337),#2502,.F.);
#2558=ADVANCED_FACE('',(#2338),#2503,.F.);
#2559=ADVANCED_FACE('',(#2339),#2504,.F.);
#2560=ADVANCED_FACE('',(#2340),#2505,.F.);
#2561=ADVANCED_FACE('',(#2341),#2506,.F.);
#2562=ADVANCED_FACE('',(#2342),#2507,.F.);
#2563=ADVANCED_FACE('',(#2343),#2508,.F.);
#2564=ADVANCED_FACE('',(#2344),#2509,.F.);
#2565=ADVANCED_FACE('',(#2345),#2510,.F.);
#2566=ADVANCED_FACE('',(#2346),#2511,.F.);
#2567=ADVANCED_FACE('',(#2347),#2512,.F.);
#2568=ADVANCED_FACE('',(#2348),#2513,.F.);
#2569=ADVANCED_FACE('',(#2349),#2514,.F.);
#2570=ADVANCED_FACE('',(#2350),#2515,.F.);
#2571=ADVANCED_FACE('',(#2351),#2516,.F.);
#2572=ADVANCED_FACE('',(#2352),#2517,.F.);
#2573=ADVANCED_FACE('',(#2353),#2518,.F.);
#2574=ADVANCED_FACE('',(#2354),#2519,.F.);
#2575=ADVANCED_FACE('',(#2355),#82,.T.);
#2576=ADVANCED_FACE('',(#2356),#83,.T.);
#2577=ADVANCED_FACE('',(#2357),#84,.T.);
#2578=ADVANCED_FACE('',(#2358),#85,.T.);
#2579=ADVANCED_FACE('',(#2359),#86,.T.);
#2580=ADVANCED_FACE('',(#2360),#87,.T.);
#2581=ADVANCED_FACE('',(#2361),#88,.T.);
#2582=ADVANCED_FACE('',(#2362),#89,.T.);
#2583=ADVANCED_FACE('',(#2363),#90,.T.);
#2584=ADVANCED_FACE('',(#2364),#91,.T.);
#2585=ADVANCED_FACE('',(#2365),#92,.T.);
#2586=ADVANCED_FACE('',(#2366),#93,.T.);
#2587=ADVANCED_FACE('',(#2367),#94,.T.);
#2588=ADVANCED_FACE('',(#2368),#95,.T.);
#2589=ADVANCED_FACE('',(#2369),#96,.T.);
#2590=ADVANCED_FACE('',(#2370),#97,.T.);
#2591=ADVANCED_FACE('',(#2371),#98,.T.);
#2592=ADVANCED_FACE('',(#2372),#99,.T.);
#2593=ADVANCED_FACE('',(#2373),#100,.T.);
#2594=ADVANCED_FACE('',(#2374),#101,.T.);
#2595=ADVANCED_FACE('',(#2375),#102,.T.);
#2596=ADVANCED_FACE('',(#2376),#103,.T.);
#2597=ADVANCED_FACE('',(#2377),#104,.T.);
#2598=ADVANCED_FACE('',(#2378),#105,.T.);
#2599=ADVANCED_FACE('',(#2379),#106,.T.);
#2600=ADVANCED_FACE('',(#2380),#107,.T.);
#2601=ADVANCED_FACE('',(#2381),#108,.T.);
#2602=ADVANCED_FACE('',(#2382),#109,.T.);
#2603=ADVANCED_FACE('',(#2383),#110,.T.);
#2604=ADVANCED_FACE('',(#2384),#111,.T.);
#2605=ADVANCED_FACE('',(#2385),#112,.T.);
#2606=ADVANCED_FACE('',(#2386),#113,.T.);
#2607=ADVANCED_FACE('',(#2387),#114,.T.);
#2608=ADVANCED_FACE('',(#2388),#115,.T.);
#2609=ADVANCED_FACE('',(#2389),#116,.T.);
#2610=ADVANCED_FACE('',(#2390),#117,.T.);
#2611=ADVANCED_FACE('',(#2391),#118,.T.);
#2612=ADVANCED_FACE('',(#2392),#119,.T.);
#2613=ADVANCED_FACE('',(#2393),#120,.T.);
#2614=ADVANCED_FACE('',(#2394),#121,.T.);
#2615=ADVANCED_FACE('',(#2395),#122,.T.);
#2616=ADVANCED_FACE('',(#2396),#123,.T.);
#2617=ADVANCED_FACE('',(#2397),#124,.T.);
#2618=ADVANCED_FACE('',(#2398),#125,.T.);
#2619=ADVANCED_FACE('',(#2399),#126,.T.);
#2620=ADVANCED_FACE('',(#2400),#127,.T.);
#2621=ADVANCED_FACE('',(#2401),#128,.T.);
#2622=ADVANCED_FACE('',(#2402),#129,.T.);
#2623=ADVANCED_FACE('',(#2403),#130,.T.);
#2624=ADVANCED_FACE('',(#2404),#131,.T.);
#2625=ADVANCED_FACE('',(#2405),#132,.T.);
#2626=ADVANCED_FACE('',(#2406),#133,.T.);
#2627=ADVANCED_FACE('',(#2407),#134,.T.);
#2628=ADVANCED_FACE('',(#2408),#135,.T.);
#2629=ADVANCED_FACE('',(#2409),#136,.T.);
#2630=ADVANCED_FACE('',(#2410),#137,.T.);
#2631=ADVANCED_FACE('',(#2411),#138,.T.);
#2632=ADVANCED_FACE('',(#2412),#139,.T.);
#2633=ADVANCED_FACE('',(#2413),#140,.T.);
#2634=ADVANCED_FACE('',(#2414),#141,.T.);
#2635=ADVANCED_FACE('',(#2415),#142,.T.);
#2636=ADVANCED_FACE('',(#2416),#143,.T.);
#2637=ADVANCED_FACE('',(#2417),#144,.T.);
#2638=ADVANCED_FACE('',(#2418),#145,.T.);
#2639=ADVANCED_FACE('',(#2419),#146,.T.);
#2640=ADVANCED_FACE('',(#2420),#147,.T.);
#2641=ADVANCED_FACE('',(#2421),#148,.T.);
#2642=ADVANCED_FACE('',(#2422),#149,.T.);
#2643=ADVANCED_FACE('',(#2423),#150,.T.);
#2644=ADVANCED_FACE('',(#2424),#151,.T.);
#2645=ADVANCED_FACE('',(#2425),#152,.T.);
#2646=ADVANCED_FACE('',(#2426),#153,.T.);
#2647=ADVANCED_FACE('',(#2427),#154,.T.);
#2648=ADVANCED_FACE('',(#2428),#155,.T.);
#2649=ADVANCED_FACE('',(#2429),#156,.T.);
#2650=ADVANCED_FACE('',(#2430),#157,.T.);
#2651=ADVANCED_FACE('',(#2431),#158,.T.);
#2652=ADVANCED_FACE('',(#2432),#159,.T.);
#2653=ADVANCED_FACE('',(#2433),#160,.T.);
#2654=ADVANCED_FACE('',(#2434),#161,.T.);
#2655=ADVANCED_FACE('',(#2435),#162,.T.);
#2656=ADVANCED_FACE('',(#2436),#163,.T.);
#2657=ADVANCED_FACE('',(#2437),#164,.T.);
#2658=ADVANCED_FACE('',(#2438),#165,.T.);
#2659=ADVANCED_FACE('',(#2439),#166,.T.);
#2660=ADVANCED_FACE('',(#2440),#167,.T.);
#2661=ADVANCED_FACE('',(#2441),#168,.T.);
#2662=ADVANCED_FACE('',(#2442),#169,.T.);
#2663=ADVANCED_FACE('',(#2443),#170,.T.);
#2664=ADVANCED_FACE('',(#2444),#171,.T.);
#2665=ADVANCED_FACE('',(#2445),#172,.T.);
#2666=ADVANCED_FACE('',(#2446),#173,.T.);
#2667=ADVANCED_FACE('',(#2447),#174,.T.);
#2668=ADVANCED_FACE('',(#2448),#175,.T.);
#2669=ADVANCED_FACE('',(#2449),#176,.T.);
#2670=ADVANCED_FACE('',(#2450),#177,.T.);
#2671=ADVANCED_FACE('',(#2451),#178,.T.);
#2672=ADVANCED_FACE('',(#2452),#179,.T.);
#2673=ADVANCED_FACE('',(#2453),#180,.T.);
#2674=ADVANCED_FACE('',(#2454),#181,.T.);
#2675=ADVANCED_FACE('',(#2455),#182,.T.);
#2676=ADVANCED_FACE('',(#2456),#183,.T.);
#2677=ADVANCED_FACE('',(#2457),#184,.T.);
#2678=ADVANCED_FACE('',(#2458),#185,.T.);
#2679=ADVANCED_FACE('',(#2459),#186,.T.);
#2680=ADVANCED_FACE('',(#2460),#187,.T.);
#2681=ADVANCED_FACE('',(#2461),#188,.T.);
#2682=ADVANCED_FACE('',(#2462),#189,.T.);
#2683=ADVANCED_FACE('',(#2463),#190,.T.);
#2684=ADVANCED_FACE('',(#2464),#191,.T.);
#2685=ADVANCED_FACE('',(#2465),#192,.T.);
#2686=ADVANCED_FACE('',(#2466),#193,.T.);
#2687=ADVANCED_FACE('',(#2467),#194,.T.);
#2688=ADVANCED_FACE('',(#2468),#195,.T.);
#2689=ADVANCED_FACE('',(#2469),#196,.F.);
#2690=CLOSED_SHELL('',(#2520,#2521,#2522,#2523,#2524,#2525,#2526,#2527,
#2528,#2529,#2530,#2531,#2532,#2533,#2534,#2535,#2536,#2537,#2538,#2539,
#2540,#2541,#2542,#2543,#2544,#2545,#2546,#2547,#2548,#2549,#2550,#2551,
#2552,#2553,#2554,#2555,#2556,#2557,#2558,#2559,#2560,#2561,#2562,#2563,
#2564,#2565,#2566,#2567,#2568,#2569,#2570,#2571,#2572,#2573,#2574));
#2691=CLOSED_SHELL('',(#2575,#2576,#2577,#2578,#2579,#2580,#2581,#2582,
#2583,#2584,#2585,#2586,#2587,#2588,#2589,#2590,#2591,#2592,#2593,#2594,
#2595,#2596,#2597,#2598,#2599,#2600,#2601,#2602,#2603,#2604,#2605,#2606,
#2607,#2608,#2609,#2610,#2611,#2612,#2613,#2614,#2615,#2616,#2617,#2618,
#2619,#2620,#2621,#2622,#2623,#2624,#2625,#2626,#2627,#2628,#2629,#2630,
#2631,#2632,#2633,#2634,#2635,#2636,#2637,#2638,#2639,#2640,#2641,#2642,
#2643,#2644,#2645,#2646,#2647,#2648,#2649,#2650,#2651,#2652,#2653,#2654,
#2655,#2656,#2657,#2658,#2659,#2660,#2661,#2662,#2663,#2664,#2665,#2666,
#2667,#2668,#2669,#2670,#2671,#2672,#2673,#2674,#2675,#2676,#2677,#2678,
#2679,#2680,#2681,#2682,#2683,#2684,#2685,#2686,#2687,#2688,#2689));
#2692=SURFACE_STYLE_USAGE(.BOTH.,#2694);
#2693=SURFACE_STYLE_USAGE(.BOTH.,#2695);
#2694=SURFACE_SIDE_STYLE('',(#2696));
#2695=SURFACE_SIDE_STYLE('',(#2697));
#2696=SURFACE_STYLE_FILL_AREA(#2698);
#2697=SURFACE_STYLE_FILL_AREA(#2699);
#2698=FILL_AREA_STYLE('',(#2700));
#2699=FILL_AREA_STYLE('',(#2701));
#2700=FILL_AREA_STYLE_COLOUR('',#2790);
#2701=FILL_AREA_STYLE_COLOUR('',#2791);
#2702=MANIFOLD_SOLID_BREP('',#2690);
#2703=MANIFOLD_SOLID_BREP('',#2691);
#2704=STYLED_ITEM('',(#2733),#2819);
#2705=STYLED_ITEM('',(#2734),#2820);
#2706=STYLED_ITEM('',(#2735),#2821);
#2707=STYLED_ITEM('',(#2736),#2822);
#2708=STYLED_ITEM('',(#2737),#2823);
#2709=STYLED_ITEM('',(#2738),#2824);
#2710=STYLED_ITEM('',(#2739),#2825);
#2711=STYLED_ITEM('',(#2740),#2826);
#2712=STYLED_ITEM('',(#2741),#2827);
#2713=STYLED_ITEM('',(#2742),#2828);
#2714=STYLED_ITEM('',(#2743),#2829);
#2715=STYLED_ITEM('',(#2744),#2830);
#2716=STYLED_ITEM('',(#2745),#2831);
#2717=STYLED_ITEM('',(#2746),#2832);
#2718=STYLED_ITEM('',(#2747),#2833);
#2719=STYLED_ITEM('',(#2748),#2834);
#2720=STYLED_ITEM('',(#2749),#2835);
#2721=STYLED_ITEM('',(#2750),#2836);
#2722=STYLED_ITEM('',(#2751),#2837);
#2723=STYLED_ITEM('',(#2752),#2838);
#2724=STYLED_ITEM('',(#2753),#2839);
#2725=STYLED_ITEM('',(#2754),#2840);
#2726=STYLED_ITEM('',(#2755),#2841);
#2727=STYLED_ITEM('',(#2756),#2842);
#2728=STYLED_ITEM('',(#2757),#2843);
#2729=STYLED_ITEM('',(#2758),#2844);
#2730=STYLED_ITEM('',(#2759),#2845);
#2731=STYLED_ITEM('',(#2760),#2702);
#2732=STYLED_ITEM('',(#2761),#2703);
#2733=PRESENTATION_STYLE_ASSIGNMENT((#2762));
#2734=PRESENTATION_STYLE_ASSIGNMENT((#2763));
#2735=PRESENTATION_STYLE_ASSIGNMENT((#2764));
#2736=PRESENTATION_STYLE_ASSIGNMENT((#2765));
#2737=PRESENTATION_STYLE_ASSIGNMENT((#2766));
#2738=PRESENTATION_STYLE_ASSIGNMENT((#2767));
#2739=PRESENTATION_STYLE_ASSIGNMENT((#2768));
#2740=PRESENTATION_STYLE_ASSIGNMENT((#2769));
#2741=PRESENTATION_STYLE_ASSIGNMENT((#2770));
#2742=PRESENTATION_STYLE_ASSIGNMENT((#2771));
#2743=PRESENTATION_STYLE_ASSIGNMENT((#2772));
#2744=PRESENTATION_STYLE_ASSIGNMENT((#2773));
#2745=PRESENTATION_STYLE_ASSIGNMENT((#2774));
#2746=PRESENTATION_STYLE_ASSIGNMENT((#2775));
#2747=PRESENTATION_STYLE_ASSIGNMENT((#2776));
#2748=PRESENTATION_STYLE_ASSIGNMENT((#2777));
#2749=PRESENTATION_STYLE_ASSIGNMENT((#2778));
#2750=PRESENTATION_STYLE_ASSIGNMENT((#2779));
#2751=PRESENTATION_STYLE_ASSIGNMENT((#2780));
#2752=PRESENTATION_STYLE_ASSIGNMENT((#2781));
#2753=PRESENTATION_STYLE_ASSIGNMENT((#2782));
#2754=PRESENTATION_STYLE_ASSIGNMENT((#2783));
#2755=PRESENTATION_STYLE_ASSIGNMENT((#2784));
#2756=PRESENTATION_STYLE_ASSIGNMENT((#2785));
#2757=PRESENTATION_STYLE_ASSIGNMENT((#2786));
#2758=PRESENTATION_STYLE_ASSIGNMENT((#2787));
#2759=PRESENTATION_STYLE_ASSIGNMENT((#2788));
#2760=PRESENTATION_STYLE_ASSIGNMENT((#2692));
#2761=PRESENTATION_STYLE_ASSIGNMENT((#2693));
#2762=CURVE_STYLE('',#2792,POSITIVE_LENGTH_MEASURE(0.),#2789);
#2763=CURVE_STYLE('',#2793,POSITIVE_LENGTH_MEASURE(0.),#2789);
#2764=CURVE_STYLE('',#2794,POSITIVE_LENGTH_MEASURE(0.),#2789);
#2765=CURVE_STYLE('',#2795,POSITIVE_LENGTH_MEASURE(0.),#2789);
#2766=CURVE_STYLE('',#2796,POSITIVE_LENGTH_MEASURE(0.),#2789);
#2767=CURVE_STYLE('',#2797,POSITIVE_LENGTH_MEASURE(0.),#2789);
#2768=CURVE_STYLE('',#2798,POSITIVE_LENGTH_MEASURE(0.),#2789);
#2769=CURVE_STYLE('',#2799,POSITIVE_LENGTH_MEASURE(0.),#2789);
#2770=CURVE_STYLE('',#2800,POSITIVE_LENGTH_MEASURE(0.),#2789);
#2771=CURVE_STYLE('',#2801,POSITIVE_LENGTH_MEASURE(0.),#2789);
#2772=CURVE_STYLE('',#2802,POSITIVE_LENGTH_MEASURE(0.),#2789);
#2773=CURVE_STYLE('',#2803,POSITIVE_LENGTH_MEASURE(0.),#2789);
#2774=CURVE_STYLE('',#2804,POSITIVE_LENGTH_MEASURE(0.),#2789);
#2775=CURVE_STYLE('',#2805,POSITIVE_LENGTH_MEASURE(0.),#2789);
#2776=CURVE_STYLE('',#2806,POSITIVE_LENGTH_MEASURE(0.),#2789);
#2777=CURVE_STYLE('',#2807,POSITIVE_LENGTH_MEASURE(0.),#2789);
#2778=CURVE_STYLE('',#2808,POSITIVE_LENGTH_MEASURE(0.),#2789);
#2779=CURVE_STYLE('',#2809,POSITIVE_LENGTH_MEASURE(0.),#2789);
#2780=CURVE_STYLE('',#2810,POSITIVE_LENGTH_MEASURE(0.),#2789);
#2781=CURVE_STYLE('',#2811,POSITIVE_LENGTH_MEASURE(0.),#2789);
#2782=CURVE_STYLE('',#2812,POSITIVE_LENGTH_MEASURE(0.),#2789);
#2783=CURVE_STYLE('',#2813,POSITIVE_LENGTH_MEASURE(0.),#2789);
#2784=CURVE_STYLE('',#2814,POSITIVE_LENGTH_MEASURE(0.),#2789);
#2785=CURVE_STYLE('',#2815,POSITIVE_LENGTH_MEASURE(0.),#2789);
#2786=CURVE_STYLE('',#2816,POSITIVE_LENGTH_MEASURE(0.),#2789);
#2787=CURVE_STYLE('',#2817,POSITIVE_LENGTH_MEASURE(0.),#2789);
#2788=CURVE_STYLE('',#2818,POSITIVE_LENGTH_MEASURE(0.),#2789);
#2789=COLOUR_RGB('',0.200000002980232,0.400000005960464,0.800000011920929);
#2790=COLOUR_RGB('',0.596063172350652,0.666666666666667,0.686259250782025);
#2791=COLOUR_RGB('',0.160769054703594,0.141176470588235,0.133318074311437);
#2792=DRAUGHTING_PRE_DEFINED_CURVE_FONT('continuous');
#2793=DRAUGHTING_PRE_DEFINED_CURVE_FONT('continuous');
#2794=DRAUGHTING_PRE_DEFINED_CURVE_FONT('continuous');
#2795=DRAUGHTING_PRE_DEFINED_CURVE_FONT('continuous');
#2796=DRAUGHTING_PRE_DEFINED_CURVE_FONT('continuous');
#2797=DRAUGHTING_PRE_DEFINED_CURVE_FONT('continuous');
#2798=DRAUGHTING_PRE_DEFINED_CURVE_FONT('continuous');
#2799=DRAUGHTING_PRE_DEFINED_CURVE_FONT('continuous');
#2800=DRAUGHTING_PRE_DEFINED_CURVE_FONT('continuous');
#2801=DRAUGHTING_PRE_DEFINED_CURVE_FONT('continuous');
#2802=DRAUGHTING_PRE_DEFINED_CURVE_FONT('continuous');
#2803=DRAUGHTING_PRE_DEFINED_CURVE_FONT('continuous');
#2804=DRAUGHTING_PRE_DEFINED_CURVE_FONT('continuous');
#2805=DRAUGHTING_PRE_DEFINED_CURVE_FONT('continuous');
#2806=DRAUGHTING_PRE_DEFINED_CURVE_FONT('continuous');
#2807=DRAUGHTING_PRE_DEFINED_CURVE_FONT('continuous');
#2808=DRAUGHTING_PRE_DEFINED_CURVE_FONT('continuous');
#2809=DRAUGHTING_PRE_DEFINED_CURVE_FONT('continuous');
#2810=DRAUGHTING_PRE_DEFINED_CURVE_FONT('continuous');
#2811=DRAUGHTING_PRE_DEFINED_CURVE_FONT('continuous');
#2812=DRAUGHTING_PRE_DEFINED_CURVE_FONT('continuous');
#2813=DRAUGHTING_PRE_DEFINED_CURVE_FONT('continuous');
#2814=DRAUGHTING_PRE_DEFINED_CURVE_FONT('continuous');
#2815=DRAUGHTING_PRE_DEFINED_CURVE_FONT('continuous');
#2816=DRAUGHTING_PRE_DEFINED_CURVE_FONT('continuous');
#2817=DRAUGHTING_PRE_DEFINED_CURVE_FONT('continuous');
#2818=DRAUGHTING_PRE_DEFINED_CURVE_FONT('continuous');
#2819=TRIMMED_CURVE('',#2846,(PARAMETER_VALUE(7.58941520739854E-16)),(
PARAMETER_VALUE(6.28318530717959)),.T.,.PARAMETER.);
#2820=TRIMMED_CURVE('',#2847,(PARAMETER_VALUE(0.)),(PARAMETER_VALUE(6.28318530717959)),
 .T.,.PARAMETER.);
#2821=TRIMMED_CURVE('',#2848,(PARAMETER_VALUE(1.0842021724855E-16)),(
PARAMETER_VALUE(6.28318530717959)),.T.,.PARAMETER.);
#2822=TRIMMED_CURVE('',#2849,(PARAMETER_VALUE(3.25260651745651E-16)),(
PARAMETER_VALUE(6.28318530717959)),.T.,.PARAMETER.);
#2823=TRIMMED_CURVE('',#2850,(PARAMETER_VALUE(0.)),(PARAMETER_VALUE(6.28318530717959)),
 .T.,.PARAMETER.);
#2824=TRIMMED_CURVE('',#2851,(PARAMETER_VALUE(4.16333634234434E-17)),(
PARAMETER_VALUE(6.28318530717959)),.T.,.PARAMETER.);
#2825=TRIMMED_CURVE('',#2852,(PARAMETER_VALUE(6.50521303491302E-16)),(
PARAMETER_VALUE(6.28318530717959)),.T.,.PARAMETER.);
#2826=TRIMMED_CURVE('',#2853,(PARAMETER_VALUE(0.)),(PARAMETER_VALUE(6.28318530717959)),
 .T.,.PARAMETER.);
#2827=TRIMMED_CURVE('',#2854,(PARAMETER_VALUE(2.16840434497101E-16)),(
PARAMETER_VALUE(6.28318530717959)),.T.,.PARAMETER.);
#2828=TRIMMED_CURVE('',#2855,(PARAMETER_VALUE(3.79470760369926E-16)),(
PARAMETER_VALUE(6.28318530717959)),.T.,.PARAMETER.);
#2829=TRIMMED_CURVE('',#2856,(PARAMETER_VALUE(6.28318530717959)),(
PARAMETER_VALUE(12.5663706143592)),.T.,.PARAMETER.);
#2830=TRIMMED_CURVE('',#2857,(PARAMETER_VALUE(4.16333634234434E-17)),(
PARAMETER_VALUE(6.28318530717959)),.T.,.PARAMETER.);
#2831=TRIMMED_CURVE('',#2858,(PARAMETER_VALUE(5.42101086242753E-16)),(
PARAMETER_VALUE(6.28318530717959)),.T.,.PARAMETER.);
#2832=TRIMMED_CURVE('',#2859,(PARAMETER_VALUE(0.)),(PARAMETER_VALUE(6.28318530717959)),
 .T.,.PARAMETER.);
#2833=TRIMMED_CURVE('',#2860,(PARAMETER_VALUE(1.0842021724855E-16)),(
PARAMETER_VALUE(6.28318530717959)),.T.,.PARAMETER.);
#2834=TRIMMED_CURVE('',#2861,(PARAMETER_VALUE(3.25260651745651E-16)),(
PARAMETER_VALUE(6.28318530717959)),.T.,.PARAMETER.);
#2835=TRIMMED_CURVE('',#2862,(PARAMETER_VALUE(6.28318530717959)),(
PARAMETER_VALUE(12.5663706143592)),.T.,.PARAMETER.);
#2836=TRIMMED_CURVE('',#2863,(PARAMETER_VALUE(0.)),(PARAMETER_VALUE(6.28318530717959)),
 .T.,.PARAMETER.);
#2837=TRIMMED_CURVE('',#2864,(PARAMETER_VALUE(4.33680868994202E-16)),(
PARAMETER_VALUE(6.28318530717959)),.T.,.PARAMETER.);
#2838=TRIMMED_CURVE('',#2865,(PARAMETER_VALUE(2.16840434497101E-16)),(
PARAMETER_VALUE(6.28318530717959)),.T.,.PARAMETER.);
#2839=TRIMMED_CURVE('',#2866,(PARAMETER_VALUE(0.)),(PARAMETER_VALUE(6.28318530717959)),
 .T.,.PARAMETER.);
#2840=TRIMMED_CURVE('',#2867,(PARAMETER_VALUE(3.79470760369926E-16)),(
PARAMETER_VALUE(6.28318530717959)),.T.,.PARAMETER.);
#2841=TRIMMED_CURVE('',#2868,(PARAMETER_VALUE(6.28318530717959)),(
PARAMETER_VALUE(12.5663706143592)),.T.,.PARAMETER.);
#2842=TRIMMED_CURVE('',#2869,(PARAMETER_VALUE(8.32667268468868E-17)),(
PARAMETER_VALUE(6.28318530717959)),.T.,.PARAMETER.);
#2843=TRIMMED_CURVE('',#2870,(PARAMETER_VALUE(0.)),(PARAMETER_VALUE(6.28318530717959)),
 .T.,.PARAMETER.);
#2844=TRIMMED_CURVE('',#2871,(PARAMETER_VALUE(0.)),(PARAMETER_VALUE(6.28318530717959)),
 .T.,.PARAMETER.);
#2845=TRIMMED_CURVE('',#2872,(PARAMETER_VALUE(0.)),(PARAMETER_VALUE(6.28318530717959)),
 .T.,.PARAMETER.);
#2846=CIRCLE('',#2985,0.499999999999999);
#2847=CIRCLE('',#2986,0.500000000000001);
#2848=CIRCLE('',#2987,0.5);
#2849=CIRCLE('',#2988,0.500000000000001);
#2850=CIRCLE('',#2989,0.5);
#2851=CIRCLE('',#2990,0.5);
#2852=CIRCLE('',#2991,0.5);
#2853=CIRCLE('',#2992,0.499999999999999);
#2854=CIRCLE('',#2993,0.499999999999999);
#2855=CIRCLE('',#2994,0.5);
#2856=CIRCLE('',#2995,0.5);
#2857=CIRCLE('',#2996,0.5);
#2858=CIRCLE('',#2997,0.499999999999999);
#2859=CIRCLE('',#2998,0.5);
#2860=CIRCLE('',#2999,0.5);
#2861=CIRCLE('',#3000,0.500000000000001);
#2862=CIRCLE('',#3001,0.5);
#2863=CIRCLE('',#3002,0.5);
#2864=CIRCLE('',#3003,0.5);
#2865=CIRCLE('',#3004,0.500000000000001);
#2866=CIRCLE('',#3005,0.500000000000001);
#2867=CIRCLE('',#3006,0.5);
#2868=CIRCLE('',#3007,0.5);
#2869=CIRCLE('',#3008,0.5);
#2870=CIRCLE('',#3009,3.);
#2871=CIRCLE('',#3010,6.);
#2872=CIRCLE('',#3011,7.);
#2873=CIRCLE('',#3013,7.);
#2874=CIRCLE('',#3014,7.);
#2875=CIRCLE('',#3016,7.);
#2876=CIRCLE('',#3017,7.);
#2877=CIRCLE('',#3019,7.);
#2878=CIRCLE('',#3020,7.);
#2879=CIRCLE('',#3022,7.);
#2880=CIRCLE('',#3023,7.);
#2881=CIRCLE('',#3025,7.);
#2882=CIRCLE('',#3026,7.);
#2883=CIRCLE('',#3028,7.);
#2884=CIRCLE('',#3029,7.);
#2885=CIRCLE('',#3031,7.);
#2886=CIRCLE('',#3032,7.);
#2887=CIRCLE('',#3034,7.);
#2888=CIRCLE('',#3035,7.);
#2889=CIRCLE('',#3037,7.);
#2890=CIRCLE('',#3038,7.);
#2891=CIRCLE('',#3040,7.);
#2892=CIRCLE('',#3041,7.);
#2893=CIRCLE('',#3043,7.);
#2894=CIRCLE('',#3044,7.);
#2895=CIRCLE('',#3046,7.);
#2896=CIRCLE('',#3047,7.);
#2897=CIRCLE('',#3049,7.);
#2898=CIRCLE('',#3050,7.);
#2899=CIRCLE('',#3052,7.);
#2900=CIRCLE('',#3053,7.);
#2901=CIRCLE('',#3055,7.);
#2902=CIRCLE('',#3056,7.);
#2903=CIRCLE('',#3058,7.);
#2904=CIRCLE('',#3059,7.);
#2905=CIRCLE('',#3061,7.);
#2906=CIRCLE('',#3062,7.);
#2907=CIRCLE('',#3064,7.);
#2908=CIRCLE('',#3065,7.);
#2909=CIRCLE('',#3067,7.);
#2910=CIRCLE('',#3068,7.);
#2911=CIRCLE('',#3070,7.);
#2912=CIRCLE('',#3071,7.);
#2913=CIRCLE('',#3073,7.);
#2914=CIRCLE('',#3074,7.);
#2915=CIRCLE('',#3076,7.);
#2916=CIRCLE('',#3077,7.);
#2917=CIRCLE('',#3079,7.);
#2918=CIRCLE('',#3080,7.);
#2919=CIRCLE('',#3082,7.);
#2920=CIRCLE('',#3083,7.);
#2921=CIRCLE('',#3085,6.4);
#2922=CIRCLE('',#3087,6.);
#2923=CIRCLE('',#3088,0.5);
#2924=CIRCLE('',#3089,0.5);
#2925=CIRCLE('',#3090,0.5);
#2926=CIRCLE('',#3091,0.5);
#2927=CIRCLE('',#3092,0.5);
#2928=CIRCLE('',#3093,0.5);
#2929=CIRCLE('',#3094,0.5);
#2930=CIRCLE('',#3095,0.5);
#2931=CIRCLE('',#3096,0.5);
#2932=CIRCLE('',#3097,0.5);
#2933=CIRCLE('',#3098,0.5);
#2934=CIRCLE('',#3099,0.5);
#2935=CIRCLE('',#3100,0.5);
#2936=CIRCLE('',#3101,0.5);
#2937=CIRCLE('',#3102,0.5);
#2938=CIRCLE('',#3103,0.5);
#2939=CIRCLE('',#3104,0.5);
#2940=CIRCLE('',#3105,0.5);
#2941=CIRCLE('',#3106,0.5);
#2942=CIRCLE('',#3107,0.5);
#2943=CIRCLE('',#3108,0.5);
#2944=CIRCLE('',#3109,0.5);
#2945=CIRCLE('',#3110,0.5);
#2946=CIRCLE('',#3111,0.5);
#2947=CIRCLE('',#3113,6.);
#2948=CIRCLE('',#3115,3.);
#2949=CIRCLE('',#3117,3.);
#2950=SHAPE_REPRESENTATION_RELATIONSHIP('','',#2983,#2952);
#2951=SHAPE_REPRESENTATION_RELATIONSHIP('','',#2983,#52);
#2952=GEOMETRICALLY_BOUNDED_WIREFRAME_SHAPE_REPRESENTATION('',(#2953,#2954,
#2955,#2956,#2957,#2958,#2959,#2960,#2961,#2962,#2963,#2964,#2965,#2966,
#2967,#2968,#2969,#2970,#2971,#2972,#2973,#2974,#2975,#2976,#2977,#2978,
#2979,#2980,#2981),#5143);
#2953=GEOMETRIC_CURVE_SET('',(#4125));
#2954=GEOMETRIC_CURVE_SET('',(#2819));
#2955=GEOMETRIC_CURVE_SET('',(#2820));
#2956=GEOMETRIC_CURVE_SET('',(#2821));
#2957=GEOMETRIC_CURVE_SET('',(#2822));
#2958=GEOMETRIC_CURVE_SET('',(#2823));
#2959=GEOMETRIC_CURVE_SET('',(#2824));
#2960=GEOMETRIC_CURVE_SET('',(#2825));
#2961=GEOMETRIC_CURVE_SET('',(#2826));
#2962=GEOMETRIC_CURVE_SET('',(#2827));
#2963=GEOMETRIC_CURVE_SET('',(#2828));
#2964=GEOMETRIC_CURVE_SET('',(#2829));
#2965=GEOMETRIC_CURVE_SET('',(#2830));
#2966=GEOMETRIC_CURVE_SET('',(#2831));
#2967=GEOMETRIC_CURVE_SET('',(#2832));
#2968=GEOMETRIC_CURVE_SET('',(#2833));
#2969=GEOMETRIC_CURVE_SET('',(#2834));
#2970=GEOMETRIC_CURVE_SET('',(#2835));
#2971=GEOMETRIC_CURVE_SET('',(#2836));
#2972=GEOMETRIC_CURVE_SET('',(#2837));
#2973=GEOMETRIC_CURVE_SET('',(#2838));
#2974=GEOMETRIC_CURVE_SET('',(#2839));
#2975=GEOMETRIC_CURVE_SET('',(#2840));
#2976=GEOMETRIC_CURVE_SET('',(#2841));
#2977=GEOMETRIC_CURVE_SET('',(#2842));
#2978=GEOMETRIC_CURVE_SET('',(#2843));
#2979=GEOMETRIC_CURVE_SET('',(#2844));
#2980=GEOMETRIC_CURVE_SET('',(#2845));
#2981=GEOMETRIC_CURVE_SET('',(#5116));
#2982=SHAPE_DEFINITION_REPRESENTATION(#5148,#2983);
#2983=SHAPE_REPRESENTATION('Knob_Own2_model1',(#2984),#5143);
#2984=AXIS2_PLACEMENT_3D('',#4124,#3276,#3277);
#2985=AXIS2_PLACEMENT_3D('',#4126,#3278,#3279);
#2986=AXIS2_PLACEMENT_3D('',#4127,#3280,#3281);
#2987=AXIS2_PLACEMENT_3D('',#4128,#3282,#3283);
#2988=AXIS2_PLACEMENT_3D('',#4129,#3284,#3285);
#2989=AXIS2_PLACEMENT_3D('',#4130,#3286,#3287);
#2990=AXIS2_PLACEMENT_3D('',#4131,#3288,#3289);
#2991=AXIS2_PLACEMENT_3D('',#4132,#3290,#3291);
#2992=AXIS2_PLACEMENT_3D('',#4133,#3292,#3293);
#2993=AXIS2_PLACEMENT_3D('',#4134,#3294,#3295);
#2994=AXIS2_PLACEMENT_3D('',#4135,#3296,#3297);
#2995=AXIS2_PLACEMENT_3D('',#4136,#3298,#3299);
#2996=AXIS2_PLACEMENT_3D('',#4137,#3300,#3301);
#2997=AXIS2_PLACEMENT_3D('',#4138,#3302,#3303);
#2998=AXIS2_PLACEMENT_3D('',#4139,#3304,#3305);
#2999=AXIS2_PLACEMENT_3D('',#4140,#3306,#3307);
#3000=AXIS2_PLACEMENT_3D('',#4141,#3308,#3309);
#3001=AXIS2_PLACEMENT_3D('',#4142,#3310,#3311);
#3002=AXIS2_PLACEMENT_3D('',#4143,#3312,#3313);
#3003=AXIS2_PLACEMENT_3D('',#4144,#3314,#3315);
#3004=AXIS2_PLACEMENT_3D('',#4145,#3316,#3317);
#3005=AXIS2_PLACEMENT_3D('',#4146,#3318,#3319);
#3006=AXIS2_PLACEMENT_3D('',#4147,#3320,#3321);
#3007=AXIS2_PLACEMENT_3D('',#4148,#3322,#3323);
#3008=AXIS2_PLACEMENT_3D('',#4149,#3324,#3325);
#3009=AXIS2_PLACEMENT_3D('',#4150,#3326,#3327);
#3010=AXIS2_PLACEMENT_3D('',#4151,#3328,#3329);
#3011=AXIS2_PLACEMENT_3D('',#4152,#3330,#3331);
#3012=AXIS2_PLACEMENT_3D('',#4153,#3332,#3333);
#3013=AXIS2_PLACEMENT_3D('',#4154,#3334,#3335);
#3014=AXIS2_PLACEMENT_3D('',#4159,#3337,#3338);
#3015=AXIS2_PLACEMENT_3D('',#4162,#3340,#3341);
#3016=AXIS2_PLACEMENT_3D('',#4163,#3342,#3343);
#3017=AXIS2_PLACEMENT_3D('',#4168,#3345,#3346);
#3018=AXIS2_PLACEMENT_3D('',#4171,#3348,#3349);
#3019=AXIS2_PLACEMENT_3D('',#4172,#3350,#3351);
#3020=AXIS2_PLACEMENT_3D('',#4177,#3353,#3354);
#3021=AXIS2_PLACEMENT_3D('',#4180,#3356,#3357);
#3022=AXIS2_PLACEMENT_3D('',#4181,#3358,#3359);
#3023=AXIS2_PLACEMENT_3D('',#4186,#3361,#3362);
#3024=AXIS2_PLACEMENT_3D('',#4189,#3364,#3365);
#3025=AXIS2_PLACEMENT_3D('',#4190,#3366,#3367);
#3026=AXIS2_PLACEMENT_3D('',#4195,#3369,#3370);
#3027=AXIS2_PLACEMENT_3D('',#4198,#3372,#3373);
#3028=AXIS2_PLACEMENT_3D('',#4199,#3374,#3375);
#3029=AXIS2_PLACEMENT_3D('',#4204,#3377,#3378);
#3030=AXIS2_PLACEMENT_3D('',#4207,#3380,#3381);
#3031=AXIS2_PLACEMENT_3D('',#4208,#3382,#3383);
#3032=AXIS2_PLACEMENT_3D('',#4213,#3385,#3386);
#3033=AXIS2_PLACEMENT_3D('',#4216,#3388,#3389);
#3034=AXIS2_PLACEMENT_3D('',#4217,#3390,#3391);
#3035=AXIS2_PLACEMENT_3D('',#4222,#3393,#3394);
#3036=AXIS2_PLACEMENT_3D('',#4225,#3396,#3397);
#3037=AXIS2_PLACEMENT_3D('',#4226,#3398,#3399);
#3038=AXIS2_PLACEMENT_3D('',#4231,#3401,#3402);
#3039=AXIS2_PLACEMENT_3D('',#4234,#3404,#3405);
#3040=AXIS2_PLACEMENT_3D('',#4235,#3406,#3407);
#3041=AXIS2_PLACEMENT_3D('',#4240,#3409,#3410);
#3042=AXIS2_PLACEMENT_3D('',#4243,#3412,#3413);
#3043=AXIS2_PLACEMENT_3D('',#4244,#3414,#3415);
#3044=AXIS2_PLACEMENT_3D('',#4249,#3417,#3418);
#3045=AXIS2_PLACEMENT_3D('',#4252,#3420,#3421);
#3046=AXIS2_PLACEMENT_3D('',#4253,#3422,#3423);
#3047=AXIS2_PLACEMENT_3D('',#4258,#3425,#3426);
#3048=AXIS2_PLACEMENT_3D('',#4261,#3428,#3429);
#3049=AXIS2_PLACEMENT_3D('',#4262,#3430,#3431);
#3050=AXIS2_PLACEMENT_3D('',#4267,#3433,#3434);
#3051=AXIS2_PLACEMENT_3D('',#4270,#3436,#3437);
#3052=AXIS2_PLACEMENT_3D('',#4271,#3438,#3439);
#3053=AXIS2_PLACEMENT_3D('',#4276,#3441,#3442);
#3054=AXIS2_PLACEMENT_3D('',#4279,#3444,#3445);
#3055=AXIS2_PLACEMENT_3D('',#4280,#3446,#3447);
#3056=AXIS2_PLACEMENT_3D('',#4285,#3449,#3450);
#3057=AXIS2_PLACEMENT_3D('',#4288,#3452,#3453);
#3058=AXIS2_PLACEMENT_3D('',#4289,#3454,#3455);
#3059=AXIS2_PLACEMENT_3D('',#4294,#3457,#3458);
#3060=AXIS2_PLACEMENT_3D('',#4297,#3460,#3461);
#3061=AXIS2_PLACEMENT_3D('',#4298,#3462,#3463);
#3062=AXIS2_PLACEMENT_3D('',#4303,#3465,#3466);
#3063=AXIS2_PLACEMENT_3D('',#4306,#3468,#3469);
#3064=AXIS2_PLACEMENT_3D('',#4307,#3470,#3471);
#3065=AXIS2_PLACEMENT_3D('',#4312,#3473,#3474);
#3066=AXIS2_PLACEMENT_3D('',#4315,#3476,#3477);
#3067=AXIS2_PLACEMENT_3D('',#4316,#3478,#3479);
#3068=AXIS2_PLACEMENT_3D('',#4321,#3481,#3482);
#3069=AXIS2_PLACEMENT_3D('',#4324,#3484,#3485);
#3070=AXIS2_PLACEMENT_3D('',#4325,#3486,#3487);
#3071=AXIS2_PLACEMENT_3D('',#4330,#3489,#3490);
#3072=AXIS2_PLACEMENT_3D('',#4333,#3492,#3493);
#3073=AXIS2_PLACEMENT_3D('',#4334,#3494,#3495);
#3074=AXIS2_PLACEMENT_3D('',#4339,#3497,#3498);
#3075=AXIS2_PLACEMENT_3D('',#4342,#3500,#3501);
#3076=AXIS2_PLACEMENT_3D('',#4343,#3502,#3503);
#3077=AXIS2_PLACEMENT_3D('',#4348,#3505,#3506);
#3078=AXIS2_PLACEMENT_3D('',#4351,#3508,#3509);
#3079=AXIS2_PLACEMENT_3D('',#4352,#3510,#3511);
#3080=AXIS2_PLACEMENT_3D('',#4357,#3513,#3514);
#3081=AXIS2_PLACEMENT_3D('',#4360,#3516,#3517);
#3082=AXIS2_PLACEMENT_3D('',#4361,#3518,#3519);
#3083=AXIS2_PLACEMENT_3D('',#4366,#3521,#3522);
#3084=AXIS2_PLACEMENT_3D('',#4369,#3524,#3525);
#3085=AXIS2_PLACEMENT_3D('',#4370,#3526,#3527);
#3086=AXIS2_PLACEMENT_3D('',#4372,#3528,#3529);
#3087=AXIS2_PLACEMENT_3D('',#4373,#3530,#3531);
#3088=AXIS2_PLACEMENT_3D('',#4375,#3532,#3533);
#3089=AXIS2_PLACEMENT_3D('',#4376,#3534,#3535);
#3090=AXIS2_PLACEMENT_3D('',#4377,#3536,#3537);
#3091=AXIS2_PLACEMENT_3D('',#4378,#3538,#3539);
#3092=AXIS2_PLACEMENT_3D('',#4379,#3540,#3541);
#3093=AXIS2_PLACEMENT_3D('',#4380,#3542,#3543);
#3094=AXIS2_PLACEMENT_3D('',#4381,#3544,#3545);
#3095=AXIS2_PLACEMENT_3D('',#4382,#3546,#3547);
#3096=AXIS2_PLACEMENT_3D('',#4383,#3548,#3549);
#3097=AXIS2_PLACEMENT_3D('',#4384,#3550,#3551);
#3098=AXIS2_PLACEMENT_3D('',#4385,#3552,#3553);
#3099=AXIS2_PLACEMENT_3D('',#4386,#3554,#3555);
#3100=AXIS2_PLACEMENT_3D('',#4387,#3556,#3557);
#3101=AXIS2_PLACEMENT_3D('',#4388,#3558,#3559);
#3102=AXIS2_PLACEMENT_3D('',#4389,#3560,#3561);
#3103=AXIS2_PLACEMENT_3D('',#4390,#3562,#3563);
#3104=AXIS2_PLACEMENT_3D('',#4391,#3564,#3565);
#3105=AXIS2_PLACEMENT_3D('',#4392,#3566,#3567);
#3106=AXIS2_PLACEMENT_3D('',#4393,#3568,#3569);
#3107=AXIS2_PLACEMENT_3D('',#4394,#3570,#3571);
#3108=AXIS2_PLACEMENT_3D('',#4395,#3572,#3573);
#3109=AXIS2_PLACEMENT_3D('',#4396,#3574,#3575);
#3110=AXIS2_PLACEMENT_3D('',#4397,#3576,#3577);
#3111=AXIS2_PLACEMENT_3D('',#4398,#3578,#3579);
#3112=AXIS2_PLACEMENT_3D('',#4399,#3580,#3581);
#3113=AXIS2_PLACEMENT_3D('',#4400,#3582,#3583);
#3114=AXIS2_PLACEMENT_3D('',#4402,#3584,#3585);
#3115=AXIS2_PLACEMENT_3D('',#4403,#3586,#3587);
#3116=AXIS2_PLACEMENT_3D('',#4405,#3588,#3589);
#3117=AXIS2_PLACEMENT_3D('',#4406,#3590,#3591);
#3118=AXIS2_PLACEMENT_3D('',#4408,#3592,#3593);
#3119=AXIS2_PLACEMENT_3D('',#4409,#3594,#3595);
#3120=AXIS2_PLACEMENT_3D('',#4626,#3596,#3597);
#3121=AXIS2_PLACEMENT_3D('',#4627,#3598,#3599);
#3122=AXIS2_PLACEMENT_3D('',#4628,#3600,#3601);
#3123=AXIS2_PLACEMENT_3D('',#4629,#3602,#3603);
#3124=AXIS2_PLACEMENT_3D('',#4630,#3604,#3605);
#3125=AXIS2_PLACEMENT_3D('',#4631,#3606,#3607);
#3126=AXIS2_PLACEMENT_3D('',#4632,#3608,#3609);
#3127=AXIS2_PLACEMENT_3D('',#4633,#3610,#3611);
#3128=AXIS2_PLACEMENT_3D('',#4634,#3612,#3613);
#3129=AXIS2_PLACEMENT_3D('',#4635,#3614,#3615);
#3130=AXIS2_PLACEMENT_3D('',#4636,#3616,#3617);
#3131=AXIS2_PLACEMENT_3D('',#4637,#3618,#3619);
#3132=AXIS2_PLACEMENT_3D('',#4638,#3620,#3621);
#3133=AXIS2_PLACEMENT_3D('',#4639,#3622,#3623);
#3134=AXIS2_PLACEMENT_3D('',#4640,#3624,#3625);
#3135=AXIS2_PLACEMENT_3D('',#4641,#3626,#3627);
#3136=AXIS2_PLACEMENT_3D('',#4642,#3628,#3629);
#3137=AXIS2_PLACEMENT_3D('',#4643,#3630,#3631);
#3138=AXIS2_PLACEMENT_3D('',#4644,#3632,#3633);
#3139=AXIS2_PLACEMENT_3D('',#4645,#3634,#3635);
#3140=AXIS2_PLACEMENT_3D('',#4646,#3636,#3637);
#3141=AXIS2_PLACEMENT_3D('',#4647,#3638,#3639);
#3142=AXIS2_PLACEMENT_3D('',#4648,#3640,#3641);
#3143=AXIS2_PLACEMENT_3D('',#4649,#3642,#3643);
#3144=AXIS2_PLACEMENT_3D('',#4650,#3644,#3645);
#3145=AXIS2_PLACEMENT_3D('',#4657,#3649,#3650);
#3146=AXIS2_PLACEMENT_3D('',#4661,#3653,#3654);
#3147=AXIS2_PLACEMENT_3D('',#4665,#3657,#3658);
#3148=AXIS2_PLACEMENT_3D('',#4669,#3661,#3662);
#3149=AXIS2_PLACEMENT_3D('',#4673,#3665,#3666);
#3150=AXIS2_PLACEMENT_3D('',#4677,#3669,#3670);
#3151=AXIS2_PLACEMENT_3D('',#4681,#3673,#3674);
#3152=AXIS2_PLACEMENT_3D('',#4685,#3677,#3678);
#3153=AXIS2_PLACEMENT_3D('',#4689,#3681,#3682);
#3154=AXIS2_PLACEMENT_3D('',#4693,#3685,#3686);
#3155=AXIS2_PLACEMENT_3D('',#4697,#3689,#3690);
#3156=AXIS2_PLACEMENT_3D('',#4701,#3693,#3694);
#3157=AXIS2_PLACEMENT_3D('',#4705,#3697,#3698);
#3158=AXIS2_PLACEMENT_3D('',#4709,#3701,#3702);
#3159=AXIS2_PLACEMENT_3D('',#4713,#3705,#3706);
#3160=AXIS2_PLACEMENT_3D('',#4717,#3709,#3710);
#3161=AXIS2_PLACEMENT_3D('',#4721,#3713,#3714);
#3162=AXIS2_PLACEMENT_3D('',#4725,#3717,#3718);
#3163=AXIS2_PLACEMENT_3D('',#4729,#3721,#3722);
#3164=AXIS2_PLACEMENT_3D('',#4733,#3725,#3726);
#3165=AXIS2_PLACEMENT_3D('',#4737,#3729,#3730);
#3166=AXIS2_PLACEMENT_3D('',#4741,#3733,#3734);
#3167=AXIS2_PLACEMENT_3D('',#4745,#3737,#3738);
#3168=AXIS2_PLACEMENT_3D('',#4749,#3741,#3742);
#3169=AXIS2_PLACEMENT_3D('',#4753,#3745,#3746);
#3170=AXIS2_PLACEMENT_3D('',#4757,#3749,#3750);
#3171=AXIS2_PLACEMENT_3D('',#4761,#3753,#3754);
#3172=AXIS2_PLACEMENT_3D('',#4765,#3757,#3758);
#3173=AXIS2_PLACEMENT_3D('',#4769,#3761,#3762);
#3174=AXIS2_PLACEMENT_3D('',#4773,#3765,#3766);
#3175=AXIS2_PLACEMENT_3D('',#4777,#3769,#3770);
#3176=AXIS2_PLACEMENT_3D('',#4781,#3773,#3774);
#3177=AXIS2_PLACEMENT_3D('',#4785,#3777,#3778);
#3178=AXIS2_PLACEMENT_3D('',#4789,#3781,#3782);
#3179=AXIS2_PLACEMENT_3D('',#4793,#3785,#3786);
#3180=AXIS2_PLACEMENT_3D('',#4797,#3789,#3790);
#3181=AXIS2_PLACEMENT_3D('',#4801,#3793,#3794);
#3182=AXIS2_PLACEMENT_3D('',#4805,#3797,#3798);
#3183=AXIS2_PLACEMENT_3D('',#4811,#3802,#3803);
#3184=AXIS2_PLACEMENT_3D('',#4817,#3807,#3808);
#3185=AXIS2_PLACEMENT_3D('',#4823,#3812,#3813);
#3186=AXIS2_PLACEMENT_3D('',#4830,#3817,#3818);
#3187=AXIS2_PLACEMENT_3D('',#4834,#3821,#3822);
#3188=AXIS2_PLACEMENT_3D('',#4837,#3825,#3826);
#3189=AXIS2_PLACEMENT_3D('',#4843,#3830,#3831);
#3190=AXIS2_PLACEMENT_3D('',#4849,#3835,#3836);
#3191=AXIS2_PLACEMENT_3D('',#4853,#3839,#3840);
#3192=AXIS2_PLACEMENT_3D('',#4857,#3843,#3844);
#3193=AXIS2_PLACEMENT_3D('',#4861,#3847,#3848);
#3194=AXIS2_PLACEMENT_3D('',#4865,#3851,#3852);
#3195=AXIS2_PLACEMENT_3D('',#4869,#3855,#3856);
#3196=AXIS2_PLACEMENT_3D('',#4873,#3859,#3860);
#3197=AXIS2_PLACEMENT_3D('',#4877,#3863,#3864);
#3198=AXIS2_PLACEMENT_3D('',#4881,#3867,#3868);
#3199=AXIS2_PLACEMENT_3D('',#4885,#3871,#3872);
#3200=AXIS2_PLACEMENT_3D('',#4889,#3875,#3876);
#3201=AXIS2_PLACEMENT_3D('',#4893,#3879,#3880);
#3202=AXIS2_PLACEMENT_3D('',#4897,#3883,#3884);
#3203=AXIS2_PLACEMENT_3D('',#4901,#3887,#3888);
#3204=AXIS2_PLACEMENT_3D('',#4905,#3891,#3892);
#3205=AXIS2_PLACEMENT_3D('',#4909,#3895,#3896);
#3206=AXIS2_PLACEMENT_3D('',#4913,#3899,#3900);
#3207=AXIS2_PLACEMENT_3D('',#4917,#3903,#3904);
#3208=AXIS2_PLACEMENT_3D('',#4921,#3907,#3908);
#3209=AXIS2_PLACEMENT_3D('',#4925,#3911,#3912);
#3210=AXIS2_PLACEMENT_3D('',#4929,#3915,#3916);
#3211=AXIS2_PLACEMENT_3D('',#4933,#3919,#3920);
#3212=AXIS2_PLACEMENT_3D('',#4937,#3923,#3924);
#3213=AXIS2_PLACEMENT_3D('',#4941,#3927,#3928);
#3214=AXIS2_PLACEMENT_3D('',#4945,#3931,#3932);
#3215=AXIS2_PLACEMENT_3D('',#4949,#3935,#3936);
#3216=AXIS2_PLACEMENT_3D('',#4953,#3939,#3940);
#3217=AXIS2_PLACEMENT_3D('',#4957,#3943,#3944);
#3218=AXIS2_PLACEMENT_3D('',#4961,#3947,#3948);
#3219=AXIS2_PLACEMENT_3D('',#4965,#3951,#3952);
#3220=AXIS2_PLACEMENT_3D('',#4969,#3955,#3956);
#3221=AXIS2_PLACEMENT_3D('',#4973,#3959,#3960);
#3222=AXIS2_PLACEMENT_3D('',#4977,#3963,#3964);
#3223=AXIS2_PLACEMENT_3D('',#4981,#3967,#3968);
#3224=AXIS2_PLACEMENT_3D('',#4985,#3971,#3972);
#3225=AXIS2_PLACEMENT_3D('',#4989,#3975,#3976);
#3226=AXIS2_PLACEMENT_3D('',#4993,#3979,#3980);
#3227=AXIS2_PLACEMENT_3D('',#4997,#3983,#3984);
#3228=AXIS2_PLACEMENT_3D('',#5001,#3987,#3988);
#3229=AXIS2_PLACEMENT_3D('',#5005,#3991,#3992);
#3230=AXIS2_PLACEMENT_3D('',#5009,#3995,#3996);
#3231=AXIS2_PLACEMENT_3D('',#5013,#3999,#4000);
#3232=AXIS2_PLACEMENT_3D('',#5017,#4003,#4004);
#3233=AXIS2_PLACEMENT_3D('',#5021,#4007,#4008);
#3234=AXIS2_PLACEMENT_3D('',#5025,#4011,#4012);
#3235=AXIS2_PLACEMENT_3D('',#5029,#4015,#4016);
#3236=AXIS2_PLACEMENT_3D('',#5033,#4019,#4020);
#3237=AXIS2_PLACEMENT_3D('',#5037,#4023,#4024);
#3238=AXIS2_PLACEMENT_3D('',#5041,#4027,#4028);
#3239=AXIS2_PLACEMENT_3D('',#5045,#4031,#4032);
#3240=AXIS2_PLACEMENT_3D('',#5049,#4035,#4036);
#3241=AXIS2_PLACEMENT_3D('',#5053,#4039,#4040);
#3242=AXIS2_PLACEMENT_3D('',#5057,#4043,#4044);
#3243=AXIS2_PLACEMENT_3D('',#5061,#4047,#4048);
#3244=AXIS2_PLACEMENT_3D('',#5065,#4051,#4052);
#3245=AXIS2_PLACEMENT_3D('',#5069,#4055,#4056);
#3246=AXIS2_PLACEMENT_3D('',#5073,#4059,#4060);
#3247=AXIS2_PLACEMENT_3D('',#5077,#4063,#4064);
#3248=AXIS2_PLACEMENT_3D('',#5081,#4067,#4068);
#3249=AXIS2_PLACEMENT_3D('',#5085,#4071,#4072);
#3250=AXIS2_PLACEMENT_3D('',#5089,#4075,#4076);
#3251=AXIS2_PLACEMENT_3D('',#5093,#4079,#4080);
#3252=AXIS2_PLACEMENT_3D('',#5097,#4083,#4084);
#3253=AXIS2_PLACEMENT_3D('',#5101,#4087,#4088);
#3254=AXIS2_PLACEMENT_3D('',#5105,#4091,#4092);
#3255=AXIS2_PLACEMENT_3D('',#5109,#4095,#4096);
#3256=AXIS2_PLACEMENT_3D('',#5112,#4099,#4100);
#3257=AXIS2_PLACEMENT_3D('',#5114,#4102,#4103);
#3258=AXIS2_PLACEMENT_3D('',#5115,#4104,#4105);
#3259=AXIS2_PLACEMENT_3D('CSYS_1',#5117,#4106,#4107);
#3260=AXIS2_PLACEMENT_3D('',#5118,#4108,#4109);
#3261=AXIS2_PLACEMENT_3D('',#5120,#4108,#4109);
#3262=AXIS2_PLACEMENT_3D('',#5121,#4110,#4111);
#3263=AXIS2_PLACEMENT_3D('',#5123,#4110,#4111);
#3264=AXIS2_PLACEMENT_3D('',#5124,#4112,#4113);
#3265=AXIS2_PLACEMENT_3D('',#5126,#4112,#4113);
#3266=AXIS2_PLACEMENT_3D('',#5127,#4114,#4115);
#3267=AXIS2_PLACEMENT_3D('',#5129,#4114,#4115);
#3268=AXIS2_PLACEMENT_3D('',#5130,#4116,#4117);
#3269=AXIS2_PLACEMENT_3D('',#5132,#4116,#4117);
#3270=AXIS2_PLACEMENT_3D('',#5133,#4118,#4119);
#3271=AXIS2_PLACEMENT_3D('',#5135,#4118,#4119);
#3272=AXIS2_PLACEMENT_3D('',#5136,#4120,#4121);
#3273=AXIS2_PLACEMENT_3D('',#5138,#4120,#4121);
#3274=AXIS2_PLACEMENT_3D('',#5139,#4122,#4123);
#3275=AXIS2_PLACEMENT_3D('',#5141,#4122,#4123);
#3276=DIRECTION('',(0.,0.,1.));
#3277=DIRECTION('',(1.,0.,0.));
#3278=DIRECTION('',(2.82465321757808E-15,1.17653274568994E-14,1.));
#3279=DIRECTION('',(0.965925826289066,-0.258819045102531,3.16685324544118E-16));
#3280=DIRECTION('',(5.77349631088233E-15,1.06333595968477E-14,1.));
#3281=DIRECTION('',(0.866025403784437,-0.500000000000003,3.16685324544036E-16));
#3282=DIRECTION('',(8.32888517175368E-15,8.77674585272835E-15,1.));
#3283=DIRECTION('',(0.707106781186544,-0.707106781186551,3.16685324544075E-16));
#3284=DIRECTION('',(1.03166742723037E-14,6.32201138300397E-15,1.));
#3285=DIRECTION('',(0.499999999999998,-0.86602540378444,3.16685324544036E-16));
#3286=DIRECTION('',(1.16013990703064E-14,3.43644228514563E-15,1.));
#3287=DIRECTION('',(0.258819045102518,-0.965925826289069,3.16685324544035E-16));
#3288=DIRECTION('',(1.20955076938863E-14,3.16685324544006E-16,1.));
#3289=DIRECTION('',(-1.77635683940025E-15,-1.,3.16685324544027E-16));
#3290=DIRECTION('',(1.17653274568993E-14,-2.82465321757801E-15,1.));
#3291=DIRECTION('',(-0.258819045102522,-0.965925826289068,3.16685324544046E-16));
#3292=DIRECTION('',(1.06333595968477E-14,-5.7734963108823E-15,1.));
#3293=DIRECTION('',(-0.500000000000001,-0.866025403784438,3.16685324544035E-16));
#3294=DIRECTION('',(8.77674585272838E-15,-8.3288851717537E-15,1.));
#3295=DIRECTION('',(-0.707106781186553,-0.707106781186542,3.16685324544114E-16));
#3296=DIRECTION('',(6.32201138300398E-15,-1.03166742723036E-14,1.));
#3297=DIRECTION('',(-0.86602540378444,-0.499999999999998,3.16685324544045E-16));
#3298=DIRECTION('',(3.43644228514564E-15,-1.16013990703064E-14,1.));
#3299=DIRECTION('',(-0.965925826289069,-0.258819045102518,3.16685324544044E-16));
#3300=DIRECTION('',(3.16685324544017E-16,-1.20955076938863E-14,1.));
#3301=DIRECTION('',(-1.,1.77635683940025E-15,3.16685324544038E-16));
#3302=DIRECTION('',(-2.82465321757801E-15,-1.17653274568993E-14,1.));
#3303=DIRECTION('',(-0.965925826289068,0.258819045102522,3.1668532454405E-16));
#3304=DIRECTION('',(-5.77349631088229E-15,-1.06333595968477E-14,1.));
#3305=DIRECTION('',(-0.866025403784435,0.500000000000006,3.16685324544136E-16));
#3306=DIRECTION('',(-8.32888517175374E-15,-8.77674585272841E-15,1.));
#3307=DIRECTION('',(-0.707106781186542,0.707106781186553,3.166853245441E-16));
#3308=DIRECTION('',(-1.03166742723037E-14,-6.32201138300403E-15,1.));
#3309=DIRECTION('',(-0.499999999999998,0.86602540378444,3.16685324544056E-16));
#3310=DIRECTION('',(-1.16013990703065E-14,-3.43644228514568E-15,1.));
#3311=DIRECTION('',(-0.25881904510252,0.965925826289069,3.16685324544059E-16));
#3312=DIRECTION('',(-1.20955076938863E-14,-3.16685324544017E-16,1.));
#3313=DIRECTION('',(-3.83046977956303E-30,1.,3.16685324544017E-16));
#3314=DIRECTION('',(-1.17653274568994E-14,2.824653217578E-15,1.));
#3315=DIRECTION('',(0.258819045102522,0.965925826289068,3.16685324544067E-16));
#3316=DIRECTION('',(-1.06333595968476E-14,5.77349631088248E-15,1.));
#3317=DIRECTION('',(0.500000000000019,0.866025403784428,3.16685324544126E-16));
#3318=DIRECTION('',(-8.77674585272841E-15,8.32888517175366E-15,1.));
#3319=DIRECTION('',(0.707106781186548,0.707106781186547,3.16685324544083E-16));
#3320=DIRECTION('',(-6.32201138300402E-15,1.03166742723036E-14,1.));
#3321=DIRECTION('',(0.86602540378444,0.499999999999998,3.16685324544084E-16));
#3322=DIRECTION('',(-3.43644228514569E-15,1.16013990703065E-14,1.));
#3323=DIRECTION('',(0.965925826289069,0.258819045102518,3.16685324544079E-16));
#3324=DIRECTION('',(-3.1668532454404E-16,1.20955076938864E-14,1.));
#3325=DIRECTION('',(1.,-3.5527136788005E-15,3.16685324544083E-16));
#3326=DIRECTION('',(0.,0.,-1.));
#3327=DIRECTION('',(1.,3.05968841113941E-16,0.));
#3328=DIRECTION('',(0.,0.,-1.));
#3329=DIRECTION('',(1.,3.05968841113941E-16,0.));
#3330=DIRECTION('',(0.,0.,1.));
#3331=DIRECTION('',(1.,-2.3518373161242E-16,0.));
#3332=DIRECTION('',(0.,0.,-1.));
#3333=DIRECTION('',(-1.,0.,0.));
#3334=DIRECTION('',(0.,0.,1.));
#3335=DIRECTION('',(1.,0.,0.));
#3336=DIRECTION('',(0.,0.,1.));
#3337=DIRECTION('',(0.,0.,1.));
#3338=DIRECTION('',(1.,0.,0.));
#3339=DIRECTION('',(0.,0.,1.));
#3340=DIRECTION('',(0.,0.,-1.));
#3341=DIRECTION('',(-1.,0.,0.));
#3342=DIRECTION('',(0.,0.,1.));
#3343=DIRECTION('',(1.,0.,0.));
#3344=DIRECTION('',(0.,0.,1.));
#3345=DIRECTION('',(0.,0.,1.));
#3346=DIRECTION('',(1.,0.,0.));
#3347=DIRECTION('',(0.,0.,1.));
#3348=DIRECTION('',(0.,0.,-1.));
#3349=DIRECTION('',(-1.,0.,0.));
#3350=DIRECTION('',(0.,0.,1.));
#3351=DIRECTION('',(1.,0.,0.));
#3352=DIRECTION('',(0.,0.,1.));
#3353=DIRECTION('',(0.,0.,1.));
#3354=DIRECTION('',(1.,0.,0.));
#3355=DIRECTION('',(0.,0.,1.));
#3356=DIRECTION('',(0.,0.,-1.));
#3357=DIRECTION('',(-1.,0.,0.));
#3358=DIRECTION('',(0.,0.,1.));
#3359=DIRECTION('',(1.,0.,0.));
#3360=DIRECTION('',(0.,0.,1.));
#3361=DIRECTION('',(0.,0.,1.));
#3362=DIRECTION('',(1.,0.,0.));
#3363=DIRECTION('',(0.,0.,1.));
#3364=DIRECTION('',(0.,0.,-1.));
#3365=DIRECTION('',(-1.,0.,0.));
#3366=DIRECTION('',(0.,0.,1.));
#3367=DIRECTION('',(1.,0.,0.));
#3368=DIRECTION('',(0.,0.,1.));
#3369=DIRECTION('',(0.,0.,1.));
#3370=DIRECTION('',(1.,0.,0.));
#3371=DIRECTION('',(0.,0.,1.));
#3372=DIRECTION('',(0.,0.,-1.));
#3373=DIRECTION('',(-1.,0.,0.));
#3374=DIRECTION('',(0.,0.,1.));
#3375=DIRECTION('',(1.,0.,0.));
#3376=DIRECTION('',(0.,0.,1.));
#3377=DIRECTION('',(0.,0.,1.));
#3378=DIRECTION('',(1.,0.,0.));
#3379=DIRECTION('',(0.,0.,1.));
#3380=DIRECTION('',(0.,0.,-1.));
#3381=DIRECTION('',(-1.,0.,0.));
#3382=DIRECTION('',(0.,0.,1.));
#3383=DIRECTION('',(1.,0.,0.));
#3384=DIRECTION('',(0.,0.,1.));
#3385=DIRECTION('',(0.,0.,1.));
#3386=DIRECTION('',(1.,0.,0.));
#3387=DIRECTION('',(0.,0.,1.));
#3388=DIRECTION('',(0.,0.,-1.));
#3389=DIRECTION('',(-1.,0.,0.));
#3390=DIRECTION('',(0.,0.,1.));
#3391=DIRECTION('',(1.,0.,0.));
#3392=DIRECTION('',(0.,0.,1.));
#3393=DIRECTION('',(0.,0.,1.));
#3394=DIRECTION('',(1.,0.,0.));
#3395=DIRECTION('',(0.,0.,1.));
#3396=DIRECTION('',(0.,0.,-1.));
#3397=DIRECTION('',(-1.,0.,0.));
#3398=DIRECTION('',(0.,0.,1.));
#3399=DIRECTION('',(1.,0.,0.));
#3400=DIRECTION('',(0.,0.,1.));
#3401=DIRECTION('',(0.,0.,1.));
#3402=DIRECTION('',(1.,0.,0.));
#3403=DIRECTION('',(0.,0.,1.));
#3404=DIRECTION('',(0.,0.,-1.));
#3405=DIRECTION('',(-1.,0.,0.));
#3406=DIRECTION('',(0.,0.,1.));
#3407=DIRECTION('',(1.,0.,0.));
#3408=DIRECTION('',(0.,0.,1.));
#3409=DIRECTION('',(0.,0.,1.));
#3410=DIRECTION('',(1.,0.,0.));
#3411=DIRECTION('',(0.,0.,1.));
#3412=DIRECTION('',(0.,0.,-1.));
#3413=DIRECTION('',(-1.,0.,0.));
#3414=DIRECTION('',(0.,0.,1.));
#3415=DIRECTION('',(1.,0.,0.));
#3416=DIRECTION('',(0.,0.,1.));
#3417=DIRECTION('',(0.,0.,1.));
#3418=DIRECTION('',(1.,0.,0.));
#3419=DIRECTION('',(0.,0.,1.));
#3420=DIRECTION('',(0.,0.,-1.));
#3421=DIRECTION('',(-1.,0.,0.));
#3422=DIRECTION('',(0.,0.,1.));
#3423=DIRECTION('',(1.,0.,0.));
#3424=DIRECTION('',(0.,0.,1.));
#3425=DIRECTION('',(0.,0.,1.));
#3426=DIRECTION('',(1.,0.,0.));
#3427=DIRECTION('',(0.,0.,1.));
#3428=DIRECTION('',(0.,0.,-1.));
#3429=DIRECTION('',(-1.,0.,0.));
#3430=DIRECTION('',(0.,0.,1.));
#3431=DIRECTION('',(1.,0.,0.));
#3432=DIRECTION('',(0.,0.,1.));
#3433=DIRECTION('',(0.,0.,1.));
#3434=DIRECTION('',(1.,0.,0.));
#3435=DIRECTION('',(0.,0.,1.));
#3436=DIRECTION('',(0.,0.,-1.));
#3437=DIRECTION('',(-1.,0.,0.));
#3438=DIRECTION('',(0.,0.,1.));
#3439=DIRECTION('',(1.,0.,0.));
#3440=DIRECTION('',(0.,0.,1.));
#3441=DIRECTION('',(0.,0.,1.));
#3442=DIRECTION('',(1.,0.,0.));
#3443=DIRECTION('',(0.,0.,1.));
#3444=DIRECTION('',(0.,0.,-1.));
#3445=DIRECTION('',(-1.,0.,0.));
#3446=DIRECTION('',(0.,0.,1.));
#3447=DIRECTION('',(1.,0.,0.));
#3448=DIRECTION('',(0.,0.,1.));
#3449=DIRECTION('',(0.,0.,1.));
#3450=DIRECTION('',(1.,0.,0.));
#3451=DIRECTION('',(0.,0.,1.));
#3452=DIRECTION('',(0.,0.,-1.));
#3453=DIRECTION('',(-1.,0.,0.));
#3454=DIRECTION('',(0.,0.,1.));
#3455=DIRECTION('',(1.,0.,0.));
#3456=DIRECTION('',(0.,0.,1.));
#3457=DIRECTION('',(0.,0.,1.));
#3458=DIRECTION('',(1.,0.,0.));
#3459=DIRECTION('',(0.,0.,1.));
#3460=DIRECTION('',(0.,0.,-1.));
#3461=DIRECTION('',(-1.,0.,0.));
#3462=DIRECTION('',(0.,0.,1.));
#3463=DIRECTION('',(1.,0.,0.));
#3464=DIRECTION('',(0.,0.,1.));
#3465=DIRECTION('',(0.,0.,1.));
#3466=DIRECTION('',(1.,0.,0.));
#3467=DIRECTION('',(0.,0.,1.));
#3468=DIRECTION('',(0.,0.,-1.));
#3469=DIRECTION('',(-1.,0.,0.));
#3470=DIRECTION('',(0.,0.,1.));
#3471=DIRECTION('',(1.,0.,0.));
#3472=DIRECTION('',(0.,0.,1.));
#3473=DIRECTION('',(0.,0.,1.));
#3474=DIRECTION('',(1.,0.,0.));
#3475=DIRECTION('',(0.,0.,1.));
#3476=DIRECTION('',(0.,0.,-1.));
#3477=DIRECTION('',(-1.,0.,0.));
#3478=DIRECTION('',(0.,0.,1.));
#3479=DIRECTION('',(1.,0.,0.));
#3480=DIRECTION('',(0.,0.,1.));
#3481=DIRECTION('',(0.,0.,1.));
#3482=DIRECTION('',(1.,0.,0.));
#3483=DIRECTION('',(0.,0.,1.));
#3484=DIRECTION('',(0.,0.,-1.));
#3485=DIRECTION('',(-1.,0.,0.));
#3486=DIRECTION('',(0.,0.,1.));
#3487=DIRECTION('',(1.,0.,0.));
#3488=DIRECTION('',(0.,0.,1.));
#3489=DIRECTION('',(0.,0.,1.));
#3490=DIRECTION('',(1.,0.,0.));
#3491=DIRECTION('',(0.,0.,1.));
#3492=DIRECTION('',(0.,0.,-1.));
#3493=DIRECTION('',(-1.,0.,0.));
#3494=DIRECTION('',(0.,0.,1.));
#3495=DIRECTION('',(1.,0.,0.));
#3496=DIRECTION('',(0.,0.,1.));
#3497=DIRECTION('',(0.,0.,1.));
#3498=DIRECTION('',(1.,0.,0.));
#3499=DIRECTION('',(0.,0.,1.));
#3500=DIRECTION('',(0.,0.,-1.));
#3501=DIRECTION('',(-1.,0.,0.));
#3502=DIRECTION('',(0.,0.,1.));
#3503=DIRECTION('',(1.,0.,0.));
#3504=DIRECTION('',(0.,0.,1.));
#3505=DIRECTION('',(0.,0.,1.));
#3506=DIRECTION('',(1.,0.,0.));
#3507=DIRECTION('',(0.,0.,1.));
#3508=DIRECTION('',(0.,0.,-1.));
#3509=DIRECTION('',(-1.,0.,0.));
#3510=DIRECTION('',(0.,0.,1.));
#3511=DIRECTION('',(1.,0.,0.));
#3512=DIRECTION('',(0.,0.,1.));
#3513=DIRECTION('',(0.,0.,1.));
#3514=DIRECTION('',(1.,0.,0.));
#3515=DIRECTION('',(0.,0.,1.));
#3516=DIRECTION('',(0.,0.,-1.));
#3517=DIRECTION('',(-1.,0.,0.));
#3518=DIRECTION('',(0.,0.,1.));
#3519=DIRECTION('',(1.,0.,0.));
#3520=DIRECTION('',(0.,0.,1.));
#3521=DIRECTION('',(0.,0.,1.));
#3522=DIRECTION('',(1.,0.,0.));
#3523=DIRECTION('',(0.,0.,1.));
#3524=DIRECTION('',(0.,0.,1.));
#3525=DIRECTION('',(1.,0.,0.));
#3526=DIRECTION('',(0.,0.,1.));
#3527=DIRECTION('',(1.,0.,0.));
#3528=DIRECTION('',(0.,0.,1.));
#3529=DIRECTION('',(1.,0.,0.));
#3530=DIRECTION('',(0.,0.,-1.));
#3531=DIRECTION('',(1.,1.22464679914735E-16,0.));
#3532=DIRECTION('',(0.,0.,1.));
#3533=DIRECTION('',(1.,0.,0.));
#3534=DIRECTION('',(0.,0.,1.));
#3535=DIRECTION('',(1.,0.,0.));
#3536=DIRECTION('',(0.,0.,1.));
#3537=DIRECTION('',(1.,0.,0.));
#3538=DIRECTION('',(0.,0.,1.));
#3539=DIRECTION('',(1.,0.,0.));
#3540=DIRECTION('',(0.,0.,1.));
#3541=DIRECTION('',(1.,0.,0.));
#3542=DIRECTION('',(0.,0.,1.));
#3543=DIRECTION('',(1.,0.,0.));
#3544=DIRECTION('',(0.,0.,1.));
#3545=DIRECTION('',(1.,0.,0.));
#3546=DIRECTION('',(0.,0.,1.));
#3547=DIRECTION('',(1.,0.,0.));
#3548=DIRECTION('',(0.,0.,1.));
#3549=DIRECTION('',(1.,0.,0.));
#3550=DIRECTION('',(0.,0.,1.));
#3551=DIRECTION('',(1.,0.,0.));
#3552=DIRECTION('',(0.,0.,1.));
#3553=DIRECTION('',(1.,0.,0.));
#3554=DIRECTION('',(0.,0.,1.));
#3555=DIRECTION('',(1.,0.,0.));
#3556=DIRECTION('',(0.,0.,1.));
#3557=DIRECTION('',(1.,0.,0.));
#3558=DIRECTION('',(0.,0.,1.));
#3559=DIRECTION('',(1.,0.,0.));
#3560=DIRECTION('',(0.,0.,1.));
#3561=DIRECTION('',(1.,0.,0.));
#3562=DIRECTION('',(0.,0.,1.));
#3563=DIRECTION('',(1.,0.,0.));
#3564=DIRECTION('',(0.,0.,1.));
#3565=DIRECTION('',(1.,0.,0.));
#3566=DIRECTION('',(0.,0.,1.));
#3567=DIRECTION('',(1.,0.,0.));
#3568=DIRECTION('',(0.,0.,1.));
#3569=DIRECTION('',(1.,0.,0.));
#3570=DIRECTION('',(0.,0.,1.));
#3571=DIRECTION('',(1.,0.,0.));
#3572=DIRECTION('',(0.,0.,1.));
#3573=DIRECTION('',(1.,0.,0.));
#3574=DIRECTION('',(0.,0.,1.));
#3575=DIRECTION('',(1.,0.,0.));
#3576=DIRECTION('',(0.,0.,1.));
#3577=DIRECTION('',(1.,0.,0.));
#3578=DIRECTION('',(0.,0.,1.));
#3579=DIRECTION('',(1.,0.,0.));
#3580=DIRECTION('',(0.,0.,-1.));
#3581=DIRECTION('',(-1.,0.,0.));
#3582=DIRECTION('',(0.,0.,-1.));
#3583=DIRECTION('',(1.,1.22464679914735E-16,0.));
#3584=DIRECTION('',(0.,0.,-1.));
#3585=DIRECTION('',(-1.,0.,0.));
#3586=DIRECTION('',(0.,0.,-1.));
#3587=DIRECTION('',(-1.,0.,0.));
#3588=DIRECTION('',(0.,0.,-1.));
#3589=DIRECTION('',(-1.,0.,0.));
#3590=DIRECTION('',(0.,0.,-1.));
#3591=DIRECTION('',(1.,1.22464679914735E-16,0.));
#3592=DIRECTION('',(0.,0.,-1.));
#3593=DIRECTION('',(-1.,0.,0.));
#3594=DIRECTION('',(0.,0.,-1.));
#3595=DIRECTION('',(-1.,0.,0.));
#3596=DIRECTION('',(0.,0.,1.));
#3597=DIRECTION('',(1.,0.,0.));
#3598=DIRECTION('',(0.,0.,1.));
#3599=DIRECTION('',(1.,0.,0.));
#3600=DIRECTION('',(0.,0.,1.));
#3601=DIRECTION('',(1.,0.,0.));
#3602=DIRECTION('',(0.,0.,1.));
#3603=DIRECTION('',(1.,0.,0.));
#3604=DIRECTION('',(0.,0.,1.));
#3605=DIRECTION('',(1.,0.,0.));
#3606=DIRECTION('',(0.,0.,1.));
#3607=DIRECTION('',(1.,0.,0.));
#3608=DIRECTION('',(0.,0.,1.));
#3609=DIRECTION('',(1.,0.,0.));
#3610=DIRECTION('',(0.,0.,1.));
#3611=DIRECTION('',(1.,0.,0.));
#3612=DIRECTION('',(0.,0.,1.));
#3613=DIRECTION('',(1.,0.,0.));
#3614=DIRECTION('',(0.,0.,1.));
#3615=DIRECTION('',(1.,0.,0.));
#3616=DIRECTION('',(0.,0.,1.));
#3617=DIRECTION('',(1.,0.,0.));
#3618=DIRECTION('',(0.,0.,1.));
#3619=DIRECTION('',(1.,0.,0.));
#3620=DIRECTION('',(0.,0.,1.));
#3621=DIRECTION('',(1.,0.,0.));
#3622=DIRECTION('',(0.,0.,1.));
#3623=DIRECTION('',(1.,0.,0.));
#3624=DIRECTION('',(0.,0.,1.));
#3625=DIRECTION('',(1.,0.,0.));
#3626=DIRECTION('',(0.,0.,1.));
#3627=DIRECTION('',(1.,0.,0.));
#3628=DIRECTION('',(0.,0.,1.));
#3629=DIRECTION('',(1.,0.,0.));
#3630=DIRECTION('',(0.,0.,1.));
#3631=DIRECTION('',(1.,0.,0.));
#3632=DIRECTION('',(0.,0.,1.));
#3633=DIRECTION('',(1.,0.,0.));
#3634=DIRECTION('',(0.,0.,1.));
#3635=DIRECTION('',(1.,0.,0.));
#3636=DIRECTION('',(0.,0.,1.));
#3637=DIRECTION('',(1.,0.,0.));
#3638=DIRECTION('',(0.,0.,1.));
#3639=DIRECTION('',(1.,0.,0.));
#3640=DIRECTION('',(0.,0.,1.));
#3641=DIRECTION('',(1.,0.,0.));
#3642=DIRECTION('',(0.,0.,1.));
#3643=DIRECTION('',(1.,0.,0.));
#3644=DIRECTION('',(-0.214456702446118,0.976733496290537,0.));
#3645=DIRECTION('',(0.976733496290537,0.214456702446118,0.));
#3646=DIRECTION('',(0.,0.,1.));
#3647=DIRECTION('',(0.581095863228751,0.127588439534945,-0.803771601784655));
#3648=DIRECTION('',(-0.976733496290537,-0.214456702446118,0.));
#3649=DIRECTION('',(-0.213972890005896,0.976839530291525,0.000366609270462822));
#3650=DIRECTION('',(0.976839595936313,0.213972904385068,1.35525271560743E-20));
#3651=DIRECTION('',(0.976839595936313,0.213972904385068,0.));
#3652=DIRECTION('',(0.052961304346766,0.0119757149644868,-0.998524753069737));
#3653=DIRECTION('',(-0.0223225958746313,0.999692421558609,0.0108057388318558));
#3654=DIRECTION('',(0.999750790709028,0.0223238992264806,2.71050543121408E-20));
#3655=DIRECTION('',(0.999750790709028,0.0223238992264806,0.));
#3656=DIRECTION('',(-0.744972317969814,-0.00942487589747664,-0.667028797858833));
#3657=DIRECTION('',(0.00551357383937713,0.999779048179023,-0.0202843616060405));
#3658=DIRECTION('',(-2.7105054312149E-20,0.0202846699302568,0.999794244915333));
#3659=DIRECTION('',(0.177892321002979,-0.0209417542446175,-0.983827101200882));
#3660=DIRECTION('',(-0.999984793879554,0.00551470848418854,0.));
#3661=DIRECTION('',(0.226736180377907,0.973745249195602,0.0202705248237717));
#3662=DIRECTION('',(0.973945363993447,-0.226782777026104,0.));
#3663=DIRECTION('',(0.973945363993447,-0.226782777026104,0.));
#3664=DIRECTION('',(-0.722417555243846,0.182100604159961,-0.667047408989858));
#3665=DIRECTION('',(0.253783267152074,0.967200720562283,-0.0108083050206932));
#3666=DIRECTION('',(0.967257219444078,-0.253798091863021,4.33680868994235E-19));
#3667=DIRECTION('',(0.0487560302710912,-0.0239513998706806,-0.998523499952024));
#3668=DIRECTION('',(-0.967257219444078,0.253798091863021,0.));
#3669=DIRECTION('',(0.448349987255169,0.893857978245338,0.00045128200401327));
#3670=DIRECTION('',(0.893858069264754,-0.448350032909876,0.));
#3671=DIRECTION('',(0.621552539174056,-0.311401463607028,-0.718819566727064));
#3672=DIRECTION('',(-0.893858069264754,0.448350032909876,0.));
#3673=DIRECTION('',(0.453217520897959,0.89138151847592,0.00573299840137749));
#3674=DIRECTION('',(0.891396167475484,-0.453224969093738,0.));
#3675=DIRECTION('',(0.891396167475484,-0.453224969093738,0.));
#3676=DIRECTION('',(-0.0549986910328068,0.034381795224828,-0.997894301086942));
#3677=DIRECTION('',(0.6023725937222,0.798194705129265,-0.0056983362478939));
#3678=DIRECTION('',(0.798207664549459,-0.602382373791347,4.3368086899445E-19));
#3679=DIRECTION('',(0.552420769627885,-0.422026477885912,-0.71883582635185));
#3680=DIRECTION('',(-0.798207664549459,0.602382373791347,0.));
#3681=DIRECTION('',(0.613788409895032,0.789427762139041,0.00822169341888543));
#3682=DIRECTION('',(0.78945444466702,-0.613809155842015,8.67361737988422E-19));
#3683=DIRECTION('',(0.78945444466702,-0.613809155842015,0.));
#3684=DIRECTION('',(-0.056103528873236,0.0540042102765658,-0.996963359066107));
#3685=DIRECTION('',(0.77583012601797,0.630870535330976,-0.00948594824723163));
#3686=DIRECTION('',(-0.630898921125985,0.775865034217981,8.67361737988379E-19));
#3687=DIRECTION('',(0.483271552254874,-0.603847630439843,-0.633890089836835));
#3688=DIRECTION('',(-0.630898921125985,0.775865034217981,0.));
#3689=DIRECTION('',(0.774292842910902,0.63270583818092,-0.0124062786013284));
#3690=DIRECTION('',(-0.632754535498823,0.774352437721784,0.));
#3691=DIRECTION('',(0.632754535498823,-0.774352437721784,0.));
#3692=DIRECTION('',(0.107541240362981,-0.150875621935973,-0.982685823814827));
#3693=DIRECTION('',(0.879912213769817,0.474558083831901,0.0234333337042451));
#3694=DIRECTION('',(-0.474688432451934,0.880153902505877,1.73472347597676E-18));
#3695=DIRECTION('',(0.474688432451934,-0.880153902505877,0.));
#3696=DIRECTION('',(-0.293344595237862,0.581385549839727,-0.758906971164644));
#3697=DIRECTION('',(0.904529910979311,0.425764200228146,-0.0234624369545781));
#3698=DIRECTION('',(-0.42588143723808,0.904778979318169,0.));
#3699=DIRECTION('',(0.0573999983341443,-0.176098636477952,-0.982697568136732));
#3700=DIRECTION('',(-0.42588143723808,0.904778979318169,0.));
#3701=DIRECTION('',(0.966888556327416,0.25497094357111,0.0107859898731146));
#3702=DIRECTION('',(-0.254985776216129,0.966944803971488,8.67361737988837E-19));
#3703=DIRECTION('',(0.195125762394935,-0.711384847893764,-0.675172226203776));
#3704=DIRECTION('',(-0.254985776216129,0.966944803971488,0.));
#3705=DIRECTION('',(0.963841097445596,0.266468496102888,-0.00220894987126607));
#3706=DIRECTION('',(-0.266469146216032,0.963843448966117,0.));
#3707=DIRECTION('',(0.266469146216032,-0.963843448966117,0.));
#3708=DIRECTION('',(0.0140122853885945,-0.0589582138470189,-0.99816210350732));
#3709=DIRECTION('',(0.995234900868346,0.0971582223503438,0.00823237045411686));
#3710=DIRECTION('',(-0.0971615148174897,0.995268627074304,0.));
#3711=DIRECTION('',(0.0971615148174897,-0.995268627074304,0.));
#3712=DIRECTION('',(-0.0500375827228365,0.581367813527191,-0.812100797752267));
#3713=DIRECTION('',(0.997632085286708,0.0675096923244803,-0.0131401616713162));
#3714=DIRECTION('',(-0.0675155213210357,0.997718223939379,1.08420217248641E-19));
#3715=DIRECTION('',(0.,-0.191055668811052,-0.981579202823268));
#3716=DIRECTION('',(-0.0675155213210357,0.997718223939379,0.));
#3717=DIRECTION('',(0.997632085286708,-0.0675096923244803,0.0131401616713162));
#3718=DIRECTION('',(0.0675155213210357,0.997718223939379,1.08420217248641E-19));
#3719=DIRECTION('',(-0.0675155213210357,-0.997718223939379,0.));
#3720=DIRECTION('',(0.0500375827228365,0.581367813527191,-0.812100797752267));
#3721=DIRECTION('',(0.995234900868346,-0.0971582223503438,-0.00823237045411686));
#3722=DIRECTION('',(0.0971615148174897,0.995268627074304,0.));
#3723=DIRECTION('',(-0.0140122853885945,-0.0589582138470189,-0.99816210350732));
#3724=DIRECTION('',(0.0971615148174897,0.995268627074304,0.));
#3725=DIRECTION('',(0.963841097445596,-0.266468496102888,0.00220894987126607));
#3726=DIRECTION('',(0.266469146216032,0.963843448966117,0.));
#3727=DIRECTION('',(-0.195125762394935,-0.711384847893764,-0.675172226203776));
#3728=DIRECTION('',(0.266469146216032,0.963843448966117,0.));
#3729=DIRECTION('',(0.966888556327416,-0.25497094357111,-0.0107859898731146));
#3730=DIRECTION('',(0.254985776216129,0.966944803971488,0.));
#3731=DIRECTION('',(-0.254985776216129,-0.966944803971488,0.));
#3732=DIRECTION('',(-0.0573999983341443,-0.176098636477952,-0.982697568136732));
#3733=DIRECTION('',(0.904529910979311,-0.425764200228146,0.0234624369545781));
#3734=DIRECTION('',(0.42588143723808,0.904778979318169,0.));
#3735=DIRECTION('',(-0.42588143723808,-0.904778979318169,0.));
#3736=DIRECTION('',(0.293344595237862,0.581385549839727,-0.758906971164644));
#3737=DIRECTION('',(0.879912213769817,-0.474558083831901,-0.0234333337042451));
#3738=DIRECTION('',(0.474688432451934,0.880153902505877,0.));
#3739=DIRECTION('',(-0.107541240362981,-0.150875621935973,-0.982685823814827));
#3740=DIRECTION('',(0.474688432451934,0.880153902505877,0.));
#3741=DIRECTION('',(0.784761278480879,-0.619728840245905,0.00926824495368558));
#3742=DIRECTION('',(0.619755459426937,0.784794986292921,8.67361737988312E-19));
#3743=DIRECTION('',(-0.425597791617176,-0.549683864927228,-0.718828330277298));
#3744=DIRECTION('',(0.619755459426937,0.784794986292921,0.));
#3745=DIRECTION('',(0.77565852128088,-0.630730993993902,0.0230710116774964));
#3746=DIRECTION('',(0.630898921125985,0.775865034217981,0.));
#3747=DIRECTION('',(-0.630898921125985,-0.775865034217981,0.));
#3748=DIRECTION('',(0.215077665097974,0.229778259715972,-0.949180461944884));
#3749=DIRECTION('',(0.672846947445837,-0.73930659101682,-0.0265094283587436));
#3750=DIRECTION('',(-0.739566501790685,-0.673083493653713,0.));
#3751=DIRECTION('',(-0.383328072302867,-0.31777272605189,-0.867225509058699));
#3752=DIRECTION('',(0.739566501790685,0.673083493653713,0.));
#3753=DIRECTION('',(0.602175416895073,-0.797933429134097,0.0262108747955132));
#3754=DIRECTION('',(-0.798207664549459,-0.602382373791347,0.));
#3755=DIRECTION('',(-0.798207664549459,-0.602382373791347,0.));
#3756=DIRECTION('',(0.346801038315035,0.231866337197023,-0.908827289147091));
#3757=DIRECTION('',(0.520991613101257,-0.853352366861421,-0.0189070634991793));
#3758=DIRECTION('',(-0.853504934710662,-0.521084759347794,0.));
#3759=DIRECTION('',(-0.361745674157907,-0.200682719234949,-0.910421063809767));
#3760=DIRECTION('',(0.853504934710662,0.521084759347794,0.));
#3761=DIRECTION('',(0.448270104891834,-0.89369871987567,0.018881502928853));
#3762=DIRECTION('',(-0.893858069264754,-0.448350032909876,-8.67361737988161E-19));
#3763=DIRECTION('',(-0.893858069264754,-0.448350032909876,0.));
#3764=DIRECTION('',(0.380344992712773,0.171576804536898,-0.908789902377457));
#3765=DIRECTION('',(0.36617244180914,-0.930277757157356,-0.0223838646755086));
#3766=DIRECTION('',(-0.930510896743255,-0.3662642093381,-8.67361737988638E-19));
#3767=DIRECTION('',(-0.386157688211899,-0.130024443876966,-0.913222800760761));
#3768=DIRECTION('',(0.930510896743255,0.3662642093381,0.));
#3769=DIRECTION('',(0.280284825601135,-0.959745663412462,0.0181294814794687));
#3770=DIRECTION('',(-0.959903425993188,-0.280330898701055,0.));
#3771=DIRECTION('',(-0.959903425993188,-0.280330898701055,0.));
#3772=DIRECTION('',(0.296618161444913,0.0686314660104299,-0.952526843807721));
#3773=DIRECTION('',(0.175472314119944,-0.984349715220685,-0.0162820490832148));
#3774=DIRECTION('',(-0.984480219245105,-0.175495578050019,-4.33680868994246E-19));
#3775=DIRECTION('',(-0.576944119256349,-0.0894181622604741,-0.811874297852491));
#3776=DIRECTION('',(0.984480219245105,0.175495578050019,0.));
#3777=DIRECTION('',(0.145032495882075,-0.989409261036511,0.00590671765036505));
#3778=DIRECTION('',(-0.989426521392969,-0.145035025990995,0.));
#3779=DIRECTION('',(-0.989426521392969,-0.145035025990995,0.));
#3780=DIRECTION('',(0.0733181358189973,0.00479352693710778,-0.997297083651371));
#3781=DIRECTION('',(-0.0312468125593586,-0.999486472853275,-0.00710121737457095));
#3782=DIRECTION('',(-0.999511674502627,0.0312476004351483,2.71050543121299E-20));
#3783=DIRECTION('',(-0.693832520814045,0.0268041209018917,-0.719637389359047));
#3784=DIRECTION('',(0.999511674502627,-0.0312476004351483,0.));
#3785=DIRECTION('',(-0.0459452083731095,-0.998918791385554,0.00709126535785084));
#3786=DIRECTION('',(-0.99894390817016,0.0459463636180974,-5.42101086242887E-20));
#3787=DIRECTION('',(-0.99894390817016,0.0459463636180974,0.));
#3788=DIRECTION('',(0.0727095505020977,-0.0104240355993982,-0.997298681813831));
#3789=DIRECTION('',(-0.213948567707012,-0.976830066203054,-0.0053881479058083));
#3790=DIRECTION('',(-0.976844246244323,0.213951673467071,0.));
#3791=DIRECTION('',(-0.509136690403914,0.11621683233698,-0.852803305789856));
#3792=DIRECTION('',(0.976844246244323,-0.213951673467071,0.));
#3793=DIRECTION('',(-0.222538597749963,-0.974923880367837,0.));
#3794=DIRECTION('',(-0.974923880367837,0.222538597749963,0.));
#3795=DIRECTION('',(-0.974923880367837,0.222538597749963,0.));
#3796=DIRECTION('',(0.,0.,-1.));
#3797=DIRECTION('',(-1.,0.,0.));
#3798=DIRECTION('',(0.,0.,-1.));
#3799=DIRECTION('',(0.,-1.,0.));
#3800=DIRECTION('',(0.,0.,1.));
#3801=DIRECTION('',(0.,1.,0.));
#3802=DIRECTION('',(-1.,0.,0.));
#3803=DIRECTION('',(0.,0.,-1.));
#3804=DIRECTION('',(0.,0.,-1.));
#3805=DIRECTION('',(0.,-1.,0.));
#3806=DIRECTION('',(0.,1.,0.));
#3807=DIRECTION('',(0.,-1.,0.));
#3808=DIRECTION('',(0.,0.,-1.));
#3809=DIRECTION('',(0.,0.,-1.));
#3810=DIRECTION('',(1.,0.,0.));
#3811=DIRECTION('',(-1.,0.,0.));
#3812=DIRECTION('',(0.70770281649682,0.70648832510782,-0.00556507042325758));
#3813=DIRECTION('',(-0.706499265337184,0.707713775532184,-4.33680868994313E-19));
#3814=DIRECTION('',(0.706499265337184,-0.707713775532184,0.));
#3815=DIRECTION('',(-0.698895343830986,0.698899980505986,-0.151934576775997));
#3816=DIRECTION('',(-0.0156797445760633,0.0235806275433899,0.999598969394571));
#3817=DIRECTION('',(0.707109126751157,0.707104435614157,0.));
#3818=DIRECTION('',(-0.707104435614157,0.707109126751157,0.));
#3819=DIRECTION('',(0.,0.,-1.));
#3820=DIRECTION('',(-0.707104435614157,0.707109126751157,0.));
#3821=DIRECTION('',(0.,1.,0.));
#3822=DIRECTION('',(0.,0.,1.));
#3823=DIRECTION('',(-1.,0.,0.));
#3824=DIRECTION('',(1.,0.,0.));
#3825=DIRECTION('',(0.707109126751157,-0.707104435614157,-7.74956869083372E-16));
#3826=DIRECTION('',(0.707104435614157,0.707109126751157,0.));
#3827=DIRECTION('',(0.,0.,-1.));
#3828=DIRECTION('',(0.707104435614157,0.707109126751157,0.));
#3829=DIRECTION('',(-0.707104435614157,-0.707109126751157,0.));
#3830=DIRECTION('',(0.,1.,0.));
#3831=DIRECTION('',(0.,0.,1.));
#3832=DIRECTION('',(0.,0.,-1.));
#3833=DIRECTION('',(-1.,0.,0.));
#3834=DIRECTION('',(1.,0.,0.));
#3835=DIRECTION('',(1.,0.,0.));
#3836=DIRECTION('',(0.,0.,1.));
#3837=DIRECTION('',(0.,-1.,0.));
#3838=DIRECTION('',(0.,0.978296782049177,-0.207208605594037));
#3839=DIRECTION('',(0.999998535161749,0.000354664289986111,0.00167448129196658));
#3840=DIRECTION('',(-0.00167448139728107,0.,0.999998598055042));
#3841=DIRECTION('',(0.00167835859601467,-0.0112297447878845,-0.999935535894401));
#3842=DIRECTION('',(-0.000354664787206757,0.999999937106442,0.));
#3843=DIRECTION('',(0.181597143634983,0.983314378435908,-0.010738276622449));
#3844=DIRECTION('',(0.983371076617381,-0.18160761457707,0.));
#3845=DIRECTION('',(0.983371076617381,-0.18160761457707,0.));
#3846=DIRECTION('',(-0.777782231612036,0.136940742394006,-0.613434620201028));
#3847=DIRECTION('',(0.163236764548023,0.986497921405138,0.0132517833983019));
#3848=DIRECTION('',(0.986584552148377,-0.163251099421062,4.33680868994366E-19));
#3849=DIRECTION('',(0.0464578067332249,0.00573101552877084,-0.99890381301432));
#3850=DIRECTION('',(-0.986584552148377,0.163251099421062,0.));
#3851=DIRECTION('',(0.0513286881449431,0.998648828933449,0.00811678773719665));
#3852=DIRECTION('',(0.998681727171513,-0.051330379052995,5.42101086242536E-20));
#3853=DIRECTION('',(0.732706829175101,-0.0321346266426644,-0.679785310411093));
#3854=DIRECTION('',(-0.998681727171513,0.051330379052995,0.));
#3855=DIRECTION('',(0.025326414698982,0.99948016854108,-0.0199490704442416));
#3856=DIRECTION('',(0.9996791071894,-0.0253314557221801,0.));
#3857=DIRECTION('',(0.9996791071894,-0.0253314557221801,0.));
#3858=DIRECTION('',(-0.391259868648857,-0.0084531453103199,-0.920241413716663));
#3859=DIRECTION('',(-0.0615904552236822,0.99795638889436,0.0170194503515361));
#3860=DIRECTION('',(0.998100955168814,0.0615993773596785,-2.1684043449706E-19));
#3861=DIRECTION('',(0.660621976242937,0.0535417098597849,-0.748806977671928));
#3862=DIRECTION('',(-0.998100955168814,-0.0615993773596785,0.));
#3863=DIRECTION('',(-0.101906160163021,0.994616597579203,-0.0187871855475738));
#3864=DIRECTION('',(0.994792173170712,0.101924149239971,0.));
#3865=DIRECTION('',(0.994792173170712,0.101924149239971,0.));
#3866=DIRECTION('',(-0.35718473789882,-0.0542094427737926,-0.932459328510529));
#3867=DIRECTION('',(-0.197861818254016,0.980049311706079,0.0188161500221215));
#3868=DIRECTION('',(0.980222849793072,0.197896853799015,-4.33680868994232E-19));
#3869=DIRECTION('',(0.646748090817978,0.144948171155995,-0.748803668995975));
#3870=DIRECTION('',(-0.980222849793072,-0.197896853799015,0.));
#3871=DIRECTION('',(-0.237388883001005,0.971265515221019,-0.0170240174454503));
#3872=DIRECTION('',(0.971406290532608,0.237423290166904,0.));
#3873=DIRECTION('',(0.971406290532608,0.237423290166904,0.));
#3874=DIRECTION('',(-0.376148682517088,-0.108064814867025,-0.920235928677214));
#3875=DIRECTION('',(-0.314364155033943,0.949149577916829,0.0170369237275969));
#3876=DIRECTION('',(0.949287356456095,0.314409788131031,0.));
#3877=DIRECTION('',(0.624993031219903,0.220443278453966,-0.748858112001883));
#3878=DIRECTION('',(-0.949287356456095,-0.314409788131031,0.));
#3879=DIRECTION('',(-0.345398199372021,0.938379057397057,-0.0120344717032507));
#3880=DIRECTION('',(0.938447016799057,0.345423213842021,0.));
#3881=DIRECTION('',(0.938447016799057,0.345423213842021,0.));
#3882=DIRECTION('',(-0.133007757069963,-0.0616436313972028,-0.989196137915724));
#3883=DIRECTION('',(-0.440317479102132,0.89783624514527,0.00325491944393198));
#3884=DIRECTION('',(0.897841001246128,0.440319811593063,0.));
#3885=DIRECTION('',(0.897841001246128,0.440319811593063,0.));
#3886=DIRECTION('',(-0.686055990591553,-0.334113054295782,-0.646293775865579));
#3887=DIRECTION('',(-0.432009341195947,0.901836833064888,-0.00763253869541106));
#3888=DIRECTION('',(0.901863102757015,0.432021925237007,0.));
#3889=DIRECTION('',(-0.18412089006806,-0.0964783911639117,-0.978157153978321));
#3890=DIRECTION('',(-0.901863102757015,-0.432021925237007,0.));
#3891=DIRECTION('',(-0.508471124830756,0.861011475447588,0.0107867678622248));
#3892=DIRECTION('',(0.861061571039109,0.508500708829065,-8.6736173798851E-19));
#3893=DIRECTION('',(0.56662301312809,0.343999897679054,-0.748733885563118));
#3894=DIRECTION('',(-0.861061571039109,-0.508500708829065,0.));
#3895=DIRECTION('',(-0.536890884305304,0.843442361475477,-0.0187925841368306));
#3896=DIRECTION('',(0.843591336501956,0.536985713942972,0.));
#3897=DIRECTION('',(0.843591336501956,0.536985713942972,0.));
#3898=DIRECTION('',(-0.294881985310845,-0.208483441843891,-0.932512342661511));
#3899=DIRECTION('',(-0.616164333508827,0.787393057817779,0.0188065576858347));
#3900=DIRECTION('',(0.787532339956805,0.616273326959848,-1.73472347597657E-18));
#3901=DIRECTION('',(0.513241490243751,0.419513567842796,-0.748726611713636));
#3902=DIRECTION('',(-0.787532339956805,-0.616273326959848,0.));
#3903=DIRECTION('',(-0.647535754636138,0.761845138670162,-0.0170126762283036));
#3904=DIRECTION('',(0.761955413467083,0.647629483492071,0.));
#3905=DIRECTION('',(0.761955413467083,0.647629483492071,0.));
#3906=DIRECTION('',(-0.287658346050073,-0.265048995477067,-0.920326956002232));
#3907=DIRECTION('',(-0.699606596275991,0.71441136521999,0.0129233003382498));
#3908=DIRECTION('',(0.714471030218657,0.699665024835664,0.));
#3909=DIRECTION('',(0.363350486372903,0.371277754052901,-0.854476011013772));
#3910=DIRECTION('',(-0.714471030218657,-0.699665024835664,0.));
#3911=DIRECTION('',(-0.734485060797965,0.678397721340967,-0.0175563989471992));
#3912=DIRECTION('',(-0.678502295812136,-0.734598281088147,0.));
#3913=DIRECTION('',(0.678502295812136,0.734598281088147,0.));
#3914=DIRECTION('',(-0.364623104989909,-0.416323585683896,-0.832901352688793));
#3915=DIRECTION('',(-0.769475666351778,0.638429721214816,0.0177395028695949));
#3916=DIRECTION('',(-0.638530198642579,-0.769596768068493,0.));
#3917=DIRECTION('',(0.207846642203959,0.276580057909946,-0.938244768112815));
#3918=DIRECTION('',(-0.638530198642579,-0.769596768068493,0.));
#3919=DIRECTION('',(-0.820658171242749,0.571262321762826,-0.0133987203363659));
#3920=DIRECTION('',(-0.571313606803965,-0.820731845781949,0.));
#3921=DIRECTION('',(0.571313606803965,0.820731845781949,0.));
#3922=DIRECTION('',(-0.383588865946932,-0.5681287944759,-0.728072286801872));
#3923=DIRECTION('',(-0.83130994171816,0.555792608386107,0.00428453777163183));
#3924=DIRECTION('',(-0.555797709872142,-0.831317572111213,0.));
#3925=DIRECTION('',(0.0468938730011579,0.0778170847825564,-0.995864180493955));
#3926=DIRECTION('',(-0.555797709872142,-0.831317572111213,0.));
#3927=DIRECTION('',(-0.883483116807984,0.468436334672991,-0.00499826703810091));
#3928=DIRECTION('',(-0.468442186178848,-0.883494152899713,0.));
#3929=DIRECTION('',(0.468442186178848,0.883494152899713,0.));
#3930=DIRECTION('',(-0.354605653076146,-0.675691515985279,-0.646293900661267));
#3931=DIRECTION('',(-0.888635384483309,0.458541543274159,0.00817352653109884));
#3932=DIRECTION('',(-0.458556860827754,-0.888665069296524,0.));
#3933=DIRECTION('',(0.0515116459790461,0.117505267634014,-0.991735379225118));
#3934=DIRECTION('',(-0.458556860827754,-0.888665069296524,0.));
#3935=DIRECTION('',(-0.939379197864893,0.342782505566961,-0.00817780508117907));
#3936=DIRECTION('',(-0.342793968188934,-0.939410610634819,0.));
#3937=DIRECTION('',(0.342793968188934,0.939410610634819,0.));
#3938=DIRECTION('',(-0.256640121626072,-0.718726438663202,-0.646195136424181));
#3939=DIRECTION('',(-0.943159641243872,0.332302713954955,0.00497970148719333));
#3940=DIRECTION('',(-0.332306834158122,-0.943171335427347,0.));
#3941=DIRECTION('',(0.0254679707801831,0.0872080455295106,-0.995864518526121));
#3942=DIRECTION('',(-0.332306834158122,-0.943171335427347,0.));
#3943=DIRECTION('',(-0.972052744279696,0.234723104136927,-0.00430426795608265));
#3944=DIRECTION('',(-0.234725278491914,-0.972061748880643,2.1684043449702E-19));
#3945=DIRECTION('',(0.234725278491914,0.972061748880643,0.));
#3946=DIRECTION('',(-0.157849555133937,-0.667049911301735,-0.728098848904711));
#3947=DIRECTION('',(-0.976211401201889,0.216407853512975,0.0133768868333085));
#3948=DIRECTION('',(-0.216427218242008,-0.976298755097038,0.));
#3949=DIRECTION('',(0.06258988983295,0.340336104985891,-0.9382184400947));
#3950=DIRECTION('',(-0.216427218242008,-0.976298755097038,0.));
#3951=DIRECTION('',(-0.990918926988117,0.133282962101016,-0.0177575941585221));
#3952=DIRECTION('',(-0.133303981273027,-0.991075198245199,4.33680868994287E-19));
#3953=DIRECTION('',(0.133303981273027,0.991075198245199,0.));
#3954=DIRECTION('',(-0.0590753068902688,-0.550183279833896,-0.832951659285842));
#3955=DIRECTION('',(-0.996606892744078,0.0804117635393463,0.0175684267789314));
#3956=DIRECTION('',(-0.0804241759428584,-0.996760729525352,-2.16840434497177E-19));
#3957=DIRECTION('',(0.0268049519582981,0.518889634211963,-0.85442088109894));
#3958=DIRECTION('',(-0.0804241759428584,-0.996760729525352,0.));
#3959=DIRECTION('',(-0.999455195912639,0.030376062600459,-0.0129076017959253));
#3960=DIRECTION('',(-0.0303785933366314,-0.999538464025716,0.));
#3961=DIRECTION('',(0.0303785933366314,0.999538464025716,0.));
#3962=DIRECTION('',(0.,-0.391083543708907,-0.920355182437782));
#3963=DIRECTION('',(-0.999455195912639,-0.030376062600459,0.0129076017959253));
#3964=DIRECTION('',(0.0303785933366314,-0.999538464025716,0.));
#3965=DIRECTION('',(-0.0268049519582981,0.518889634211963,-0.85442088109894));
#3966=DIRECTION('',(0.0303785933366314,-0.999538464025716,0.));
#3967=DIRECTION('',(-0.996606892744078,-0.0804117635393463,-0.0175684267789314));
#3968=DIRECTION('',(0.0804241759428584,-0.996760729525352,-2.16840434497177E-19));
#3969=DIRECTION('',(-0.0804241759428584,0.996760729525352,0.));
#3970=DIRECTION('',(0.0590753068902688,-0.550183279833896,-0.832951659285842));
#3971=DIRECTION('',(-0.990918926988117,-0.133282962101016,0.0177575941585221));
#3972=DIRECTION('',(0.133303981273027,-0.991075198245199,0.));
#3973=DIRECTION('',(-0.06258988983295,0.340336104985891,-0.9382184400947));
#3974=DIRECTION('',(0.133303981273027,-0.991075198245199,0.));
#3975=DIRECTION('',(-0.976211401201889,-0.216407853512975,-0.0133768868333085));
#3976=DIRECTION('',(0.216427218242008,-0.976298755097038,0.));
#3977=DIRECTION('',(-0.216427218242008,0.976298755097038,0.));
#3978=DIRECTION('',(0.157849555133937,-0.667049911301735,-0.728098848904711));
#3979=DIRECTION('',(-0.972052744279696,-0.234723104136927,0.00430426795608265));
#3980=DIRECTION('',(0.234725278491914,-0.972061748880643,2.1684043449702E-19));
#3981=DIRECTION('',(-0.0254679707801831,0.0872080455295106,-0.995864518526121));
#3982=DIRECTION('',(0.234725278491914,-0.972061748880643,0.));
#3983=DIRECTION('',(-0.943159641243872,-0.332302713954955,-0.00497970148719333));
#3984=DIRECTION('',(0.332306834158122,-0.943171335427347,0.));
#3985=DIRECTION('',(-0.332306834158122,0.943171335427347,0.));
#3986=DIRECTION('',(0.256640121626072,-0.718726438663202,-0.646195136424181));
#3987=DIRECTION('',(-0.939377793046352,-0.342786242870129,0.00818251980416307));
#3988=DIRECTION('',(0.342797718838118,-0.939409242002325,0.));
#3989=DIRECTION('',(-0.0515117375698323,0.117490343858005,-0.991737142590044));
#3990=DIRECTION('',(0.342797718838118,-0.939409242002325,0.));
#3991=DIRECTION('',(-0.888635435281269,-0.458541569486139,-0.00816653020924447));
#3992=DIRECTION('',(0.458556860827754,-0.888665069296524,-4.33680868993968E-19));
#3993=DIRECTION('',(-0.458556860827754,0.888665069296524,0.));
#3994=DIRECTION('',(0.35460329018814,-0.675696875163267,-0.646289594131255));
#3995=DIRECTION('',(-0.883485747246987,-0.468431368099993,0.00499877899115592));
#3996=DIRECTION('',(0.468437220741922,-0.883496785632853,0.));
#3997=DIRECTION('',(-0.0468938730011579,0.0778170847825564,-0.995864180493955));
#3998=DIRECTION('',(0.468437220741922,-0.883496785632853,0.));
#3999=DIRECTION('',(-0.831305374430884,-0.555799433936923,-0.0042852861892084));
#4000=DIRECTION('',(0.555804537268018,-0.831313007448027,4.33680868994214E-19));
#4001=DIRECTION('',(-0.555804537268018,0.831313007448027,0.));
#4002=DIRECTION('',(0.38359128701586,-0.568121270720793,-0.728076882121735));
#4003=DIRECTION('',(-0.820661646688763,-0.571257661521835,0.0133845361030461));
#4004=DIRECTION('',(0.571308837605179,-0.820735165613257,8.67361737988671E-19));
#4005=DIRECTION('',(-0.207820068837022,0.276568482350029,-0.938254066636099));
#4006=DIRECTION('',(0.571308837605179,-0.820735165613257,0.));
#4007=DIRECTION('',(-0.769481550444228,-0.638422344015189,-0.0177497658603953));
#4008=DIRECTION('',(0.638522936601262,-0.769602793286316,0.));
#4009=DIRECTION('',(-0.638522936601262,0.769602793286316,0.));
#4010=DIRECTION('',(0.364641284754154,-0.416340739179176,-0.832884819379353));
#4011=DIRECTION('',(-0.734478566729886,-0.678404633530894,0.0175609856849173));
#4012=DIRECTION('',(0.678509263729359,-0.734591845199389,-1.73472347597792E-18));
#4013=DIRECTION('',(-0.36335224526897,0.37126651299097,-0.85448014733493));
#4014=DIRECTION('',(0.678509263729359,-0.734591845199389,0.));
#4015=DIRECTION('',(-0.69960669479372,-0.714411465821714,-0.0129124011042248));
#4016=DIRECTION('',(-0.714471030218657,0.699665024835664,0.));
#4017=DIRECTION('',(-0.714471030218657,0.699665024835664,0.));
#4018=DIRECTION('',(0.287657275334006,-0.265062051939005,-0.920323530379018));
#4019=DIRECTION('',(-0.647535626529224,-0.761844987949263,0.0170242976945359));
#4020=DIRECTION('',(-0.761955413467083,0.647629483492071,1.73472347597719E-18));
#4021=DIRECTION('',(-0.513243950092047,0.419504153758038,-0.748730200188068));
#4022=DIRECTION('',(0.761955413467083,-0.647629483492071,0.));
#4023=DIRECTION('',(-0.616164472689808,-0.787393235675754,-0.0187945472666141));
#4024=DIRECTION('',(-0.787532339956805,0.616273326959848,0.));
#4025=DIRECTION('',(-0.787532339956805,0.616273326959848,0.));
#4026=DIRECTION('',(0.294881110513849,-0.208497052323894,-0.932509576269524));
#4027=DIRECTION('',(-0.536907904560051,-0.843431414723081,0.0187976242955718));
#4028=DIRECTION('',(-0.843580467756674,0.537002788092792,-1.73472347597633E-18));
#4029=DIRECTION('',(-0.566620786207918,0.34400997043095,-0.748730942916892));
#4030=DIRECTION('',(0.843580467756674,-0.537002788092792,0.));
#4031=DIRECTION('',(-0.508471052727949,-0.861011353353914,-0.0107999043232589));
#4032=DIRECTION('',(-0.861061571039109,0.508500708829065,0.));
#4033=DIRECTION('',(-0.861061571039109,0.508500708829065,0.));
#4034=DIRECTION('',(0.184121155179926,-0.0964636045659113,-0.978158562406608));
#4035=DIRECTION('',(-0.432022212856174,-0.901830808847364,0.00761576080002708));
#4036=DIRECTION('',(-0.90185696299396,0.432034742004981,0.));
#4037=DIRECTION('',(-0.90185696299396,0.432034742004981,0.));
#4038=DIRECTION('',(0.686055990591553,-0.334113054295782,-0.646293775865579));
#4039=DIRECTION('',(-0.440317479102132,-0.89783624514527,-0.00325491944393198));
#4040=DIRECTION('',(-0.897841001246128,0.440319811593063,0.));
#4041=DIRECTION('',(0.133007757069963,-0.0616436313972028,-0.989196137915724));
#4042=DIRECTION('',(0.897841001246128,-0.440319811593063,0.));
#4043=DIRECTION('',(-0.345375592779808,-0.93838733251048,0.0120380270751733));
#4044=DIRECTION('',(-0.938455332677075,0.345400620396028,4.33680868994235E-19));
#4045=DIRECTION('',(-0.625008531642766,0.220429258544918,-0.74884930216372));
#4046=DIRECTION('',(0.938455332677075,-0.345400620396028,0.));
#4047=DIRECTION('',(-0.314353734669119,-0.94915328549936,-0.0170226356756865));
#4048=DIRECTION('',(-0.949290833526372,0.314399289730123,0.));
#4049=DIRECTION('',(-0.949290833526372,0.314399289730123,0.));
#4050=DIRECTION('',(0.376124572218128,-0.108065956387037,-0.920245649402313));
#4051=DIRECTION('',(-0.246781782711967,-0.968984887723871,0.0129243601103083));
#4052=DIRECTION('',(-0.969065827038169,0.246802396396043,0.));
#4053=DIRECTION('',(-0.505943981821766,0.117456404005946,-0.854531848684605));
#4054=DIRECTION('',(0.969065827038169,-0.246802396396043,0.));
#4055=DIRECTION('',(-0.197866336946035,-0.980071693693171,-0.0175609773348931));
#4056=DIRECTION('',(-0.980222849793072,0.197896853799015,0.));
#4057=DIRECTION('',(-0.980222849793072,0.197896853799015,0.));
#4058=DIRECTION('',(0.545260299192277,-0.0951593977615084,-0.832848062459423));
#4059=DIRECTION('',(-0.145569826086943,-0.989189296239614,0.0177189711325131));
#4060=DIRECTION('',(-0.989344616708292,0.145592683162043,0.));
#4061=DIRECTION('',(-0.34428609390198,0.0338588078874381,-0.938254052308946));
#4062=DIRECTION('',(0.989344616708292,-0.145592683162043,0.));
#4063=DIRECTION('',(-0.0615822281034905,-0.998011815464495,-0.0134180987875667));
#4064=DIRECTION('',(-0.998101671304096,0.0615877726498559,0.));
#4065=DIRECTION('',(-0.998101671304096,0.0615877726498559,0.));
#4066=DIRECTION('',(0.684726902361131,-0.0324621476571262,-0.728076423291139));
#4067=DIRECTION('',(-0.042806488467814,-0.999074184074093,0.0042871041204744));
#4068=DIRECTION('',(-0.999083365323616,0.0428068818490435,2.71050543121296E-20));
#4069=DIRECTION('',(-0.0908700388995561,-0.0003798914669714,-0.995862687177739));
#4070=DIRECTION('',(0.999083365323616,-0.0428068818490435,0.));
#4071=DIRECTION('',(0.0513034594889031,-0.99867385167567,-0.00430035158465158));
#4072=DIRECTION('',(-0.998683086053377,-0.0513039338735594,-2.71050543121502E-20));
#4073=DIRECTION('',(-0.998683086053377,-0.0513039338735594,0.));
#4074=DIRECTION('',(0.684420353653126,0.0382949219076371,-0.728081230675134));
#4075=DIRECTION('',(0.0681385160947835,-0.997608650135905,0.0115811829455189));
#4076=DIRECTION('',(-0.997675558397217,-0.0681430860528148,0.));
#4077=DIRECTION('',(-0.289235473261909,-0.0308622950976703,-0.956760346036699));
#4078=DIRECTION('',(0.997675558397217,0.0681430860528148,0.));
#4079=DIRECTION('',(0.163218657787043,-0.986434298703262,-0.0175226736544347));
#4080=DIRECTION('',(-0.986585772997931,-0.163243721220989,0.));
#4081=DIRECTION('',(-0.986585772997931,-0.163243721220989,0.));
#4082=DIRECTION('',(0.705419582366947,0.12910112054099,-0.696933363735948));
#4083=DIRECTION('',(0.190251241115085,-0.981676901812436,0.0107203405779048));
#4084=DIRECTION('',(-0.981733316628759,-0.190262174435953,0.));
#4085=DIRECTION('',(-0.00167835830824673,-0.0112450006652482,-0.999935364447837));
#4086=DIRECTION('',(0.981733316628759,0.190262174435953,0.));
#4087=DIRECTION('',(0.999998535171195,-0.000354663146475669,-0.00167447589309533));
#4088=DIRECTION('',(0.00167447599840814,0.,0.999998598064083));
#4089=DIRECTION('',(-0.000354663643691146,-0.999999937106848,0.));
#4090=DIRECTION('',(0.,0.978296782049177,-0.207208605594037));
#4091=DIRECTION('',(1.,0.,0.));
#4092=DIRECTION('',(0.,0.,1.));
#4093=DIRECTION('',(0.,0.,-1.));
#4094=DIRECTION('',(0.,1.,0.));
#4095=DIRECTION('',(-0.00261655153535745,-0.999996576823172,0.));
#4096=DIRECTION('',(-0.999996576823172,0.00261655153535745,0.));
#4097=DIRECTION('',(-0.999996576823172,0.00261655153535745,0.));
#4098=DIRECTION('',(0.993901444071533,-0.00260060325180278,-0.110241354922948));
#4099=DIRECTION('',(0.,-0.999721869954185,0.0235835267784044));
#4100=DIRECTION('',(0.,-0.0235835267784044,-0.999721869954185));
#4101=DIRECTION('',(1.,0.,0.));
#4102=DIRECTION('',(0.,0.,1.));
#4103=DIRECTION('',(1.,0.,0.));
#4104=DIRECTION('',(0.,0.,1.));
#4105=DIRECTION('',(1.,0.,0.));
#4106=DIRECTION('',(0.,0.,1.));
#4107=DIRECTION('',(1.,0.,0.));
#4108=DIRECTION('',(0.,0.,1.));
#4109=DIRECTION('',(1.,0.,0.));
#4110=DIRECTION('',(0.,-1.,0.));
#4111=DIRECTION('',(1.,0.,0.));
#4112=DIRECTION('',(1.,0.,0.));
#4113=DIRECTION('',(0.,1.,0.));
#4114=DIRECTION('',(0.,1.,0.));
#4115=DIRECTION('',(-1.,0.,0.));
#4116=DIRECTION('',(0.,0.,-1.));
#4117=DIRECTION('',(1.,0.,0.));
#4118=DIRECTION('',(-1.,0.,0.));
#4119=DIRECTION('',(0.,-1.,0.));
#4120=DIRECTION('',(0.577350269189626,-0.577350269189626,0.577350269189626));
#4121=DIRECTION('',(0.707106765322401,0.707106797050692,3.17282905781813E-8));
#4122=DIRECTION('',(0.718873086818576,-0.585048618558824,0.375419230954334));
#4123=DIRECTION('',(0.631219069778485,0.775604593815678,-1.32935903673914E-8));
#4124=CARTESIAN_POINT('',(0.,0.,0.));
#4125=CARTESIAN_POINT('',(0.,0.,0.));
#4126=CARTESIAN_POINT('',(1.52619859044782,6.83159702137905,16.7));
#4127=CARTESIAN_POINT('',(3.24234205215807,6.20380673593298,16.7));
#4128=CARTESIAN_POINT('',(4.73752526123733,5.15323727370845,16.7));
#4129=CARTESIAN_POINT('',(5.90985395289394,3.75148320740795,16.7));
#4130=CARTESIAN_POINT('',(6.67943586415626,2.09407176014172,16.7));
#4131=CARTESIAN_POINT('',(6.99382525956601,0.293952783039042,16.7));
#4132=CARTESIAN_POINT('',(6.83159702137905,-1.5261985904478,16.7));
#4133=CARTESIAN_POINT('',(6.20380673593298,-3.24234205215806,16.7));
#4134=CARTESIAN_POINT('',(5.15323727370846,-4.73752526123733,16.7));
#4135=CARTESIAN_POINT('',(3.75148320740796,-5.90985395289394,16.7));
#4136=CARTESIAN_POINT('',(2.09407176014173,-6.67943586415626,16.7));
#4137=CARTESIAN_POINT('',(0.293952783039052,-6.99382525956601,16.7));
#4138=CARTESIAN_POINT('',(-1.5261985904478,-6.83159702137905,16.7));
#4139=CARTESIAN_POINT('',(-3.24234205215805,-6.20380673593299,16.7));
#4140=CARTESIAN_POINT('',(-4.73752526123732,-5.15323727370847,16.7));
#4141=CARTESIAN_POINT('',(-5.90985395289393,-3.75148320740797,16.7));
#4142=CARTESIAN_POINT('',(-6.67943586415626,-2.09407176014174,16.7));
#4143=CARTESIAN_POINT('',(-6.99382525956601,-0.29395278303906,16.7));
#4144=CARTESIAN_POINT('',(-6.83159702137905,1.52619859044779,16.7));
#4145=CARTESIAN_POINT('',(-6.20380673593295,3.24234205215814,16.7));
#4146=CARTESIAN_POINT('',(-5.15323727370848,4.73752526123731,16.7));
#4147=CARTESIAN_POINT('',(-3.75148320740797,5.90985395289393,16.7));
#4148=CARTESIAN_POINT('',(-2.09407176014175,6.67943586415626,16.7));
#4149=CARTESIAN_POINT('',(-0.293952783039069,6.99382525956601,16.7));
#4150=CARTESIAN_POINT('',(0.,-4.44089209850063E-16,0.));
#4151=CARTESIAN_POINT('',(0.,-8.88178419700125E-16,0.));
#4152=CARTESIAN_POINT('',(2.22044604925031E-16,8.88178419700125E-16,0.));
#4153=CARTESIAN_POINT('',(0.,0.,16.7));
#4154=CARTESIAN_POINT('',(0.,0.,0.));
#4155=CARTESIAN_POINT('',(4.16377621938169,-5.62698565796213,0.));
#4156=CARTESIAN_POINT('',(4.80191248052188,-5.09329328916058,0.));
#4157=CARTESIAN_POINT('',(4.80191248052188,-5.09329328916058,8.35));
#4158=CARTESIAN_POINT('',(4.80191248052188,-5.09329328916058,16.1));
#4159=CARTESIAN_POINT('',(0.,0.,16.1));
#4160=CARTESIAN_POINT('',(4.16377621938169,-5.62698565796213,16.1));
#4161=CARTESIAN_POINT('',(4.16377621938169,-5.62698565796213,8.35));
#4162=CARTESIAN_POINT('',(0.,0.,16.7));
#4163=CARTESIAN_POINT('',(0.,0.,0.));
#4164=CARTESIAN_POINT('',(5.62698565796214,4.16377621938168,0.));
#4165=CARTESIAN_POINT('',(5.09329328916059,4.80191248052187,0.));
#4166=CARTESIAN_POINT('',(5.09329328916059,4.80191248052187,8.35));
#4167=CARTESIAN_POINT('',(5.09329328916059,4.80191248052187,16.1));
#4168=CARTESIAN_POINT('',(0.,0.,16.1));
#4169=CARTESIAN_POINT('',(5.62698565796214,4.16377621938168,16.1));
#4170=CARTESIAN_POINT('',(5.62698565796214,4.16377621938168,8.35));
#4171=CARTESIAN_POINT('',(0.,0.,16.7));
#4172=CARTESIAN_POINT('',(0.,0.,0.));
#4173=CARTESIAN_POINT('',(2.5655279303897,-6.51291535630476,0.));
#4174=CARTESIAN_POINT('',(3.32004997498827,-6.16256993173955,0.));
#4175=CARTESIAN_POINT('',(3.32004997498827,-6.16256993173955,8.35));
#4176=CARTESIAN_POINT('',(3.32004997498827,-6.16256993173955,16.1));
#4177=CARTESIAN_POINT('',(0.,0.,16.1));
#4178=CARTESIAN_POINT('',(2.5655279303897,-6.51291535630476,16.1));
#4179=CARTESIAN_POINT('',(2.5655279303897,-6.51291535630476,8.35));
#4180=CARTESIAN_POINT('',(0.,0.,16.7));
#4181=CARTESIAN_POINT('',(0.,0.,16.1));
#4182=CARTESIAN_POINT('',(3.67691712599047,5.9565325860435,16.1));
#4183=CARTESIAN_POINT('',(4.35758618606287,5.47827003998836,16.1));
#4184=CARTESIAN_POINT('',(4.35758618606287,5.47827003998836,8.35));
#4185=CARTESIAN_POINT('',(4.35758618606287,5.47827003998836,0.));
#4186=CARTESIAN_POINT('',(0.,0.,0.));
#4187=CARTESIAN_POINT('',(3.67691712599046,5.9565325860435,0.));
#4188=CARTESIAN_POINT('',(3.67691712599046,5.9565325860435,8.35));
#4189=CARTESIAN_POINT('',(0.,0.,16.7));
#4190=CARTESIAN_POINT('',(0.,0.,0.));
#4191=CARTESIAN_POINT('',(6.41942881063914,-2.79122441683506,0.));
#4192=CARTESIAN_POINT('',(6.70522483946178,-2.00996513707693,0.));
#4193=CARTESIAN_POINT('',(6.70522483946178,-2.00996513707693,8.35));
#4194=CARTESIAN_POINT('',(6.70522483946178,-2.00996513707693,16.1));
#4195=CARTESIAN_POINT('',(0.,0.,16.1));
#4196=CARTESIAN_POINT('',(6.41942881063914,-2.79122441683506,16.1));
#4197=CARTESIAN_POINT('',(6.41942881063914,-2.79122441683506,8.35));
#4198=CARTESIAN_POINT('',(0.,0.,16.7));
#4199=CARTESIAN_POINT('',(0.,0.,0.));
#4200=CARTESIAN_POINT('',(6.95500063621675,0.792443152677,0.));
#4201=CARTESIAN_POINT('',(6.81187761759881,1.6119315503012,0.));
#4202=CARTESIAN_POINT('',(6.81187761759881,1.6119315503012,8.35));
#4203=CARTESIAN_POINT('',(6.81187761759881,1.6119315503012,16.1));
#4204=CARTESIAN_POINT('',(0.,0.,16.1));
#4205=CARTESIAN_POINT('',(6.95500063621675,0.792443152677,16.1));
#4206=CARTESIAN_POINT('',(6.95500063621675,0.792443152677,8.35));
#4207=CARTESIAN_POINT('',(0.,0.,16.7));
#4208=CARTESIAN_POINT('',(0.,0.,16.1));
#4209=CARTESIAN_POINT('',(5.9565325860435,-3.67691712599045,16.1));
#4210=CARTESIAN_POINT('',(5.47827003998837,-4.35758618606286,16.1));
#4211=CARTESIAN_POINT('',(5.47827003998837,-4.35758618606286,8.35));
#4212=CARTESIAN_POINT('',(5.47827003998837,-4.35758618606286,0.));
#4213=CARTESIAN_POINT('',(0.,0.,0.));
#4214=CARTESIAN_POINT('',(5.9565325860435,-3.67691712599045,0.));
#4215=CARTESIAN_POINT('',(5.9565325860435,-3.67691712599045,8.35));
#4216=CARTESIAN_POINT('',(0.,0.,16.7));
#4217=CARTESIAN_POINT('',(0.,0.,16.1));
#4218=CARTESIAN_POINT('',(6.16256993173956,3.32004997498826,16.1));
#4219=CARTESIAN_POINT('',(6.51291535630476,2.56552793038969,16.1));
#4220=CARTESIAN_POINT('',(6.51291535630477,2.56552793038969,8.35));
#4221=CARTESIAN_POINT('',(6.51291535630477,2.56552793038969,0.));
#4222=CARTESIAN_POINT('',(0.,0.,0.));
#4223=CARTESIAN_POINT('',(6.16256993173956,3.32004997498826,0.));
#4224=CARTESIAN_POINT('',(6.16256993173956,3.32004997498826,8.35));
#4225=CARTESIAN_POINT('',(0.,0.,16.7));
#4226=CARTESIAN_POINT('',(0.,0.,0.));
#4227=CARTESIAN_POINT('',(-0.792443152677027,6.95500063621674,0.));
#4228=CARTESIAN_POINT('',(-1.61193155030122,6.8118776175988,0.));
#4229=CARTESIAN_POINT('',(-1.61193155030122,6.8118776175988,8.35));
#4230=CARTESIAN_POINT('',(-1.61193155030122,6.8118776175988,16.1));
#4231=CARTESIAN_POINT('',(0.,0.,16.1));
#4232=CARTESIAN_POINT('',(-0.792443152677026,6.95500063621674,16.1));
#4233=CARTESIAN_POINT('',(-0.792443152677026,6.95500063621674,8.35));
#4234=CARTESIAN_POINT('',(0.,0.,16.7));
#4235=CARTESIAN_POINT('',(0.,0.,0.));
#4236=CARTESIAN_POINT('',(-4.35758618606285,-5.47827003998838,0.));
#4237=CARTESIAN_POINT('',(-3.67691712599045,-5.95653258604351,0.));
#4238=CARTESIAN_POINT('',(-3.67691712599045,-5.95653258604351,8.35));
#4239=CARTESIAN_POINT('',(-3.67691712599045,-5.95653258604351,16.1));
#4240=CARTESIAN_POINT('',(0.,0.,16.1));
#4241=CARTESIAN_POINT('',(-4.35758618606285,-5.47827003998837,16.1));
#4242=CARTESIAN_POINT('',(-4.35758618606285,-5.47827003998838,8.35));
#4243=CARTESIAN_POINT('',(0.,0.,16.7));
#4244=CARTESIAN_POINT('',(0.,0.,16.1));
#4245=CARTESIAN_POINT('',(-3.32004997498828,6.16256993173954,16.1));
#4246=CARTESIAN_POINT('',(-2.56552793038971,6.51291535630476,16.1));
#4247=CARTESIAN_POINT('',(-2.56552793038971,6.51291535630476,8.35));
#4248=CARTESIAN_POINT('',(-2.56552793038971,6.51291535630476,0.));
#4249=CARTESIAN_POINT('',(0.,0.,0.));
#4250=CARTESIAN_POINT('',(-3.32004997498828,6.16256993173954,0.));
#4251=CARTESIAN_POINT('',(-3.32004997498828,6.16256993173954,8.35));
#4252=CARTESIAN_POINT('',(0.,0.,16.7));
#4253=CARTESIAN_POINT('',(0.,0.,0.));
#4254=CARTESIAN_POINT('',(-5.62698565796213,-4.1637762193817,0.));
#4255=CARTESIAN_POINT('',(-5.09329328916058,-4.80191248052188,0.));
#4256=CARTESIAN_POINT('',(-5.09329328916058,-4.80191248052188,8.35));
#4257=CARTESIAN_POINT('',(-5.09329328916058,-4.80191248052188,16.1));
#4258=CARTESIAN_POINT('',(0.,0.,16.1));
#4259=CARTESIAN_POINT('',(-5.62698565796213,-4.1637762193817,16.1));
#4260=CARTESIAN_POINT('',(-5.62698565796213,-4.1637762193817,8.35));
#4261=CARTESIAN_POINT('',(0.,0.,16.7));
#4262=CARTESIAN_POINT('',(0.,0.,16.1));
#4263=CARTESIAN_POINT('',(-2.00996513707692,-6.70522483946179,16.1));
#4264=CARTESIAN_POINT('',(-2.79122441683505,-6.41942881063914,16.1));
#4265=CARTESIAN_POINT('',(-2.79122441683505,-6.41942881063914,8.35));
#4266=CARTESIAN_POINT('',(-2.79122441683505,-6.41942881063914,0.));
#4267=CARTESIAN_POINT('',(0.,0.,0.));
#4268=CARTESIAN_POINT('',(-2.00996513707692,-6.70522483946179,0.));
#4269=CARTESIAN_POINT('',(-2.00996513707692,-6.70522483946179,8.35));
#4270=CARTESIAN_POINT('',(0.,0.,16.7));
#4271=CARTESIAN_POINT('',(0.,0.,16.1));
#4272=CARTESIAN_POINT('',(-0.206037345696043,-6.99696710097872,16.1));
#4273=CARTESIAN_POINT('',(-1.03464531631639,-6.92311411645255,16.1));
#4274=CARTESIAN_POINT('',(-1.03464531631639,-6.92311411645255,8.35));
#4275=CARTESIAN_POINT('',(-1.03464531631639,-6.92311411645255,0.));
#4276=CARTESIAN_POINT('',(0.,0.,0.));
#4277=CARTESIAN_POINT('',(-0.206037345696043,-6.99696710097872,0.));
#4278=CARTESIAN_POINT('',(-0.206037345696043,-6.99696710097872,8.35));
#4279=CARTESIAN_POINT('',(0.,0.,16.7));
#4280=CARTESIAN_POINT('',(0.,0.,16.1));
#4281=CARTESIAN_POINT('',(2.00996513707694,6.70522483946178,16.1));
#4282=CARTESIAN_POINT('',(2.79122441683507,6.41942881063913,16.1));
#4283=CARTESIAN_POINT('',(2.79122441683507,6.41942881063913,8.35));
#4284=CARTESIAN_POINT('',(2.79122441683507,6.41942881063913,0.));
#4285=CARTESIAN_POINT('',(0.,0.,0.));
#4286=CARTESIAN_POINT('',(2.00996513707694,6.70522483946178,0.));
#4287=CARTESIAN_POINT('',(2.00996513707694,6.70522483946178,8.35));
#4288=CARTESIAN_POINT('',(0.,0.,16.7));
#4289=CARTESIAN_POINT('',(0.,0.,16.1));
#4290=CARTESIAN_POINT('',(1.61193155030121,-6.8118776175988,16.1));
#4291=CARTESIAN_POINT('',(0.79244315267701,-6.95500063621674,16.1));
#4292=CARTESIAN_POINT('',(0.79244315267701,-6.95500063621674,8.35));
#4293=CARTESIAN_POINT('',(0.79244315267701,-6.95500063621674,0.));
#4294=CARTESIAN_POINT('',(0.,0.,0.));
#4295=CARTESIAN_POINT('',(1.61193155030121,-6.8118776175988,0.));
#4296=CARTESIAN_POINT('',(1.61193155030121,-6.8118776175988,8.35));
#4297=CARTESIAN_POINT('',(0.,0.,16.7));
#4298=CARTESIAN_POINT('',(0.,0.,0.));
#4299=CARTESIAN_POINT('',(-6.92311411645255,1.03464531631638,0.));
#4300=CARTESIAN_POINT('',(-6.99696710097872,0.206037345696035,0.));
#4301=CARTESIAN_POINT('',(-6.99696710097872,0.206037345696035,8.35));
#4302=CARTESIAN_POINT('',(-6.99696710097872,0.206037345696035,16.1));
#4303=CARTESIAN_POINT('',(0.,0.,16.1));
#4304=CARTESIAN_POINT('',(-6.92311411645255,1.03464531631638,16.1));
#4305=CARTESIAN_POINT('',(-6.92311411645255,1.03464531631638,8.35));
#4306=CARTESIAN_POINT('',(0.,0.,16.7));
#4307=CARTESIAN_POINT('',(0.,0.,0.));
#4308=CARTESIAN_POINT('',(-6.4194288106391,2.79122441683514,0.));
#4309=CARTESIAN_POINT('',(-6.70522483946179,2.00996513707691,0.));
#4310=CARTESIAN_POINT('',(-6.70522483946179,2.00996513707691,8.35));
#4311=CARTESIAN_POINT('',(-6.70522483946179,2.00996513707691,16.1));
#4312=CARTESIAN_POINT('',(0.,0.,16.1));
#4313=CARTESIAN_POINT('',(-6.4194288106391,2.79122441683514,16.1));
#4314=CARTESIAN_POINT('',(-6.4194288106391,2.79122441683514,8.35));
#4315=CARTESIAN_POINT('',(0.,0.,16.7));
#4316=CARTESIAN_POINT('',(0.,0.,16.1));
#4317=CARTESIAN_POINT('',(-4.80191248052189,5.09329328916057,16.1));
#4318=CARTESIAN_POINT('',(-4.16377621938171,5.62698565796212,16.1));
#4319=CARTESIAN_POINT('',(-4.16377621938171,5.62698565796212,8.35));
#4320=CARTESIAN_POINT('',(-4.16377621938171,5.62698565796212,0.));
#4321=CARTESIAN_POINT('',(0.,0.,0.));
#4322=CARTESIAN_POINT('',(-4.80191248052189,5.09329328916057,0.));
#4323=CARTESIAN_POINT('',(-4.80191248052189,5.09329328916057,8.35));
#4324=CARTESIAN_POINT('',(0.,0.,16.7));
#4325=CARTESIAN_POINT('',(0.,0.,0.));
#4326=CARTESIAN_POINT('',(-6.51291535630476,-2.5655279303897,0.));
#4327=CARTESIAN_POINT('',(-6.16256993173955,-3.32004997498827,0.));
#4328=CARTESIAN_POINT('',(-6.16256993173955,-3.32004997498827,8.35));
#4329=CARTESIAN_POINT('',(-6.16256993173955,-3.32004997498827,16.1));
#4330=CARTESIAN_POINT('',(0.,0.,16.1));
#4331=CARTESIAN_POINT('',(-6.51291535630476,-2.5655279303897,16.1));
#4332=CARTESIAN_POINT('',(-6.51291535630476,-2.5655279303897,8.35));
#4333=CARTESIAN_POINT('',(0.,0.,16.7));
#4334=CARTESIAN_POINT('',(0.,0.,16.1));
#4335=CARTESIAN_POINT('',(-5.95653258604346,3.67691712599053,16.1));
#4336=CARTESIAN_POINT('',(-5.47827003998838,4.35758618606284,16.1));
#4337=CARTESIAN_POINT('',(-5.47827003998838,4.35758618606284,8.35));
#4338=CARTESIAN_POINT('',(-5.47827003998838,4.35758618606284,0.));
#4339=CARTESIAN_POINT('',(0.,0.,0.));
#4340=CARTESIAN_POINT('',(-5.95653258604345,3.67691712599053,0.));
#4341=CARTESIAN_POINT('',(-5.95653258604345,3.67691712599053,8.35));
#4342=CARTESIAN_POINT('',(0.,0.,16.7));
#4343=CARTESIAN_POINT('',(0.,0.,16.1));
#4344=CARTESIAN_POINT('',(-6.8118776175988,-1.61193155030121,16.1));
#4345=CARTESIAN_POINT('',(-6.95500063621674,-0.792443152677018,16.1));
#4346=CARTESIAN_POINT('',(-6.95500063621674,-0.792443152677018,8.35));
#4347=CARTESIAN_POINT('',(-6.95500063621674,-0.792443152677018,0.));
#4348=CARTESIAN_POINT('',(0.,0.,0.));
#4349=CARTESIAN_POINT('',(-6.8118776175988,-1.61193155030121,0.));
#4350=CARTESIAN_POINT('',(-6.8118776175988,-1.61193155030121,8.35));
#4351=CARTESIAN_POINT('',(0.,0.,16.7));
#4352=CARTESIAN_POINT('',(0.,0.,16.1));
#4353=CARTESIAN_POINT('',(6.99696710097872,-0.206037345696053,16.1));
#4354=CARTESIAN_POINT('',(6.92311411645255,-1.03464531631639,16.1));
#4355=CARTESIAN_POINT('',(6.92311411645255,-1.03464531631639,8.35));
#4356=CARTESIAN_POINT('',(6.92311411645255,-1.03464531631639,0.));
#4357=CARTESIAN_POINT('',(0.,0.,0.));
#4358=CARTESIAN_POINT('',(6.99696710097872,-0.206037345696053,0.));
#4359=CARTESIAN_POINT('',(6.99696710097872,-0.206037345696053,8.35));
#4360=CARTESIAN_POINT('',(0.,0.,16.7));
#4361=CARTESIAN_POINT('',(0.,0.,16.1));
#4362=CARTESIAN_POINT('',(0.206037345696027,6.99696710097872,16.1));
#4363=CARTESIAN_POINT('',(1.03464531631641,6.92311411645255,16.1));
#4364=CARTESIAN_POINT('',(1.03464531631641,6.92311411645255,8.35));
#4365=CARTESIAN_POINT('',(1.03464531631641,6.92311411645255,0.));
#4366=CARTESIAN_POINT('',(0.,0.,0.));
#4367=CARTESIAN_POINT('',(0.206037345696027,6.99696710097872,0.));
#4368=CARTESIAN_POINT('',(0.206037345696027,6.99696710097872,8.35));
#4369=CARTESIAN_POINT('',(0.,0.,16.7));
#4370=CARTESIAN_POINT('',(0.,0.,16.7));
#4371=CARTESIAN_POINT('',(6.4,0.,16.7));
#4372=CARTESIAN_POINT('',(0.,0.,0.));
#4373=CARTESIAN_POINT('',(0.,0.,0.));
#4374=CARTESIAN_POINT('',(6.,7.34788079488412E-16,0.));
#4375=CARTESIAN_POINT('',(5.15323727370846,-4.73752526123733,0.));
#4376=CARTESIAN_POINT('',(3.75148320740796,-5.90985395289394,0.));
#4377=CARTESIAN_POINT('',(2.09407176014173,-6.67943586415626,0.));
#4378=CARTESIAN_POINT('',(0.293952783039052,-6.99382525956601,0.));
#4379=CARTESIAN_POINT('',(-1.5261985904478,-6.83159702137905,0.));
#4380=CARTESIAN_POINT('',(-3.24234205215805,-6.20380673593299,0.));
#4381=CARTESIAN_POINT('',(-4.73752526123732,-5.15323727370847,0.));
#4382=CARTESIAN_POINT('',(-5.90985395289393,-3.75148320740797,0.));
#4383=CARTESIAN_POINT('',(-6.67943586415626,-2.09407176014174,0.));
#4384=CARTESIAN_POINT('',(-6.99382525956601,-0.293952783039061,0.));
#4385=CARTESIAN_POINT('',(-6.83159702137906,1.52619859044779,0.));
#4386=CARTESIAN_POINT('',(-6.20380673593294,3.24234205215814,0.));
#4387=CARTESIAN_POINT('',(-5.15323727370847,4.73752526123731,0.));
#4388=CARTESIAN_POINT('',(-3.75148320740797,5.90985395289393,0.));
#4389=CARTESIAN_POINT('',(-2.09407176014175,6.67943586415626,0.));
#4390=CARTESIAN_POINT('',(-0.293952783039069,6.99382525956601,0.));
#4391=CARTESIAN_POINT('',(1.52619859044782,6.83159702137905,0.));
#4392=CARTESIAN_POINT('',(3.24234205215807,6.20380673593298,0.));
#4393=CARTESIAN_POINT('',(4.73752526123733,5.15323727370845,0.));
#4394=CARTESIAN_POINT('',(5.90985395289395,3.75148320740795,0.));
#4395=CARTESIAN_POINT('',(6.67943586415626,2.09407176014172,0.));
#4396=CARTESIAN_POINT('',(6.99382525956601,0.293952783039043,0.));
#4397=CARTESIAN_POINT('',(6.83159702137905,-1.5261985904478,0.));
#4398=CARTESIAN_POINT('',(6.20380673593299,-3.24234205215806,0.));
#4399=CARTESIAN_POINT('',(0.,0.,2.3));
#4400=CARTESIAN_POINT('',(0.,0.,2.3));
#4401=CARTESIAN_POINT('',(6.,7.34788079488412E-16,2.3));
#4402=CARTESIAN_POINT('',(0.,0.,2.3));
#4403=CARTESIAN_POINT('',(0.,0.,2.3));
#4404=CARTESIAN_POINT('',(-3.,0.,2.3));
#4405=CARTESIAN_POINT('',(0.,0.,14.5));
#4406=CARTESIAN_POINT('',(0.,0.,14.5));
#4407=CARTESIAN_POINT('',(3.,3.67394039744206E-16,14.5));
#4408=CARTESIAN_POINT('',(0.,0.,14.5));
#4409=CARTESIAN_POINT('',(0.,0.,16.7));
#4410=CARTESIAN_POINT('',(5.47827003998837,-4.35758618606286,16.1));
#4411=CARTESIAN_POINT('',(5.39371743978712,-4.28525257434643,16.2112002748127));
#4412=CARTESIAN_POINT('',(5.23492091455485,-4.21805691222612,16.3778682226796));
#4413=CARTESIAN_POINT('',(4.97226399255278,-4.25447944247648,16.5569563795095));
#4414=CARTESIAN_POINT('',(4.77111372196898,-4.3850925479636,16.6214216426211));
#4415=CARTESIAN_POINT('',(4.65685866502008,-4.59701813656503,16.55735423084));
#4416=CARTESIAN_POINT('',(4.64217589242405,-4.86116176028084,16.3790326695879));
#4417=CARTESIAN_POINT('',(4.72273960307835,-5.01510921242889,16.211199380236));
#4418=CARTESIAN_POINT('',(4.80191248052188,-5.09329328916058,16.1));
#4419=CARTESIAN_POINT('',(6.41942881063914,-2.79122441683506,16.1));
#4420=CARTESIAN_POINT('',(6.31903595411159,-2.74323933641441,16.2112002748127));
#4421=CARTESIAN_POINT('',(6.14825877215977,-2.71943287598403,16.3778682226796));
#4422=CARTESIAN_POINT('',(5.903978512244,-2.82259495235379,16.5569563795095));
#4423=CARTESIAN_POINT('',(5.74348743016212,-3.00081904515023,16.6214216426211));
#4424=CARTESIAN_POINT('',(5.68797589834567,-3.23509482916951,16.55735423084));
#4425=CARTESIAN_POINT('',(5.74215882955367,-3.49403815834895,16.3790326695879));
#4426=CARTESIAN_POINT('',(5.85982193089726,-3.6218885556087,16.2111993802359));
#4427=CARTESIAN_POINT('',(5.9565325860435,-3.67691712599045,16.1));
#4428=CARTESIAN_POINT('',(6.92311411645255,-1.0346453163164,16.1));
#4429=CARTESIAN_POINT('',(6.81372261086402,-1.01427887112311,16.2112002748127));
#4430=CARTESIAN_POINT('',(6.64260295492003,-1.03548398331895,16.3778682226797));
#4431=CARTESIAN_POINT('',(6.43334665311159,-1.1983552807869,16.5569563795095));
#4432=CARTESIAN_POINT('',(6.32445196155146,-1.41204468349782,16.6214216426211));
#4433=CARTESIAN_POINT('',(6.3314669740236,-1.65270515541307,16.55735423084));
#4434=CARTESIAN_POINT('',(6.45082313181534,-1.88880163009666,16.3790326695879));
#4435=CARTESIAN_POINT('',(6.59756707793914,-1.98184217917762,16.211199380236));
#4436=CARTESIAN_POINT('',(6.70522483946179,-2.00996513707693,16.1));
#4437=CARTESIAN_POINT('',(6.95500063621675,0.792443152677,16.1));
#4438=CARTESIAN_POINT('',(6.84406533189508,0.783803023060147,16.2112002748127));
#4439=CARTESIAN_POINT('',(6.6842647237229,0.719031431591132,16.3778682226796));
#4440=CARTESIAN_POINT('',(6.52429285117766,0.507550322789886,16.5569563795095));
#4441=CARTESIAN_POINT('',(6.47441554341211,0.272958189820796,16.6214216426211));
#4442=CARTESIAN_POINT('',(6.54347903866571,0.042313643460357,16.55735423084));
#4443=CARTESIAN_POINT('',(6.71987449813307,-0.154846392145561,16.3790326695879));
#4444=CARTESIAN_POINT('',(6.88569893161456,-0.206736533384635,16.2111993802359));
#4445=CARTESIAN_POINT('',(6.99696710097872,-0.206037345696053,16.1));
#4446=CARTESIAN_POINT('',(6.51291535630476,2.56552793038969,16.1));
#4447=CARTESIAN_POINT('',(6.40799631091023,2.52847003651759,16.2112002748127));
#4448=CARTESIAN_POINT('',(6.2704048978738,2.4245460426939,16.3778682226797));
#4449=CARTESIAN_POINT('',(6.17061927333968,2.17886721063511,16.5569563795095));
#4450=CARTESIAN_POINT('',(6.1831584054668,1.93935941358786,16.6214216426211));
#4451=CARTESIAN_POINT('',(6.30956382043316,1.73444883745856,16.55735423084));
#4452=CARTESIAN_POINT('',(6.53097752252072,1.5896613715345,16.3790326695879));
#4453=CARTESIAN_POINT('',(6.70458178225597,1.58245786551023,16.2111993802359));
#4454=CARTESIAN_POINT('',(6.81187761759881,1.6119315503012,16.1));
#4455=CARTESIAN_POINT('',(5.62698565796214,4.16377621938168,16.1));
#4456=CARTESIAN_POINT('',(5.53523293105145,4.10082599548066,16.2112002748127));
#4457=CARTESIAN_POINT('',(5.42922734056864,3.96483184773886,16.3778682226796));
#4458=CARTESIAN_POINT('',(5.39642818945412,3.70169789882386,16.5569563795095));
#4459=CARTESIAN_POINT('',(5.47052924034132,3.47359649826188,16.6214216426211));
#4460=CARTESIAN_POINT('',(5.64566225488531,3.3083842094962,16.55735423084));
#4461=CARTESIAN_POINT('',(5.89700522169923,3.22583633978411,16.3790326695879));
#4462=CARTESIAN_POINT('',(6.0665584642819,3.26381037600585,16.2111993802359));
#4463=CARTESIAN_POINT('',(6.16256993173956,3.32004997498826,16.1));
#4464=CARTESIAN_POINT('',(4.35758618606287,5.47827003998836,16.1));
#4465=CARTESIAN_POINT('',(4.28525257434643,5.39371743978711,16.2112002748127));
#4466=CARTESIAN_POINT('',(4.21805691222613,5.23492091455484,16.3778682226797));
#4467=CARTESIAN_POINT('',(4.25447944247649,4.97226399255278,16.5569563795095));
#4468=CARTESIAN_POINT('',(4.38509254796361,4.77111372196898,16.6214216426211));
#4469=CARTESIAN_POINT('',(4.59701813656503,4.65685866502008,16.55735423084));
#4470=CARTESIAN_POINT('',(4.86116176028085,4.64217589242405,16.3790326695879));
#4471=CARTESIAN_POINT('',(5.0151092124289,4.72273960307834,16.211199380236));
#4472=CARTESIAN_POINT('',(5.09329328916059,4.80191248052187,16.1));
#4473=CARTESIAN_POINT('',(2.79122441683507,6.41942881063913,16.1));
#4474=CARTESIAN_POINT('',(2.74323933641442,6.31903595411159,16.2112002748127));
#4475=CARTESIAN_POINT('',(2.71943287598404,6.14825877215976,16.3778682226797));
#4476=CARTESIAN_POINT('',(2.8225949523538,5.90397851224399,16.5569563795095));
#4477=CARTESIAN_POINT('',(3.00081904515024,5.74348743016211,16.6214216426211));
#4478=CARTESIAN_POINT('',(3.23509482916952,5.68797589834566,16.55735423084));
#4479=CARTESIAN_POINT('',(3.49403815834897,5.74215882955366,16.3790326695879));
#4480=CARTESIAN_POINT('',(3.62188855560871,5.85982193089726,16.2111993802359));
#4481=CARTESIAN_POINT('',(3.67691712599047,5.9565325860435,16.1));
#4482=CARTESIAN_POINT('',(1.03464531631641,6.92311411645255,16.1));
#4483=CARTESIAN_POINT('',(1.01427887112312,6.81372261086402,16.2112002748127));
#4484=CARTESIAN_POINT('',(1.03548398331896,6.64260295492003,16.3778682226797));
#4485=CARTESIAN_POINT('',(1.1983552807869,6.43334665311159,16.5569563795095));
#4486=CARTESIAN_POINT('',(1.41204468349783,6.32445196155146,16.6214216426211));
#4487=CARTESIAN_POINT('',(1.65270515541308,6.33146697402359,16.55735423084));
#4488=CARTESIAN_POINT('',(1.88880163009667,6.45082313181534,16.3790326695879));
#4489=CARTESIAN_POINT('',(1.98184217917763,6.59756707793913,16.2111993802359));
#4490=CARTESIAN_POINT('',(2.00996513707694,6.70522483946178,16.1));
#4491=CARTESIAN_POINT('',(-0.792443152677026,6.95500063621674,16.1));
#4492=CARTESIAN_POINT('',(-0.783803023060173,6.84406533189508,16.2112002748127));
#4493=CARTESIAN_POINT('',(-0.719031431591157,6.68426472372289,16.3778682226796));
#4494=CARTESIAN_POINT('',(-0.507550322789912,6.52429285117765,16.5569563795095));
#4495=CARTESIAN_POINT('',(-0.272958189820822,6.47441554341211,16.6214216426211));
#4496=CARTESIAN_POINT('',(-0.0423136434603806,6.54347903866571,16.55735423084));
#4497=CARTESIAN_POINT('',(0.154846392145535,6.71987449813308,16.3790326695879));
#4498=CARTESIAN_POINT('',(0.206736533384609,6.88569893161456,16.2111993802359));
#4499=CARTESIAN_POINT('',(0.206037345696027,6.99696710097872,16.1));
#4500=CARTESIAN_POINT('',(-2.56552793038971,6.51291535630476,16.1));
#4501=CARTESIAN_POINT('',(-2.52847003651762,6.40799631091022,16.2112002748127));
#4502=CARTESIAN_POINT('',(-2.42454604269392,6.27040489787379,16.3778682226797));
#4503=CARTESIAN_POINT('',(-2.17886721063513,6.17061927333968,16.5569563795095));
#4504=CARTESIAN_POINT('',(-1.93935941358788,6.18315840546679,16.6214216426211));
#4505=CARTESIAN_POINT('',(-1.73444883745859,6.30956382043315,16.55735423084));
#4506=CARTESIAN_POINT('',(-1.58966137153452,6.5309775225207,16.3790326695879));
#4507=CARTESIAN_POINT('',(-1.58245786551026,6.70458178225596,16.2111993802359));
#4508=CARTESIAN_POINT('',(-1.61193155030122,6.8118776175988,16.1));
#4509=CARTESIAN_POINT('',(-4.16377621938171,5.62698565796212,16.1));
#4510=CARTESIAN_POINT('',(-4.10082599548069,5.53523293105143,16.2112002748127));
#4511=CARTESIAN_POINT('',(-3.96483184773888,5.42922734056862,16.3778682226797));
#4512=CARTESIAN_POINT('',(-3.70169789882388,5.3964281894541,16.5569563795095));
#4513=CARTESIAN_POINT('',(-3.4735964982619,5.47052924034131,16.6214216426211));
#4514=CARTESIAN_POINT('',(-3.30838420949622,5.64566225488529,16.55735423084));
#4515=CARTESIAN_POINT('',(-3.22583633978414,5.89700522169922,16.3790326695879));
#4516=CARTESIAN_POINT('',(-3.26381037600588,6.06655846428189,16.211199380236));
#4517=CARTESIAN_POINT('',(-3.32004997498828,6.16256993173954,16.1));
#4518=CARTESIAN_POINT('',(-5.47827003998838,4.35758618606284,16.1));
#4519=CARTESIAN_POINT('',(-5.39371743978713,4.28525257434641,16.2112002748127));
#4520=CARTESIAN_POINT('',(-5.23492091455486,4.21805691222611,16.3778682226797));
#4521=CARTESIAN_POINT('',(-4.97226399255279,4.25447944247647,16.5569563795095));
#4522=CARTESIAN_POINT('',(-4.77111372196899,4.38509254796359,16.6214216426211));
#4523=CARTESIAN_POINT('',(-4.6568586650201,4.59701813656501,16.55735423084));
#4524=CARTESIAN_POINT('',(-4.64217589242406,4.86116176028083,16.3790326695879));
#4525=CARTESIAN_POINT('',(-4.72273960307836,5.01510921242888,16.211199380236));
#4526=CARTESIAN_POINT('',(-4.80191248052189,5.09329328916057,16.1));
#4527=CARTESIAN_POINT('',(-6.4194288106391,2.79122441683514,16.1));
#4528=CARTESIAN_POINT('',(-6.31903595411156,2.74323933641449,16.2112002748127));
#4529=CARTESIAN_POINT('',(-6.14825877215973,2.71943287598411,16.3778682226796));
#4530=CARTESIAN_POINT('',(-5.90397851224397,2.82259495235387,16.5569563795095));
#4531=CARTESIAN_POINT('',(-5.74348743016208,3.0008190451503,16.6214216426211));
#4532=CARTESIAN_POINT('',(-5.68797589834562,3.23509482916958,16.55735423084));
#4533=CARTESIAN_POINT('',(-5.74215882955363,3.49403815834903,16.3790326695879));
#4534=CARTESIAN_POINT('',(-5.85982193089722,3.62188855560878,16.211199380236));
#4535=CARTESIAN_POINT('',(-5.95653258604346,3.67691712599053,16.1));
#4536=CARTESIAN_POINT('',(-6.92311411645255,1.03464531631638,16.1));
#4537=CARTESIAN_POINT('',(-6.81372261086402,1.01427887112309,16.2112002748127));
#4538=CARTESIAN_POINT('',(-6.64260295492003,1.03548398331893,16.3778682226797));
#4539=CARTESIAN_POINT('',(-6.43334665311159,1.19835528078688,16.5569563795095));
#4540=CARTESIAN_POINT('',(-6.32445196155146,1.4120446834978,16.6214216426211));
#4541=CARTESIAN_POINT('',(-6.3314669740236,1.65270515541306,16.55735423084));
#4542=CARTESIAN_POINT('',(-6.45082313181535,1.88880163009665,16.3790326695879));
#4543=CARTESIAN_POINT('',(-6.59756707793914,1.9818421791776,16.2111993802359));
#4544=CARTESIAN_POINT('',(-6.70522483946179,2.00996513707691,16.1));
#4545=CARTESIAN_POINT('',(-6.95500063621674,-0.792443152677018,16.1));
#4546=CARTESIAN_POINT('',(-6.84406533189508,-0.783803023060165,16.2112002748127));
#4547=CARTESIAN_POINT('',(-6.6842647237229,-0.71903143159115,16.3778682226797));
#4548=CARTESIAN_POINT('',(-6.52429285117765,-0.507550322789905,16.5569563795095));
#4549=CARTESIAN_POINT('',(-6.47441554341211,-0.272958189820815,16.6214216426211));
#4550=CARTESIAN_POINT('',(-6.54347903866571,-0.0423136434603728,16.55735423084));
#4551=CARTESIAN_POINT('',(-6.71987449813307,0.154846392145542,16.3790326695879));
#4552=CARTESIAN_POINT('',(-6.88569893161456,0.206736533384617,16.211199380236));
#4553=CARTESIAN_POINT('',(-6.99696710097872,0.206037345696035,16.1));
#4554=CARTESIAN_POINT('',(-6.51291535630476,-2.5655279303897,16.1));
#4555=CARTESIAN_POINT('',(-6.40799631091022,-2.52847003651761,16.2112002748127));
#4556=CARTESIAN_POINT('',(-6.27040489787379,-2.42454604269391,16.3778682226797));
#4557=CARTESIAN_POINT('',(-6.17061927333968,-2.17886721063512,16.5569563795095));
#4558=CARTESIAN_POINT('',(-6.1831584054668,-1.93935941358788,16.6214216426211));
#4559=CARTESIAN_POINT('',(-6.30956382043316,-1.73444883745858,16.55735423084));
#4560=CARTESIAN_POINT('',(-6.53097752252071,-1.58966137153452,16.3790326695879));
#4561=CARTESIAN_POINT('',(-6.70458178225596,-1.58245786551025,16.2111993802359));
#4562=CARTESIAN_POINT('',(-6.8118776175988,-1.61193155030121,16.1));
#4563=CARTESIAN_POINT('',(-5.62698565796213,-4.1637762193817,16.1));
#4564=CARTESIAN_POINT('',(-5.53523293105144,-4.10082599548068,16.2112002748127));
#4565=CARTESIAN_POINT('',(-5.42922734056863,-3.96483184773887,16.3778682226796));
#4566=CARTESIAN_POINT('',(-5.39642818945411,-3.70169789882387,16.5569563795095));
#4567=CARTESIAN_POINT('',(-5.47052924034131,-3.47359649826189,16.6214216426211));
#4568=CARTESIAN_POINT('',(-5.6456622548853,-3.30838420949621,16.55735423084));
#4569=CARTESIAN_POINT('',(-5.89700522169922,-3.22583633978413,16.3790326695879));
#4570=CARTESIAN_POINT('',(-6.06655846428189,-3.26381037600587,16.211199380236));
#4571=CARTESIAN_POINT('',(-6.16256993173955,-3.32004997498828,16.1));
#4572=CARTESIAN_POINT('',(-4.35758618606285,-5.47827003998838,16.1));
#4573=CARTESIAN_POINT('',(-4.28525257434642,-5.39371743978713,16.2112002748127));
#4574=CARTESIAN_POINT('',(-4.21805691222612,-5.23492091455485,16.3778682226797));
#4575=CARTESIAN_POINT('',(-4.25447944247647,-4.97226399255279,16.5569563795095));
#4576=CARTESIAN_POINT('',(-4.38509254796359,-4.77111372196899,16.6214216426211));
#4577=CARTESIAN_POINT('',(-4.59701813656502,-4.65685866502009,16.55735423084));
#4578=CARTESIAN_POINT('',(-4.86116176028083,-4.64217589242406,16.3790326695879));
#4579=CARTESIAN_POINT('',(-5.01510921242889,-4.72273960307836,16.211199380236));
#4580=CARTESIAN_POINT('',(-5.09329328916058,-4.80191248052189,16.1));
#4581=CARTESIAN_POINT('',(-2.79122441683505,-6.41942881063914,16.1));
#4582=CARTESIAN_POINT('',(-2.7432393364144,-6.3190359541116,16.2112002748127));
#4583=CARTESIAN_POINT('',(-2.71943287598403,-6.14825877215977,16.3778682226796));
#4584=CARTESIAN_POINT('',(-2.82259495235378,-5.90397851224401,16.5569563795095));
#4585=CARTESIAN_POINT('',(-3.00081904515022,-5.74348743016212,16.6214216426211));
#4586=CARTESIAN_POINT('',(-3.2350948291695,-5.68797589834567,16.55735423084));
#4587=CARTESIAN_POINT('',(-3.49403815834895,-5.74215882955367,16.3790326695879));
#4588=CARTESIAN_POINT('',(-3.6218885556087,-5.85982193089727,16.211199380236));
#4589=CARTESIAN_POINT('',(-3.67691712599045,-5.95653258604351,16.1));
#4590=CARTESIAN_POINT('',(-1.03464531631639,-6.92311411645255,16.1));
#4591=CARTESIAN_POINT('',(-1.0142788711231,-6.81372261086402,16.2112002748127));
#4592=CARTESIAN_POINT('',(-1.03548398331894,-6.64260295492003,16.3778682226796));
#4593=CARTESIAN_POINT('',(-1.19835528078689,-6.43334665311159,16.5569563795095));
#4594=CARTESIAN_POINT('',(-1.41204468349781,-6.32445196155146,16.6214216426211));
#4595=CARTESIAN_POINT('',(-1.65270515541307,-6.33146697402359,16.55735423084));
#4596=CARTESIAN_POINT('',(-1.88880163009666,-6.45082313181535,16.3790326695879));
#4597=CARTESIAN_POINT('',(-1.98184217917761,-6.59756707793914,16.2111993802359));
#4598=CARTESIAN_POINT('',(-2.00996513707692,-6.70522483946179,16.1));
#4599=CARTESIAN_POINT('',(0.79244315267701,-6.95500063621675,16.1));
#4600=CARTESIAN_POINT('',(0.783803023060157,-6.84406533189508,16.2112002748127));
#4601=CARTESIAN_POINT('',(0.71903143159114,-6.6842647237229,16.3778682226797));
#4602=CARTESIAN_POINT('',(0.507550322789896,-6.52429285117765,16.5569563795095));
#4603=CARTESIAN_POINT('',(0.272958189820805,-6.47441554341211,16.6214216426211));
#4604=CARTESIAN_POINT('',(0.0423136434603658,-6.54347903866571,16.55735423084));
#4605=CARTESIAN_POINT('',(-0.15484639214555,-6.71987449813307,16.3790326695879));
#4606=CARTESIAN_POINT('',(-0.206736533384626,-6.88569893161456,16.211199380236));
#4607=CARTESIAN_POINT('',(-0.206037345696043,-6.99696710097872,16.1));
#4608=CARTESIAN_POINT('',(2.5655279303897,-6.51291535630476,16.1));
#4609=CARTESIAN_POINT('',(2.5284700365176,-6.40799631091022,16.2112002748127));
#4610=CARTESIAN_POINT('',(2.42454604269391,-6.27040489787379,16.3778682226796));
#4611=CARTESIAN_POINT('',(2.17886721063512,-6.17061927333968,16.5569563795095));
#4612=CARTESIAN_POINT('',(1.93935941358787,-6.18315840546679,16.6214216426211));
#4613=CARTESIAN_POINT('',(1.73444883745857,-6.30956382043315,16.55735423084));
#4614=CARTESIAN_POINT('',(1.58966137153451,-6.53097752252071,16.3790326695879));
#4615=CARTESIAN_POINT('',(1.58245786551024,-6.70458178225596,16.211199380236));
#4616=CARTESIAN_POINT('',(1.61193155030121,-6.8118776175988,16.1));
#4617=CARTESIAN_POINT('',(4.16377621938169,-5.62698565796213,16.1));
#4618=CARTESIAN_POINT('',(4.10082599548068,-5.53523293105144,16.2112002748127));
#4619=CARTESIAN_POINT('',(3.96483184773887,-5.42922734056863,16.3778682226796));
#4620=CARTESIAN_POINT('',(3.70169789882387,-5.39642818945411,16.5569563795095));
#4621=CARTESIAN_POINT('',(3.47359649826189,-5.47052924034132,16.6214216426211));
#4622=CARTESIAN_POINT('',(3.30838420949621,-5.6456622548853,16.55735423084));
#4623=CARTESIAN_POINT('',(3.22583633978412,-5.89700522169922,16.3790326695879));
#4624=CARTESIAN_POINT('',(3.26381037600586,-6.06655846428189,16.211199380236));
#4625=CARTESIAN_POINT('',(3.32004997498827,-6.16256993173955,16.1));
#4626=CARTESIAN_POINT('',(-0.293952783039069,6.99382525956601,-0.199999999999999));
#4627=CARTESIAN_POINT('',(6.99382525956601,0.293952783039043,-0.199999999999999));
#4628=CARTESIAN_POINT('',(-6.67943586415626,-2.09407176014174,-0.199999999999999));
#4629=CARTESIAN_POINT('',(-6.20380673593294,3.24234205215814,-0.199999999999999));
#4630=CARTESIAN_POINT('',(-5.90985395289393,-3.75148320740797,-0.199999999999999));
#4631=CARTESIAN_POINT('',(-5.15323727370847,4.73752526123731,-0.199999999999999));
#4632=CARTESIAN_POINT('',(-6.83159702137906,1.52619859044779,-0.199999999999999));
#4633=CARTESIAN_POINT('',(-6.99382525956601,-0.293952783039061,-0.199999999999999));
#4634=CARTESIAN_POINT('',(2.09407176014173,-6.67943586415626,-0.199999999999999));
#4635=CARTESIAN_POINT('',(1.52619859044782,6.83159702137905,-0.199999999999999));
#4636=CARTESIAN_POINT('',(0.293952783039052,-6.99382525956601,-0.199999999999999));
#4637=CARTESIAN_POINT('',(-1.5261985904478,-6.83159702137905,-0.199999999999999));
#4638=CARTESIAN_POINT('',(-4.73752526123732,-5.15323727370847,-0.200000000000002));
#4639=CARTESIAN_POINT('',(-3.75148320740797,5.90985395289393,-0.199999999999999));
#4640=CARTESIAN_POINT('',(-3.24234205215805,-6.20380673593299,-0.200000000000002));
#4641=CARTESIAN_POINT('',(-2.09407176014175,6.67943586415626,-0.199999999999999));
#4642=CARTESIAN_POINT('',(5.90985395289395,3.75148320740795,-0.199999999999999));
#4643=CARTESIAN_POINT('',(6.20380673593299,-3.24234205215806,-0.199999999999999));
#4644=CARTESIAN_POINT('',(6.67943586415626,2.09407176014172,-0.199999999999999));
#4645=CARTESIAN_POINT('',(6.83159702137905,-1.5261985904478,-0.199999999999999));
#4646=CARTESIAN_POINT('',(3.24234205215807,6.20380673593298,-0.199999999999999));
#4647=CARTESIAN_POINT('',(3.75148320740796,-5.90985395289394,-0.199999999999999));
#4648=CARTESIAN_POINT('',(4.73752526123733,5.15323727370845,-0.199999999999999));
#4649=CARTESIAN_POINT('',(5.15323727370846,-4.73752526123733,-0.199999999999999));
#4650=CARTESIAN_POINT('',(0.0835431185250146,-2.43801540661501,17.012006046102));
#4651=CARTESIAN_POINT('',(0.203720092765008,-2.41162872314502,16.7));
#4652=CARTESIAN_POINT('',(0.203720092765008,-2.41162872314502,16.7));
#4653=CARTESIAN_POINT('',(0.203720092765008,-2.41162872314502,17.2));
#4654=CARTESIAN_POINT('',(-0.157760620124986,-2.49099731445501,17.2));
#4655=CARTESIAN_POINT('',(-0.157760620124986,-2.49099731445501,17.2));
#4656=CARTESIAN_POINT('',(0.203720092765008,-2.41162872314502,17.2));
#4657=CARTESIAN_POINT('',(-0.0311354533149844,-2.46314478961501,16.891512473164));
#4658=CARTESIAN_POINT('',(-0.131240844734981,-2.48500061035502,16.7));
#4659=CARTESIAN_POINT('',(-0.131240844734981,-2.48500061035502,16.7));
#4660=CARTESIAN_POINT('',(-0.157760620124986,-2.49099731445501,17.2));
#4661=CARTESIAN_POINT('',(-0.352954400995004,-2.491792199625,16.870305635169));
#4662=CARTESIAN_POINT('',(-0.716186523444989,-2.49806213378501,16.7));
#4663=CARTESIAN_POINT('',(-0.716186523444989,-2.49806213378501,16.7));
#4664=CARTESIAN_POINT('',(-0.157760620124986,-2.49099731445501,17.2));
#4665=CARTESIAN_POINT('',(-0.53883016697498,-2.492241908885,17.03507617435));
#4666=CARTESIAN_POINT('',(-0.806594848634989,-2.48741912841502,17.2));
#4667=CARTESIAN_POINT('',(-0.806594848634989,-2.48741912841502,17.2));
#4668=CARTESIAN_POINT('',(-0.157760620124986,-2.49099731445501,17.2));
#4669=CARTESIAN_POINT('',(-0.977743618484989,-2.44059193252501,16.864925243072));
#4670=CARTESIAN_POINT('',(-1.34809875488498,-2.35092163085501,16.7));
#4671=CARTESIAN_POINT('',(-1.34809875488498,-2.35092163085501,16.7));
#4672=CARTESIAN_POINT('',(-0.806594848634989,-2.48741912841502,17.2));
#4673=CARTESIAN_POINT('',(-1.15843639680499,-2.39700276143502,17.029693710958));
#4674=CARTESIAN_POINT('',(-1.37251281738499,-2.33892822265501,17.2));
#4675=CARTESIAN_POINT('',(-1.37251281738499,-2.33892822265501,17.2));
#4676=CARTESIAN_POINT('',(-0.806594848634989,-2.48741912841502,17.2));
#4677=CARTESIAN_POINT('',(-1.50584292797501,-2.27195984343502,17.019034058925));
#4678=CARTESIAN_POINT('',(-1.780441284185,-2.13431549072501,17.2));
#4679=CARTESIAN_POINT('',(-1.780441284185,-2.13431549072501,17.2));
#4680=CARTESIAN_POINT('',(-1.37251281738499,-2.33892822265501,17.2));
#4681=CARTESIAN_POINT('',(-1.63569852238499,-2.20581677468502,16.874684612043));
#4682=CARTESIAN_POINT('',(-1.80799865723499,-2.11708831787502,16.7));
#4683=CARTESIAN_POINT('',(-1.80799865723499,-2.11708831787502,16.7));
#4684=CARTESIAN_POINT('',(-1.780441284185,-2.13431549072501,17.2));
#4685=CARTESIAN_POINT('',(-1.93572814569501,-2.018372439455,17.025313937814));
#4686=CARTESIAN_POINT('',(-2.19224548340499,-1.82353973388501,17.2));
#4687=CARTESIAN_POINT('',(-2.19224548340499,-1.82353973388501,17.2));
#4688=CARTESIAN_POINT('',(-1.780441284185,-2.13431549072501,17.2));
#4689=CARTESIAN_POINT('',(-2.06453713120497,-1.91943964471501,16.874050795462));
#4690=CARTESIAN_POINT('',(-2.22038269043498,-1.79645538330502,16.7));
#4691=CARTESIAN_POINT('',(-2.22038269043498,-1.79645538330502,16.7));
#4692=CARTESIAN_POINT('',(-2.19224548340499,-1.82353973388501,17.2));
#4693=CARTESIAN_POINT('',(-2.35333908218496,-1.62793183989501,17.033647601227));
#4694=CARTESIAN_POINT('',(-2.60157775879499,-1.32015228271501,17.2));
#4695=CARTESIAN_POINT('',(-2.60157775879499,-1.32015228271501,17.2));
#4696=CARTESIAN_POINT('',(-2.19224548340499,-1.82353973388501,17.2));
#4697=CARTESIAN_POINT('',(-2.44899465836498,-1.51317718003502,16.878874144099));
#4698=CARTESIAN_POINT('',(-2.54685974121499,-1.39691925048502,16.7));
#4699=CARTESIAN_POINT('',(-2.54685974121499,-1.39691925048502,16.7));
#4700=CARTESIAN_POINT('',(-2.60157775879499,-1.32015228271501,17.2));
#4701=CARTESIAN_POINT('',(-2.65242561885498,-1.209710885195,16.872722414504));
#4702=CARTESIAN_POINT('',(-2.794845581055,-0.937110900875018,16.7));
#4703=CARTESIAN_POINT('',(-2.794845581055,-0.937110900875018,16.7));
#4704=CARTESIAN_POINT('',(-2.60157775879499,-1.32015228271501,17.2));
#4705=CARTESIAN_POINT('',(-2.73621442293501,-1.04363696537502,17.027274255165));
#4706=CARTESIAN_POINT('',(-2.82405090332499,-0.84751129150501,17.2));
#4707=CARTESIAN_POINT('',(-2.82405090332499,-0.84751129150501,17.2));
#4708=CARTESIAN_POINT('',(-2.60157775879499,-1.32015228271501,17.2));
#4709=CARTESIAN_POINT('',(-2.853738146435,-0.727167452455005,17.016435340314));
#4710=CARTESIAN_POINT('',(-2.939346313485,-0.41029357910502,17.2));
#4711=CARTESIAN_POINT('',(-2.939346313485,-0.41029357910502,17.2));
#4712=CARTESIAN_POINT('',(-2.82405090332499,-0.84751129150501,17.2));
#4713=CARTESIAN_POINT('',(-2.88565905640498,-0.607166185785019,16.876605313857));
#4714=CARTESIAN_POINT('',(-2.93232727051498,-0.439826965335011,16.7));
#4715=CARTESIAN_POINT('',(-2.93232727051498,-0.439826965335011,16.7));
#4716=CARTESIAN_POINT('',(-2.939346313485,-0.41029357910502,17.2));
#4717=CARTESIAN_POINT('',(-2.94755158274498,-0.299584190495014,16.885369230697));
#4718=CARTESIAN_POINT('',(-2.970153808595,-0.0523529052750132,16.7));
#4719=CARTESIAN_POINT('',(-2.970153808595,-0.0523529052750132,16.7));
#4720=CARTESIAN_POINT('',(-2.939346313485,-0.41029357910502,17.2));
#4721=CARTESIAN_POINT('',(-2.95971183289501,-0.143959259395018,17.022137072584));
#4722=CARTESIAN_POINT('',(-2.970153808595,0.0449676513649827,17.2));
#4723=CARTESIAN_POINT('',(-2.970153808595,0.0449676513649827,17.2));
#4724=CARTESIAN_POINT('',(-2.939346313485,-0.41029357910502,17.2));
#4725=CARTESIAN_POINT('',(-2.95971183289501,0.136574005484988,16.877862927416));
#4726=CARTESIAN_POINT('',(-2.939346313485,0.402908325194989,16.7));
#4727=CARTESIAN_POINT('',(-2.939346313485,0.402908325194989,16.7));
#4728=CARTESIAN_POINT('',(-2.970153808595,0.0449676513649827,17.2));
#4729=CARTESIAN_POINT('',(-2.94755158274498,0.292198936584984,17.014630769303));
#4730=CARTESIAN_POINT('',(-2.93232727051498,0.43244171142498,17.2));
#4731=CARTESIAN_POINT('',(-2.93232727051498,0.43244171142498,17.2));
#4732=CARTESIAN_POINT('',(-2.970153808595,0.0449676513649827,17.2));
#4733=CARTESIAN_POINT('',(-2.88565905640498,0.599780931874988,17.023394686143));
#4734=CARTESIAN_POINT('',(-2.794845581055,0.92972564697498,17.2));
#4735=CARTESIAN_POINT('',(-2.794845581055,0.92972564697498,17.2));
#4736=CARTESIAN_POINT('',(-2.93232727051498,0.43244171142498,17.2));
#4737=CARTESIAN_POINT('',(-2.853738146435,0.71978219855498,16.883564659686));
#4738=CARTESIAN_POINT('',(-2.82405090332499,0.840126037594979,16.7));
#4739=CARTESIAN_POINT('',(-2.82405090332499,0.840126037594979,16.7));
#4740=CARTESIAN_POINT('',(-2.794845581055,0.92972564697498,17.2));
#4741=CARTESIAN_POINT('',(-2.73621442293501,1.03625171147499,16.872725744835));
#4742=CARTESIAN_POINT('',(-2.60157775879499,1.31276702880498,16.7));
#4743=CARTESIAN_POINT('',(-2.60157775879499,1.31276702880498,16.7));
#4744=CARTESIAN_POINT('',(-2.794845581055,0.92972564697498,17.2));
#4745=CARTESIAN_POINT('',(-2.65242561885498,1.20232563128499,17.027277585496));
#4746=CARTESIAN_POINT('',(-2.54685974121499,1.38953399658499,17.2));
#4747=CARTESIAN_POINT('',(-2.54685974121499,1.38953399658499,17.2));
#4748=CARTESIAN_POINT('',(-2.794845581055,0.92972564697498,17.2));
#4749=CARTESIAN_POINT('',(-2.48539616570498,1.46453980013499,17.011078099578));
#4750=CARTESIAN_POINT('',(-2.30554199219499,1.69511413574498,17.2));
#4751=CARTESIAN_POINT('',(-2.30554199219499,1.69511413574498,17.2));
#4752=CARTESIAN_POINT('',(-2.54685974121499,1.38953399658499,17.2));
#4753=CARTESIAN_POINT('',(-2.37629962800498,1.59578266282499,16.863314483406));
#4754=CARTESIAN_POINT('',(-2.19224548340499,1.81615447998498,16.7));
#4755=CARTESIAN_POINT('',(-2.19224548340499,1.81615447998498,16.7));
#4756=CARTESIAN_POINT('',(-2.30554199219499,1.69511413574498,17.2));
#4757=CARTESIAN_POINT('',(-2.15481655066499,1.83864919470499,17.022656987026));
#4758=CARTESIAN_POINT('',(-1.97123718262499,1.99936676025499,17.2));
#4759=CARTESIAN_POINT('',(-1.97123718262499,1.99936676025499,17.2));
#4760=CARTESIAN_POINT('',(-2.30554199219499,1.69511413574498,17.2));
#4761=CARTESIAN_POINT('',(-1.98281664417499,1.97983674839498,16.871480547209));
#4762=CARTESIAN_POINT('',(-1.780441284185,2.12693023681498,16.7));
#4763=CARTESIAN_POINT('',(-1.780441284185,2.12693023681498,16.7));
#4764=CARTESIAN_POINT('',(-1.97123718262499,1.99936676025499,17.2));
#4765=CARTESIAN_POINT('',(-1.777955807685,2.12128389287498,17.023330662761));
#4766=CARTESIAN_POINT('',(-1.58177185059499,2.23714447021499,17.2));
#4767=CARTESIAN_POINT('',(-1.58177185059499,2.23714447021499,17.2));
#4768=CARTESIAN_POINT('',(-1.97123718262499,1.99936676025499,17.2));
#4769=CARTESIAN_POINT('',(-1.57828323614501,2.23206308681499,16.876664118184));
#4770=CARTESIAN_POINT('',(-1.37251281738499,2.33154296875498,16.7));
#4771=CARTESIAN_POINT('',(-1.37251281738499,2.33154296875498,16.7));
#4772=CARTESIAN_POINT('',(-1.58177185059499,2.23714447021499,17.2));
#4773=CARTESIAN_POINT('',(-1.37199434548499,2.323976892325,17.022929165054));
#4774=CARTESIAN_POINT('',(-1.16108703613499,2.40273284912498,17.2));
#4775=CARTESIAN_POINT('',(-1.16108703613499,2.40273284912498,17.2));
#4776=CARTESIAN_POINT('',(-1.58177185059499,2.23714447021499,17.2));
#4777=CARTESIAN_POINT('',(-1.180105767115,2.39121469301498,16.884280067218));
#4778=CARTESIAN_POINT('',(-1.00538635254499,2.43875885009498,16.7));
#4779=CARTESIAN_POINT('',(-1.00538635254499,2.43875885009498,16.7));
#4780=CARTESIAN_POINT('',(-1.16108703613499,2.40273284912498,17.2));
#4781=CARTESIAN_POINT('',(-0.932877073454963,2.446256102385,17.028180612805));
#4782=CARTESIAN_POINT('',(-0.650070190434976,2.49382781982499,17.2));
#4783=CARTESIAN_POINT('',(-0.650070190434976,2.49382781982499,17.2));
#4784=CARTESIAN_POINT('',(-1.16108703613499,2.40273284912498,17.2));
#4785=CARTESIAN_POINT('',(-0.757976814724975,2.47612707984499,16.884544084562));
#4786=CARTESIAN_POINT('',(-0.613311767585001,2.49623107910499,16.7));
#4787=CARTESIAN_POINT('',(-0.613311767585001,2.49623107910499,16.7));
#4788=CARTESIAN_POINT('',(-0.650070190434976,2.49382781982499,17.2));
#4789=CARTESIAN_POINT('',(-0.453664236514995,2.48892628456499,17.025657802209));
#4790=CARTESIAN_POINT('',(-0.131240844734981,2.47760772705499,17.2));
#4791=CARTESIAN_POINT('',(-0.131240844734981,2.47760772705499,17.2));
#4792=CARTESIAN_POINT('',(-0.650070190434976,2.49382781982499,17.2));
#4793=CARTESIAN_POINT('',(-0.290978852844986,2.48264304875499,16.874343226473));
#4794=CARTESIAN_POINT('',(-0.0947875976649859,2.47238159179498,16.7));
#4795=CARTESIAN_POINT('',(-0.0947875976649859,2.47238159179498,16.7));
#4796=CARTESIAN_POINT('',(-0.131240844734981,2.47760772705499,17.2));
#4797=CARTESIAN_POINT('',(-0.00859798641497656,2.45179452854499,17.009924396067));
#4798=CARTESIAN_POINT('',(0.203720092765008,2.40424346923498,17.2));
#4799=CARTESIAN_POINT('',(0.203720092765008,2.40424346923498,17.2));
#4800=CARTESIAN_POINT('',(-0.131240844734981,2.47760772705499,17.2));
#4801=CARTESIAN_POINT('',(0.108058781084996,2.42607936287499,16.895029007276));
#4802=CARTESIAN_POINT('',(0.203720092765008,2.40424346923498,16.7));
#4803=CARTESIAN_POINT('',(0.203720092765008,2.40424346923498,16.7));
#4804=CARTESIAN_POINT('',(0.203720092765008,2.40424346923498,17.2));
#4805=CARTESIAN_POINT('',(0.203720092765008,-1.418682625585,17.061023476414));
#4806=CARTESIAN_POINT('',(0.203720092765008,-0.20368957519501,17.2));
#4807=CARTESIAN_POINT('',(0.203720092765008,-0.20368957519501,17.2));
#4808=CARTESIAN_POINT('',(0.203720092765008,-0.20368957519501,16.7));
#4809=CARTESIAN_POINT('',(0.203720092765008,-0.20368957519501,16.7));
#4810=CARTESIAN_POINT('',(0.203720092765008,-2.41162872314502,16.7));
#4811=CARTESIAN_POINT('',(0.203720092765008,1.18925041884499,17.061023476414));
#4812=CARTESIAN_POINT('',(0.203720092765008,0.196304321284979,17.2));
#4813=CARTESIAN_POINT('',(0.203720092765008,0.196304321284979,17.2));
#4814=CARTESIAN_POINT('',(0.203720092765008,0.196304321284979,16.7));
#4815=CARTESIAN_POINT('',(0.203720092765008,2.40424346923498,17.2));
#4816=CARTESIAN_POINT('',(0.203720092765008,0.196304321284979,16.7));
#4817=CARTESIAN_POINT('',(1.66724973641499,0.196304321284979,17.063523540132));
#4818=CARTESIAN_POINT('',(2.90373229980501,0.196304321284979,17.2));
#4819=CARTESIAN_POINT('',(2.90373229980501,0.196304321284979,17.2));
#4820=CARTESIAN_POINT('',(2.90373229980501,0.196304321284979,16.7));
#4821=CARTESIAN_POINT('',(0.203720092765008,0.196304321284979,17.2));
#4822=CARTESIAN_POINT('',(2.90373229980501,0.196304321284979,16.7));
#4823=CARTESIAN_POINT('',(4.13732314275503,-1.43834321395502,16.834289877737));
#4824=CARTESIAN_POINT('',(2.90373229980501,-0.20368957519501,16.7));
#4825=CARTESIAN_POINT('',(2.90373229980501,-0.20368957519501,16.7));
#4826=CARTESIAN_POINT('',(5.21156311034412,-2.51548767089556,16.7));
#4827=CARTESIAN_POINT('',(5.20372009276501,-2.50369262695502,17.2));
#4828=CARTESIAN_POINT('',(5.20372009276501,-2.50369262695502,17.2));
#4829=CARTESIAN_POINT('',(5.21156311034501,-2.51548767089502,16.7));
#4830=CARTESIAN_POINT('',(3.97209194662501,-1.27205630983501,17.06544864598));
#4831=CARTESIAN_POINT('',(2.90373229980501,-0.20368957519501,17.2));
#4832=CARTESIAN_POINT('',(2.90373229980501,-0.20368957519501,17.2));
#4833=CARTESIAN_POINT('',(5.20372009276501,-2.50369262695502,17.2));
#4834=CARTESIAN_POINT('',(1.44020265615502,-0.20368957519501,17.063523540132));
#4835=CARTESIAN_POINT('',(2.90373229980501,-0.20368957519501,17.2));
#4836=CARTESIAN_POINT('',(0.203720092765008,-0.20368957519501,16.7));
#4837=CARTESIAN_POINT('',(4.13536044594501,1.42794063841498,17.06544864598));
#4838=CARTESIAN_POINT('',(5.20372009276501,2.49630737304499,17.2));
#4839=CARTESIAN_POINT('',(5.20372009276501,2.49630737304499,17.2));
#4840=CARTESIAN_POINT('',(5.20372009276501,2.49630737304499,16.7));
#4841=CARTESIAN_POINT('',(2.90373229980501,0.196304321284979,17.2));
#4842=CARTESIAN_POINT('',(5.20372009276501,2.49630737304499,16.7));
#4843=CARTESIAN_POINT('',(2.83564323503502,2.49630737304499,17.068076857733));
#4844=CARTESIAN_POINT('',(0.703720092765009,2.49630737304499,17.2));
#4845=CARTESIAN_POINT('',(0.703720092765009,2.49630737304499,17.2));
#4846=CARTESIAN_POINT('',(0.703720092765009,2.49630737304499,16.7));
#4847=CARTESIAN_POINT('',(5.20372009276501,2.49630737304499,17.2));
#4848=CARTESIAN_POINT('',(0.703720092765009,2.49630737304499,16.7));
#4849=CARTESIAN_POINT('',(0.703720092765009,3.56472835596498,16.838092613775));
#4850=CARTESIAN_POINT('',(0.703720092765009,4.85696411132498,16.7));
#4851=CARTESIAN_POINT('',(0.70372009276645,4.85696411133279,16.7));
#4852=CARTESIAN_POINT('',(0.703720092765009,2.49630737304499,17.2));
#4853=CARTESIAN_POINT('',(0.703492270525019,3.78995495907498,17.062053585739));
#4854=CARTESIAN_POINT('',(0.702880859375005,4.86257934570498,17.2));
#4855=CARTESIAN_POINT('',(0.702880859375005,4.86257934570498,17.2));
#4856=CARTESIAN_POINT('',(0.703720092765009,2.49630737304499,17.2));
#4857=CARTESIAN_POINT('',(0.466988011795011,4.90251471226499,16.867689024521));
#4858=CARTESIAN_POINT('',(0.0689239501950045,4.97419738769499,16.7));
#4859=CARTESIAN_POINT('',(0.068923950195128,4.97419738769985,16.7));
#4860=CARTESIAN_POINT('',(0.702880859375005,4.86257934570498,17.2));
#4861=CARTESIAN_POINT('',(0.298996385385025,4.93163994670499,17.034034070242));
#4862=CARTESIAN_POINT('',(0.0456695556550202,4.97132873535498,17.2));
#4863=CARTESIAN_POINT('',(0.0456695556550202,4.97132873535498,17.2));
#4864=CARTESIAN_POINT('',(0.702880859375005,4.86257934570498,17.2));
#4865=CARTESIAN_POINT('',(-0.130318602305002,4.98180743035499,17.023662357316));
#4866=CARTESIAN_POINT('',(-0.47000122070498,4.99783325195499,17.2));
#4867=CARTESIAN_POINT('',(-0.47000122070498,4.99783325195499,17.2));
#4868=CARTESIAN_POINT('',(0.0456695556550202,4.97132873535498,17.2));
#4869=CARTESIAN_POINT('',(-0.340430825074983,4.98771283772498,16.857447710674));
#4870=CARTESIAN_POINT('',(-0.682586669924989,4.99324035644498,16.7));
#4871=CARTESIAN_POINT('',(-0.682586669924712,4.99324035644227,16.7));
#4872=CARTESIAN_POINT('',(-0.47000122070498,4.99783325195499,17.2));
#4873=CARTESIAN_POINT('',(-0.770666611454973,4.98204432773498,17.037746787552));
#4874=CARTESIAN_POINT('',(-1.12370300293499,4.95748901367499,17.2));
#4875=CARTESIAN_POINT('',(-1.12370300293499,4.95748901367499,17.2));
#4876=CARTESIAN_POINT('',(-0.47000122070498,4.99783325195499,17.2));
#4877=CARTESIAN_POINT('',(-1.028433625995,4.96089565929499,16.863588242797));
#4878=CARTESIAN_POINT('',(-1.31523132324499,4.92842102050499,16.7));
#4879=CARTESIAN_POINT('',(-1.31523132324587,4.92842102050862,16.7));
#4880=CARTESIAN_POINT('',(-1.12370300293499,4.95748901367499,17.2));
#4881=CARTESIAN_POINT('',(-1.40721956864498,4.90339070984498,17.036411924535));
#4882=CARTESIAN_POINT('',(-1.74708557129499,4.83163452148498,17.2));
#4883=CARTESIAN_POINT('',(-1.74708557129499,4.83163452148498,17.2));
#4884=CARTESIAN_POINT('',(-1.12370300293499,4.95748901367499,17.2));
#4885=CARTESIAN_POINT('',(-1.65965234788498,4.84708431776498,16.862252408006));
#4886=CARTESIAN_POINT('',(-1.95146179199499,4.77291870117498,16.7));
#4887=CARTESIAN_POINT('',(-1.95146179199523,4.77291870117564,16.7));
#4888=CARTESIAN_POINT('',(-1.74708557129499,4.83163452148498,17.2));
#4889=CARTESIAN_POINT('',(-2.03373162312498,4.73960804451499,17.037743471164));
#4890=CARTESIAN_POINT('',(-2.36875915527499,4.62573242187499,17.2));
#4891=CARTESIAN_POINT('',(-2.36875915527499,4.62573242187499,17.2));
#4892=CARTESIAN_POINT('',(-1.74708557129499,4.83163452148498,17.2));
#4893=CARTESIAN_POINT('',(-2.24286548953501,4.66788529538499,16.873598322475));
#4894=CARTESIAN_POINT('',(-2.43598937988498,4.59457397460498,16.7));
#4895=CARTESIAN_POINT('',(-2.43598937988673,4.59457397460854,16.7));
#4896=CARTESIAN_POINT('',(-2.36875915527499,4.62573242187499,17.2));
#4897=CARTESIAN_POINT('',(-2.57855616063499,4.52401057087499,16.878110690603));
#4898=CARTESIAN_POINT('',(-2.89952087402498,4.36724853515498,16.7));
#4899=CARTESIAN_POINT('',(-2.89952087402685,4.36724853515791,16.7));
#4900=CARTESIAN_POINT('',(-2.36875915527499,4.62573242187499,17.2));
#4901=CARTESIAN_POINT('',(-2.68434751289498,4.47301853956499,17.018424042395));
#4902=CARTESIAN_POINT('',(-2.80540466309498,4.41656494140498,17.2));
#4903=CARTESIAN_POINT('',(-2.80540466309498,4.41656494140498,17.2));
#4904=CARTESIAN_POINT('',(-2.36875915527499,4.62573242187499,17.2));
#4905=CARTESIAN_POINT('',(-3.00386986104498,4.30149836684499,17.029403827651));
#4906=CARTESIAN_POINT('',(-3.27790832519498,4.13752746582499,17.2));
#4907=CARTESIAN_POINT('',(-3.27790832519498,4.13752746582499,17.2));
#4908=CARTESIAN_POINT('',(-2.80540466309498,4.41656494140498,17.2));
#4909=CARTESIAN_POINT('',(-3.19421133699499,4.183309031095,16.863588656114));
#4910=CARTESIAN_POINT('',(-3.43601989746498,4.02574157714498,16.7));
#4911=CARTESIAN_POINT('',(-3.43601989746498,4.02574157714499,16.7));
#4912=CARTESIAN_POINT('',(-3.27790832519498,4.13752746582499,17.2));
#4913=CARTESIAN_POINT('',(-3.50708872602498,3.962092518965,17.03641186614));
#4914=CARTESIAN_POINT('',(-3.77876281738498,3.74559020996498,17.2));
#4915=CARTESIAN_POINT('',(-3.77876281738498,3.74559020996498,17.2));
#4916=CARTESIAN_POINT('',(-3.27790832519498,4.13752746582499,17.2));
#4917=CARTESIAN_POINT('',(-3.70746154326498,3.79865111866499,16.86225601924));
#4918=CARTESIAN_POINT('',(-3.935043334965,3.60159301757498,16.7));
#4919=CARTESIAN_POINT('',(-3.93504333496817,3.60159301757791,16.7));
#4920=CARTESIAN_POINT('',(-3.77876281738498,3.74559020996498,17.2));
#4921=CARTESIAN_POINT('',(-3.955896028385,3.57523044200499,17.028479694104));
#4922=CARTESIAN_POINT('',(-4.147659301765,3.38433837890499,17.2));
#4923=CARTESIAN_POINT('',(-4.147659301765,3.38433837890499,17.2));
#4924=CARTESIAN_POINT('',(-3.77876281738498,3.74559020996498,17.2));
#4925=CARTESIAN_POINT('',(-4.15067226655499,3.37234753510499,16.862710815447));
#4926=CARTESIAN_POINT('',(-4.366546630865,3.13441467285498,16.7));
#4927=CARTESIAN_POINT('',(-4.36654663086069,3.13441467285198,16.7));
#4928=CARTESIAN_POINT('',(-4.147659301765,3.38433837890499,17.2));
#4929=CARTESIAN_POINT('',(-4.32768785138499,3.17212901689498,17.028246350718));
#4930=CARTESIAN_POINT('',(-4.477310180665,2.98702239990499,17.2));
#4931=CARTESIAN_POINT('',(-4.477310180665,2.98702239990499,17.2));
#4932=CARTESIAN_POINT('',(-4.147659301765,3.38433837890499,17.2));
#4933=CARTESIAN_POINT('',(-4.536487621985,2.89409755577499,16.862653498229));
#4934=CARTESIAN_POINT('',(-4.74073791504498,2.59686279296499,16.7));
#4935=CARTESIAN_POINT('',(-4.74073791504772,2.59686279296645,16.7));
#4936=CARTESIAN_POINT('',(-4.477310180665,2.98702239990499,17.2));
#4937=CARTESIAN_POINT('',(-4.65483784222498,2.72283443330498,17.025700935745));
#4938=CARTESIAN_POINT('',(-4.764282226565,2.55779266357499,17.2));
#4939=CARTESIAN_POINT('',(-4.764282226565,2.55779266357499,17.2));
#4940=CARTESIAN_POINT('',(-4.477310180665,2.98702239990499,17.2));
#4941=CARTESIAN_POINT('',(-4.85841651101499,2.37669807354499,16.866837535948));
#4942=CARTESIAN_POINT('',(-5.038619995125,2.03504943847499,16.7));
#4943=CARTESIAN_POINT('',(-5.03861999512671,2.03504943847561,16.7));
#4944=CARTESIAN_POINT('',(-4.764282226565,2.55779266357499,17.2));
#4945=CARTESIAN_POINT('',(-4.945020422155,2.21047544164499,17.034712596255));
#4946=CARTESIAN_POINT('',(-5.06459045410498,1.97580718994499,17.2));
#4947=CARTESIAN_POINT('',(-5.06459045410498,1.97580718994499,17.2));
#4948=CARTESIAN_POINT('',(-4.764282226565,2.55779266357499,17.2));
#4949=CARTESIAN_POINT('',(-5.13019517897498,1.78803508076499,16.865279349072));
#4950=CARTESIAN_POINT('',(-5.26316833496498,1.41968536376498,16.7));
#4951=CARTESIAN_POINT('',(-5.26316833496837,1.4196853637658,16.7));
#4952=CARTESIAN_POINT('',(-5.06459045410498,1.97580718994499,17.2));
#4953=CARTESIAN_POINT('',(-5.19375935538499,1.61169299658499,17.033170733137));
#4954=CARTESIAN_POINT('',(-5.275955200195,1.37590026855498,17.2));
#4955=CARTESIAN_POINT('',(-5.275955200195,1.37590026855498,17.2));
#4956=CARTESIAN_POINT('',(-5.06459045410498,1.97580718994499,17.2));
#4957=CARTESIAN_POINT('',(-5.310376499535,1.22737969408498,16.874301924613));
#4958=CARTESIAN_POINT('',(-5.38435363769499,0.917823791504985,16.7));
#4959=CARTESIAN_POINT('',(-5.3843536376959,0.917823791505108,16.7));
#4960=CARTESIAN_POINT('',(-5.275955200195,1.37590026855498,17.2));
#4961=CARTESIAN_POINT('',(-5.35613075244501,1.02428407611498,17.037347601222));
#4962=CARTESIAN_POINT('',(-5.41770935059499,0.736450195314986,17.2));
#4963=CARTESIAN_POINT('',(-5.41770935059499,0.736450195314986,17.2));
#4964=CARTESIAN_POINT('',(-5.275955200195,1.37590026855498,17.2));
#4965=CARTESIAN_POINT('',(-5.419103025395,0.682355811284993,16.871755028377));
#4966=CARTESIAN_POINT('',(-5.453170776375,0.406188964844983,16.7));
#4967=CARTESIAN_POINT('',(-5.45317077637229,0.406188964844901,16.7));
#4968=CARTESIAN_POINT('',(-5.41770935059499,0.736450195314986,17.2));
#4969=CARTESIAN_POINT('',(-5.446394852925,0.41647703935499,17.037289722779));
#4970=CARTESIAN_POINT('',(-5.46885681152498,0.102539062504986,17.2));
#4971=CARTESIAN_POINT('',(-5.46885681152498,0.102539062504986,17.2));
#4972=CARTESIAN_POINT('',(-5.41770935059499,0.736450195314986,17.2));
#4973=CARTESIAN_POINT('',(-5.46360428153497,0.135780871724986,16.871518134596));
#4974=CARTESIAN_POINT('',(-5.46885681152498,-0.109924316405011,16.7));
#4975=CARTESIAN_POINT('',(-5.46885681152864,-0.109924316405306,16.7));
#4976=CARTESIAN_POINT('',(-5.46885681152498,0.102539062504986,17.2));
#4977=CARTESIAN_POINT('',(-5.46360428153497,-0.143166125635003,17.028481865404));
#4978=CARTESIAN_POINT('',(-5.453170776375,-0.413574218745008,17.2));
#4979=CARTESIAN_POINT('',(-5.453170776375,-0.413574218745008,17.2));
#4980=CARTESIAN_POINT('',(-5.46885681152498,0.102539062504986,17.2));
#4981=CARTESIAN_POINT('',(-5.446394852925,-0.423862293255015,16.862710277221));
#4982=CARTESIAN_POINT('',(-5.41770935059499,-0.743835449215011,16.7));
#4983=CARTESIAN_POINT('',(-5.41770935059165,-0.743835449214269,16.7));
#4984=CARTESIAN_POINT('',(-5.453170776375,-0.413574218745008,17.2));
#4985=CARTESIAN_POINT('',(-5.419103025395,-0.68974106519501,17.028244971623));
#4986=CARTESIAN_POINT('',(-5.38435363769499,-0.925209045415015,17.2));
#4987=CARTESIAN_POINT('',(-5.38435363769499,-0.925209045415015,17.2));
#4988=CARTESIAN_POINT('',(-5.453170776375,-0.413574218745008,17.2));
#4989=CARTESIAN_POINT('',(-5.35613075244501,-1.031669330015,16.862652398778));
#4990=CARTESIAN_POINT('',(-5.275955200195,-1.38328552246501,16.7));
#4991=CARTESIAN_POINT('',(-5.27595520019892,-1.3832855224664,16.7));
#4992=CARTESIAN_POINT('',(-5.38435363769499,-0.925209045415015,17.2));
#4993=CARTESIAN_POINT('',(-5.310376499535,-1.23476494799502,17.025698075387));
#4994=CARTESIAN_POINT('',(-5.26316833496498,-1.42707061767501,17.2));
#4995=CARTESIAN_POINT('',(-5.26316833496498,-1.42707061767501,17.2));
#4996=CARTESIAN_POINT('',(-5.38435363769499,-0.925209045415015,17.2));
#4997=CARTESIAN_POINT('',(-5.19375935538499,-1.61907825049501,16.866829266863));
#4998=CARTESIAN_POINT('',(-5.06459045410498,-1.98319244384501,16.7));
#4999=CARTESIAN_POINT('',(-5.06459045410206,-1.9831924438435,16.7));
#5000=CARTESIAN_POINT('',(-5.26316833496498,-1.42707061767501,17.2));
#5001=CARTESIAN_POINT('',(-5.13019513866497,-1.79541817110501,17.034720077391));
#5002=CARTESIAN_POINT('',(-5.038619995125,-2.04242706298502,17.2));
#5003=CARTESIAN_POINT('',(-5.038619995125,-2.04242706298502,17.2));
#5004=CARTESIAN_POINT('',(-5.26316833496498,-1.42707061767501,17.2));
#5005=CARTESIAN_POINT('',(-4.94502025650498,-2.21785849780501,16.865287590408));
#5006=CARTESIAN_POINT('',(-4.764282226565,-2.56517791748502,16.7));
#5007=CARTESIAN_POINT('',(-4.76428222656278,-2.56517791748354,16.7));
#5008=CARTESIAN_POINT('',(-5.038619995125,-2.04242706298502,17.2));
#5009=CARTESIAN_POINT('',(-4.85841673729498,-2.38408008399502,17.033162828067));
#5010=CARTESIAN_POINT('',(-4.74073791504498,-2.60424804687502,17.2));
#5011=CARTESIAN_POINT('',(-4.74073791504498,-2.60424804687502,17.2));
#5012=CARTESIAN_POINT('',(-5.038619995125,-2.04242706298502,17.2));
#5013=CARTESIAN_POINT('',(-4.65483808530498,-2.73021663568501,16.874299520147));
#5014=CARTESIAN_POINT('',(-4.477310180665,-2.99440002441502,16.7));
#5015=CARTESIAN_POINT('',(-4.47731018066637,-2.99440002441616,16.7));
#5016=CARTESIAN_POINT('',(-4.74073791504498,-2.60424804687502,17.2));
#5017=CARTESIAN_POINT('',(-4.53649241707499,-2.90147558257502,17.0373451068));
#5018=CARTESIAN_POINT('',(-4.36656188965498,-3.14178466796501,17.2));
#5019=CARTESIAN_POINT('',(-4.36656188965498,-3.14178466796501,17.2));
#5020=CARTESIAN_POINT('',(-4.74073791504498,-2.60424804687502,17.2));
#5021=CARTESIAN_POINT('',(-4.327692227095,-3.17950763819501,16.871753352655));
#5022=CARTESIAN_POINT('',(-4.147659301765,-3.39172363281502,16.7));
#5023=CARTESIAN_POINT('',(-4.14765930176253,-3.3917236328125,16.7));
#5024=CARTESIAN_POINT('',(-4.36656188965498,-3.14178466796501,17.2));
#5025=CARTESIAN_POINT('',(-4.15067831235499,-3.37972408844502,17.037290174726));
#5026=CARTESIAN_POINT('',(-3.935043334965,-3.60897064208501,17.2));
#5027=CARTESIAN_POINT('',(-3.935043334965,-3.60897064208501,17.2));
#5028=CARTESIAN_POINT('',(-4.36656188965498,-3.14178466796501,17.2));
#5029=CARTESIAN_POINT('',(-3.955895759505,-3.58261334132501,16.87152026723));
#5030=CARTESIAN_POINT('',(-3.77876281738498,-3.75297546386501,16.7));
#5031=CARTESIAN_POINT('',(-3.77876281738667,-3.75297546386716,16.7));
#5032=CARTESIAN_POINT('',(-3.935043334965,-3.60897064208501,17.2));
#5033=CARTESIAN_POINT('',(-3.707461876855,-3.80603093423501,17.037744036171));
#5034=CARTESIAN_POINT('',(-3.43601989746498,-4.03311920166502,17.2));
#5035=CARTESIAN_POINT('',(-3.43601989746498,-4.03311920166502,17.2));
#5036=CARTESIAN_POINT('',(-3.935043334965,-3.60897064208501,17.2));
#5037=CARTESIAN_POINT('',(-3.50708842176498,-3.96947551300501,16.863588058251));
#5038=CARTESIAN_POINT('',(-3.27790832519498,-4.14491271972502,16.7));
#5039=CARTESIAN_POINT('',(-3.27790832519558,-4.14491271972604,16.7));
#5040=CARTESIAN_POINT('',(-3.43601989746498,-4.03311920166502,17.2));
#5041=CARTESIAN_POINT('',(-3.194211209465,-4.19069462721501,17.036411874431));
#5042=CARTESIAN_POINT('',(-2.89952087402498,-4.37464141845502,17.2));
#5043=CARTESIAN_POINT('',(-2.89952087402498,-4.37464141845502,17.2));
#5044=CARTESIAN_POINT('',(-3.43601989746498,-4.03311920166502,17.2));
#5045=CARTESIAN_POINT('',(-3.00387005443498,-4.30888611072501,16.870596259144));
#5046=CARTESIAN_POINT('',(-2.80540466309498,-4.42395019531501,16.7));
#5047=CARTESIAN_POINT('',(-2.80540466309507,-4.42395019531521,16.7));
#5048=CARTESIAN_POINT('',(-2.89952087402498,-4.37464141845502,17.2));
#5049=CARTESIAN_POINT('',(-2.68434726171499,-4.48040939992501,16.881575590806));
#5050=CARTESIAN_POINT('',(-2.36875915527499,-4.63312530517501,16.7));
#5051=CARTESIAN_POINT('',(-2.36875915527452,-4.63312530517362,16.7));
#5052=CARTESIAN_POINT('',(-2.89952087402498,-4.37464141845502,17.2));
#5053=CARTESIAN_POINT('',(-2.57855616063499,-4.53140345417501,17.021889309397));
#5054=CARTESIAN_POINT('',(-2.43598937988498,-4.60196685791502,17.2));
#5055=CARTESIAN_POINT('',(-2.43598937988498,-4.60196685791502,17.2));
#5056=CARTESIAN_POINT('',(-2.89952087402498,-4.37464141845502,17.2));
#5057=CARTESIAN_POINT('',(-2.24285941811497,-4.67527576115501,17.026402522908));
#5058=CARTESIAN_POINT('',(-1.95144653320498,-4.78030395507502,17.2));
#5059=CARTESIAN_POINT('',(-1.95144653320498,-4.78030395507502,17.2));
#5060=CARTESIAN_POINT('',(-2.43598937988498,-4.60196685791502,17.2));
#5061=CARTESIAN_POINT('',(-2.03372773974497,-4.74699565401501,16.862256836908));
#5062=CARTESIAN_POINT('',(-1.74708557129499,-4.83901977539501,16.7));
#5063=CARTESIAN_POINT('',(-1.74708557129359,-4.83901977538808,16.7));
#5064=CARTESIAN_POINT('',(-1.95144653320498,-4.78030395507502,17.2));
#5065=CARTESIAN_POINT('',(-1.71379400119498,-4.84311715923501,17.028484347385));
#5066=CARTESIAN_POINT('',(-1.45104980469499,-4.90774536132502,17.2));
#5067=CARTESIAN_POINT('',(-1.45104980469499,-4.90774536132502,17.2));
#5068=CARTESIAN_POINT('',(-1.95144653320498,-4.78030395507502,17.2));
#5069=CARTESIAN_POINT('',(-1.43918549358499,-4.90409708435502,16.862711211576));
#5070=CARTESIAN_POINT('',(-1.12370300293499,-4.96487426757501,16.7));
#5071=CARTESIAN_POINT('',(-1.12370300293515,-4.96487426757768,16.7));
#5072=CARTESIAN_POINT('',(-1.45104980469499,-4.90774536132502,17.2));
#5073=CARTESIAN_POINT('',(-1.176151445165,-4.95127608998501,17.028250498689));
#5074=CARTESIAN_POINT('',(-0.940231323245,-4.98291778564501,17.2));
#5075=CARTESIAN_POINT('',(-0.940231323245,-4.98291778564501,17.2));
#5076=CARTESIAN_POINT('',(-1.45104980469499,-4.90774536132502,17.2));
#5077=CARTESIAN_POINT('',(-0.830083440714974,-4.98517890372502,16.862654930629));
#5078=CARTESIAN_POINT('',(-0.47000122070498,-5.00521087646501,16.7));
#5079=CARTESIAN_POINT('',(-0.470001220705036,-5.00521087646391,16.7));
#5080=CARTESIAN_POINT('',(-0.940231323245,-4.98291778564501,17.2));
#5081=CARTESIAN_POINT('',(-0.62226255257497,-4.99728945420502,17.025701334872));
#5082=CARTESIAN_POINT('',(-0.424377441414991,-5.00502014160502,17.2));
#5083=CARTESIAN_POINT('',(-0.424377441414991,-5.00502014160502,17.2));
#5084=CARTESIAN_POINT('',(-0.940231323245,-4.98291778564501,17.2));
#5085=CARTESIAN_POINT('',(-0.272191935684979,-4.99579964286501,16.874299174977));
#5086=CARTESIAN_POINT('',(0.0456390380850213,-4.97872161865502,16.7));
#5087=CARTESIAN_POINT('',(0.0456390380844432,-4.97872161865153,16.7));
#5088=CARTESIAN_POINT('',(-0.424377441414991,-5.00502014160502,17.2));
#5089=CARTESIAN_POINT('',(-0.0750832782149824,-4.98307856960502,17.034966432778));
#5090=CARTESIAN_POINT('',(0.196792602535023,-4.96259307861502,17.2));
#5091=CARTESIAN_POINT('',(0.196792602535023,-4.96259307861502,17.2));
#5092=CARTESIAN_POINT('',(-0.424377441414991,-5.00502014160502,17.2));
#5093=CARTESIAN_POINT('',(0.333330888214994,-4.93400808758501,16.862630260121));
#5094=CARTESIAN_POINT('',(0.702880859375005,-4.86997222900501,16.7));
#5095=CARTESIAN_POINT('',(0.702880859373181,-4.86997222900501,16.7));
#5096=CARTESIAN_POINT('',(0.196792602535023,-4.96259307861502,17.2));
#5097=CARTESIAN_POINT('',(0.523060414425014,-4.90127866515502,17.024454018077));
#5098=CARTESIAN_POINT('',(0.703720092765009,-4.86434936523501,17.2));
#5099=CARTESIAN_POINT('',(0.703720092765009,-4.86434936523501,17.2));
#5100=CARTESIAN_POINT('',(0.196792602535023,-4.96259307861502,17.2));
#5101=CARTESIAN_POINT('',(0.703492270244993,-3.79734214176501,16.837946216728));
#5102=CARTESIAN_POINT('',(0.703720092765009,-2.50369262695502,16.7));
#5103=CARTESIAN_POINT('',(0.703720092765016,-2.50369262695213,16.7));
#5104=CARTESIAN_POINT('',(0.703720092765009,-4.86434936523501,17.2));
#5105=CARTESIAN_POINT('',(0.703720092765009,-3.57211360986501,17.061907386225));
#5106=CARTESIAN_POINT('',(0.703720092765009,-2.50369262695502,17.2));
#5107=CARTESIAN_POINT('',(0.703720092765009,-2.50369262695502,17.2));
#5108=CARTESIAN_POINT('',(0.703720092765009,-4.86434936523501,17.2));
#5109=CARTESIAN_POINT('',(2.83955315273501,-2.50928116335501,16.831911146934));
#5110=CARTESIAN_POINT('',(5.21156311034501,-2.51548767089502,16.7));
#5111=CARTESIAN_POINT('',(0.703720092765009,-2.50369262695502,17.2));
#5112=CARTESIAN_POINT('',(3.073815991365,-2.506807045555,17.067977659896));
#5113=CARTESIAN_POINT('',(0.703720092765009,-2.50369262695502,17.2));
#5114=CARTESIAN_POINT('',(1.198699552175,0.945247251154982,17.2));
#5115=CARTESIAN_POINT('',(1.37667655053519E-14,-1.37667655053519E-14,16.7));
#5116=CARTESIAN_POINT('',(0.,0.,16.7000007629395));
#5117=CARTESIAN_POINT('',(0.,0.,0.));
#5118=CARTESIAN_POINT('',(0.,0.,0.));
#5119=CARTESIAN_POINT('',(0.,0.,0.0308074932098389));
#5120=CARTESIAN_POINT('',(-0.00768117073891634,-0.00768117073891634,0.));
#5121=CARTESIAN_POINT('',(0.,0.,0.00860124969482422));
#5122=CARTESIAN_POINT('',(0.,-0.0353601722717285,0.00860124969482422));
#5123=CARTESIAN_POINT('',(-0.00881628111468348,-0.00881628111468348,0.00860124969482422));
#5124=CARTESIAN_POINT('',(0.,0.,0.00860124969482422));
#5125=CARTESIAN_POINT('',(0.0353601722717285,0.,0.00860124969482422));
#5126=CARTESIAN_POINT('',(-0.00881628111468348,-0.00881628111468348,0.00860124969482422));
#5127=CARTESIAN_POINT('',(0.,0.,0.00860124969482422));
#5128=CARTESIAN_POINT('',(0.,0.0353601722717285,0.00860124969482422));
#5129=CARTESIAN_POINT('',(-0.00881628111468348,-0.00881628111468348,0.00860124969482422));
#5130=CARTESIAN_POINT('',(0.,0.,0.));
#5131=CARTESIAN_POINT('',(0.,0.,-0.0308074932098389));
#5132=CARTESIAN_POINT('',(-0.00768117073891634,-0.00768117073891634,0.));
#5133=CARTESIAN_POINT('',(0.,0.,0.00860124969482422));
#5134=CARTESIAN_POINT('',(-0.0353601722717285,0.,0.00860124969482422));
#5135=CARTESIAN_POINT('',(-0.00881628111468348,-0.00881628111468348,0.00860124969482422));
#5136=CARTESIAN_POINT('',(-0.00278333330154419,0.00278333330154419,0.00556666660308838));
#5137=CARTESIAN_POINT('',(0.0270700004895528,-0.0270700004895528,0.0354200003941854));
#5138=CARTESIAN_POINT('',(-0.0156754587136983,-0.0101087921106099,0.00556666660308838));
#5139=CARTESIAN_POINT('',(-0.00225348782539368,0.00183398151397705,0.00717315435409546));
#5140=CARTESIAN_POINT('',(0.0316294156162642,-0.0257413251914564,0.0248679238284427));
#5141=CARTESIAN_POINT('',(-0.0140051541254345,-0.0099176847860638,0.00717315435409546));
#5142=MECHANICAL_DESIGN_GEOMETRIC_PRESENTATION_REPRESENTATION('',(#2704,
#2705,#2706,#2707,#2708,#2709,#2710,#2711,#2712,#2713,#2714,#2715,#2716,
#2717,#2718,#2719,#2720,#2721,#2722,#2723,#2724,#2725,#2726,#2727,#2728,
#2729,#2730,#2731,#2732),#5143);
#5143=(
GEOMETRIC_REPRESENTATION_CONTEXT(3)
GLOBAL_UNCERTAINTY_ASSIGNED_CONTEXT((#5144))
GLOBAL_UNIT_ASSIGNED_CONTEXT((#5147,#5146,#5145))
REPRESENTATION_CONTEXT('Knob_Own2_model1','TOP_LEVEL_ASSEMBLY_PART')
);
#5144=UNCERTAINTY_MEASURE_WITH_UNIT(LENGTH_MEASURE(0.005),#5147,
'DISTANCE_ACCURACY_VALUE','Maximum Tolerance applied to model');
#5145=(
NAMED_UNIT(*)
SI_UNIT($,.STERADIAN.)
SOLID_ANGLE_UNIT()
);
#5146=(
NAMED_UNIT(*)
PLANE_ANGLE_UNIT()
SI_UNIT($,.RADIAN.)
);
#5147=(
LENGTH_UNIT()
NAMED_UNIT(*)
SI_UNIT(.MILLI.,.METRE.)
);
#5148=PRODUCT_DEFINITION_SHAPE('','',#5149);
#5149=PRODUCT_DEFINITION('','',#5151,#5150);
#5150=PRODUCT_DEFINITION_CONTEXT('',#5157,'design');
#5151=PRODUCT_DEFINITION_FORMATION_WITH_SPECIFIED_SOURCE('','',#5153,
 .NOT_KNOWN.);
#5152=PRODUCT_RELATED_PRODUCT_CATEGORY('','',(#5153));
#5153=PRODUCT('Knob_Own2_model1','Knob_Own2_model1','Knob_Own2_model1',
(#5155));
#5154=PRODUCT_CATEGORY('','');
#5155=PRODUCT_CONTEXT('',#5157,'mechanical');
#5156=APPLICATION_PROTOCOL_DEFINITION('international standard',
'ap242_managed_model_based_3d_engineering',2011,#5157);
#5157=APPLICATION_CONTEXT('managed model based 3d engineering');
ENDSEC;
END-ISO-10303-21;
